Watching for file changes with StatReloader
Exception in thread django-main-thread:
Traceback (most recent call last):
  File "/usr/share/nginx/toornoi/.venv/lib/python3.12/site-packages/django/core/servers/basehttp.py", line 48, in get_internal_wsgi_application
    return import_string(app_path)
           ^^^^^^^^^^^^^^^^^^^^^^^
  File "/usr/share/nginx/toornoi/.venv/lib/python3.12/site-packages/django/utils/module_loading.py", line 30, in import_string
    return cached_import(module_path, class_name)
           ^^^^^^^^^^^^^^^^^^^^^^^^^^^^^^^^^^^^^^
  File "/usr/share/nginx/toornoi/.venv/lib/python3.12/site-packages/django/utils/module_loading.py", line 15, in cached_import
    module = import_module(module_path)
             ^^^^^^^^^^^^^^^^^^^^^^^^^^
  File "/usr/lib/python3.12/importlib/__init__.py", line 90, in import_module
    return _bootstrap._gcd_import(name[level:], package, level)
           ^^^^^^^^^^^^^^^^^^^^^^^^^^^^^^^^^^^^^^^^^^^^^^^^^^^^
  File "<frozen importlib._bootstrap>", line 1387, in _gcd_import
  File "<frozen importlib._bootstrap>", line 1360, in _find_and_load
  File "<frozen importlib._bootstrap>", line 1310, in _find_and_load_unlocked
  File "<frozen importlib._bootstrap>", line 488, in _call_with_frames_removed
  File "<frozen importlib._bootstrap>", line 1387, in _gcd_import
  File "<frozen importlib._bootstrap>", line 1360, in _find_and_load
  File "<frozen importlib._bootstrap>", line 1324, in _find_and_load_unlocked
ModuleNotFoundError: No module named 'Toornoi'

The above exception was the direct cause of the following exception:

Traceback (most recent call last):
  File "/usr/lib/python3.12/threading.py", line 1073, in _bootstrap_inner
    self.run()
  File "/usr/lib/python3.12/threading.py", line 1010, in run
    self._target(*self._args, **self._kwargs)
  File "/usr/share/nginx/toornoi/.venv/lib/python3.12/site-packages/django/utils/autoreload.py", line 64, in wrapper
    fn(*args, **kwargs)
  File "/usr/share/nginx/toornoi/.venv/lib/python3.12/site-packages/django/core/management/commands/runserver.py", line 143, in inner_run
    handler = self.get_handler(*args, **options)
              ^^^^^^^^^^^^^^^^^^^^^^^^^^^^^^^^^^
  File "/usr/share/nginx/toornoi/.venv/lib/python3.12/site-packages/django/contrib/staticfiles/management/commands/runserver.py", line 31, in get_handler
    handler = super().get_handler(*args, **options)
              ^^^^^^^^^^^^^^^^^^^^^^^^^^^^^^^^^^^^^
  File "/usr/share/nginx/toornoi/.venv/lib/python3.12/site-packages/django/core/management/commands/runserver.py", line 79, in get_handler
    return get_internal_wsgi_application()
           ^^^^^^^^^^^^^^^^^^^^^^^^^^^^^^^
  File "/usr/share/nginx/toornoi/.venv/lib/python3.12/site-packages/django/core/servers/basehttp.py", line 50, in get_internal_wsgi_application
    raise ImproperlyConfigured(
django.core.exceptions.ImproperlyConfigured: WSGI application 'Toornoi.wsgi.application' could not be loaded; Error importing module.
Watching for file changes with StatReloader
Exception in thread django-main-thread:
Traceback (most recent call last):
  File "/usr/share/nginx/toornoi/.venv/lib/python3.12/site-packages/django/core/servers/basehttp.py", line 48, in get_internal_wsgi_application
    return import_string(app_path)
           ^^^^^^^^^^^^^^^^^^^^^^^
  File "/usr/share/nginx/toornoi/.venv/lib/python3.12/site-packages/django/utils/module_loading.py", line 30, in import_string
    return cached_import(module_path, class_name)
           ^^^^^^^^^^^^^^^^^^^^^^^^^^^^^^^^^^^^^^
  File "/usr/share/nginx/toornoi/.venv/lib/python3.12/site-packages/django/utils/module_loading.py", line 15, in cached_import
    module = import_module(module_path)
             ^^^^^^^^^^^^^^^^^^^^^^^^^^
  File "/usr/lib/python3.12/importlib/__init__.py", line 90, in import_module
    return _bootstrap._gcd_import(name[level:], package, level)
           ^^^^^^^^^^^^^^^^^^^^^^^^^^^^^^^^^^^^^^^^^^^^^^^^^^^^
  File "<frozen importlib._bootstrap>", line 1387, in _gcd_import
  File "<frozen importlib._bootstrap>", line 1360, in _find_and_load
  File "<frozen importlib._bootstrap>", line 1310, in _find_and_load_unlocked
  File "<frozen importlib._bootstrap>", line 488, in _call_with_frames_removed
  File "<frozen importlib._bootstrap>", line 1387, in _gcd_import
  File "<frozen importlib._bootstrap>", line 1360, in _find_and_load
  File "<frozen importlib._bootstrap>", line 1324, in _find_and_load_unlocked
ModuleNotFoundError: No module named 'Toornoi'

The above exception was the direct cause of the following exception:

Traceback (most recent call last):
  File "/usr/lib/python3.12/threading.py", line 1073, in _bootstrap_inner
    self.run()
  File "/usr/lib/python3.12/threading.py", line 1010, in run
    self._target(*self._args, **self._kwargs)
  File "/usr/share/nginx/toornoi/.venv/lib/python3.12/site-packages/django/utils/autoreload.py", line 64, in wrapper
    fn(*args, **kwargs)
  File "/usr/share/nginx/toornoi/.venv/lib/python3.12/site-packages/django/core/management/commands/runserver.py", line 143, in inner_run
    handler = self.get_handler(*args, **options)
              ^^^^^^^^^^^^^^^^^^^^^^^^^^^^^^^^^^
  File "/usr/share/nginx/toornoi/.venv/lib/python3.12/site-packages/django/contrib/staticfiles/management/commands/runserver.py", line 31, in get_handler
    handler = super().get_handler(*args, **options)
              ^^^^^^^^^^^^^^^^^^^^^^^^^^^^^^^^^^^^^
  File "/usr/share/nginx/toornoi/.venv/lib/python3.12/site-packages/django/core/management/commands/runserver.py", line 79, in get_handler
    return get_internal_wsgi_application()
           ^^^^^^^^^^^^^^^^^^^^^^^^^^^^^^^
  File "/usr/share/nginx/toornoi/.venv/lib/python3.12/site-packages/django/core/servers/basehttp.py", line 50, in get_internal_wsgi_application
    raise ImproperlyConfigured(
django.core.exceptions.ImproperlyConfigured: WSGI application 'Toornoi.wsgi.application' could not be loaded; Error importing module.
/usr/share/nginx/toornoi/core/settings.py changed, reloading.
Performing system checks...

System check identified no issues (0 silenced).
/usr/share/nginx/toornoi/core/settings.py changed, reloading.
Performing system checks...

System check identified no issues (0 silenced).
Watching for file changes with StatReloader
Watching for file changes with StatReloader
Error: That port is already in use.
[07/Feb/2025 20:44:30] "GET / HTTP/1.1" 200 5660
Not Found: /favicon.ico
[07/Feb/2025 20:44:31] "GET /favicon.ico HTTP/1.1" 404 8624
Unauthorized: /loge/register/
[07/Feb/2025 20:48:06] "POST //loge/register/ HTTP/1.1" 401 27
Bad Request: /loge/register/
[07/Feb/2025 20:48:13] "POST //loge/register/ HTTP/1.1" 400 44
[07/Feb/2025 20:48:29] "POST //loge/register/ HTTP/1.1" 201 57
Invalid HTTP_HOST header: '15.188.23.39'. You may need to add '15.188.23.39' to ALLOWED_HOSTS.
Traceback (most recent call last):
  File "/usr/share/nginx/toornoi/.venv/lib/python3.12/site-packages/django/core/handlers/exception.py", line 55, in inner
    response = get_response(request)
               ^^^^^^^^^^^^^^^^^^^^^
  File "/usr/share/nginx/toornoi/.venv/lib/python3.12/site-packages/django/utils/deprecation.py", line 128, in __call__
    response = self.process_request(request)
               ^^^^^^^^^^^^^^^^^^^^^^^^^^^^^
  File "/usr/share/nginx/toornoi/.venv/lib/python3.12/site-packages/django/middleware/common.py", line 48, in process_request
    host = request.get_host()
           ^^^^^^^^^^^^^^^^^^
  File "/usr/share/nginx/toornoi/.venv/lib/python3.12/site-packages/django/http/request.py", line 151, in get_host
    raise DisallowedHost(msg)
django.core.exceptions.DisallowedHost: Invalid HTTP_HOST header: '15.188.23.39'. You may need to add '15.188.23.39' to ALLOWED_HOSTS.
Bad Request: /.env
[07/Feb/2025 20:53:45] "GET /.env HTTP/1.1" 400 65097
[07/Feb/2025 20:58:50] "GET / HTTP/1.1" 200 5660
[07/Feb/2025 20:58:52] "GET / HTTP/1.1" 200 5660
/usr/share/nginx/toornoi/toornoi_user_management/views.py changed, reloading.
Performing system checks...

System check identified no issues (0 silenced).
February 07, 2025 - 20:40:55
Django version 5.1.5, using settings 'core.settings'
Starting development server at http://127.0.0.1:8000/
Quit the server with CONTROL-C.

Watching for file changes with StatReloader
Invalid HTTP_HOST header: '15.188.23.39'. You may need to add '15.188.23.39' to ALLOWED_HOSTS.
Traceback (most recent call last):
  File "/usr/share/nginx/toornoi/.venv/lib/python3.12/site-packages/django/core/handlers/exception.py", line 55, in inner
    response = get_response(request)
               ^^^^^^^^^^^^^^^^^^^^^
  File "/usr/share/nginx/toornoi/.venv/lib/python3.12/site-packages/django/utils/deprecation.py", line 128, in __call__
    response = self.process_request(request)
               ^^^^^^^^^^^^^^^^^^^^^^^^^^^^^
  File "/usr/share/nginx/toornoi/.venv/lib/python3.12/site-packages/django/middleware/common.py", line 48, in process_request
    host = request.get_host()
           ^^^^^^^^^^^^^^^^^^
  File "/usr/share/nginx/toornoi/.venv/lib/python3.12/site-packages/django/http/request.py", line 151, in get_host
    raise DisallowedHost(msg)
django.core.exceptions.DisallowedHost: Invalid HTTP_HOST header: '15.188.23.39'. You may need to add '15.188.23.39' to ALLOWED_HOSTS.
Bad Request: /
[07/Feb/2025 21:07:08] "GET / HTTP/1.1" 400 65030
[07/Feb/2025 21:08:42] "OPTIONS /loge/register/ HTTP/1.1" 200 172
[07/Feb/2025 21:10:42] "OPTIONS /loge/register/ HTTP/1.1" 200 172
/usr/share/nginx/toornoi/core/settings.py changed, reloading.
Performing system checks...

System check identified no issues (0 silenced).
February 07, 2025 - 21:04:43
Django version 5.1.5, using settings 'core.settings'
Starting development server at http://127.0.0.1:8000/
Quit the server with CONTROL-C.

Watching for file changes with StatReloader
Exception in thread django-main-thread:
Traceback (most recent call last):
  File "/usr/lib/python3.12/threading.py", line 1073, in _bootstrap_inner
    self.run()
  File "/usr/lib/python3.12/threading.py", line 1010, in run
    self._target(*self._args, **self._kwargs)
  File "/usr/share/nginx/toornoi/.venv/lib/python3.12/site-packages/django/utils/autoreload.py", line 64, in wrapper
    fn(*args, **kwargs)
  File "/usr/share/nginx/toornoi/.venv/lib/python3.12/site-packages/django/core/management/commands/runserver.py", line 126, in inner_run
    autoreload.raise_last_exception()
  File "/usr/share/nginx/toornoi/.venv/lib/python3.12/site-packages/django/utils/autoreload.py", line 87, in raise_last_exception
    raise _exception[1]
  File "/usr/share/nginx/toornoi/.venv/lib/python3.12/site-packages/django/core/management/__init__.py", line 394, in execute
    autoreload.check_errors(django.setup)()
  File "/usr/share/nginx/toornoi/.venv/lib/python3.12/site-packages/django/utils/autoreload.py", line 64, in wrapper
    fn(*args, **kwargs)
  File "/usr/share/nginx/toornoi/.venv/lib/python3.12/site-packages/django/__init__.py", line 24, in setup
    apps.populate(settings.INSTALLED_APPS)
  File "/usr/share/nginx/toornoi/.venv/lib/python3.12/site-packages/django/apps/registry.py", line 91, in populate
    app_config = AppConfig.create(entry)
                 ^^^^^^^^^^^^^^^^^^^^^^^
  File "/usr/share/nginx/toornoi/.venv/lib/python3.12/site-packages/django/apps/config.py", line 193, in create
    import_module(entry)
  File "/usr/lib/python3.12/importlib/__init__.py", line 90, in import_module
    return _bootstrap._gcd_import(name[level:], package, level)
           ^^^^^^^^^^^^^^^^^^^^^^^^^^^^^^^^^^^^^^^^^^^^^^^^^^^^
  File "<frozen importlib._bootstrap>", line 1387, in _gcd_import
  File "<frozen importlib._bootstrap>", line 1360, in _find_and_load
  File "<frozen importlib._bootstrap>", line 1324, in _find_and_load_unlocked
ModuleNotFoundError: No module named 'corsheaders'
Watching for file changes with StatReloader
[07/Feb/2025 21:21:57] "OPTIONS /loge/register/ HTTP/1.1" 200 0
Bad Request: /loge/register/
[07/Feb/2025 21:21:57] "POST /loge/register/ HTTP/1.1" 400 119
Bad Request: /loge/register/
[07/Feb/2025 21:24:03] "POST /loge/register/ HTTP/1.1" 400 70
[07/Feb/2025 21:24:59] "POST /loge/register/ HTTP/1.1" 201 57
[07/Feb/2025 21:25:20] "GET /loge/verify-email/?token=b5f31b016b9a49ff8940276a24408984 HTTP/1.1" 200 45
Bad Request: /loge/verify-email/
[07/Feb/2025 21:25:28] "GET /loge/verify-email/?token=b5f31b016b9a49ff8940276a24408984 HTTP/1.1" 400 78
[07/Feb/2025 21:25:44] "OPTIONS /loge/login/ HTTP/1.1" 200 0
[07/Feb/2025 21:25:45] "POST /loge/login/ HTTP/1.1" 200 82
[07/Feb/2025 21:27:01] "OPTIONS /loge/superadmin/login/ HTTP/1.1" 200 0
Bad Request: /loge/superadmin/login/
[07/Feb/2025 21:27:01] "POST /loge/superadmin/login/ HTTP/1.1" 400 51
[07/Feb/2025 21:27:18] "POST /loge/superadmin/login/ HTTP/1.1" 200 82
[07/Feb/2025 21:27:41] "OPTIONS /loge/superadmin/profile HTTP/1.1" 200 0
[07/Feb/2025 21:27:41] "GET /loge/superadmin/profile HTTP/1.1" 301 0
[07/Feb/2025 21:27:41] "OPTIONS /loge/superadmin/profile/ HTTP/1.1" 200 0
[07/Feb/2025 21:27:41] "GET /loge/superadmin/profile/ HTTP/1.1" 200 270
[07/Feb/2025 21:27:44] "GET /loge/superadmin/profile/ HTTP/1.1" 200 270
Internal Server Error: /tournaments/
Traceback (most recent call last):
  File "/usr/share/nginx/toornoi/.venv/lib/python3.12/site-packages/django/core/handlers/exception.py", line 55, in inner
    response = get_response(request)
               ^^^^^^^^^^^^^^^^^^^^^
  File "/usr/share/nginx/toornoi/.venv/lib/python3.12/site-packages/django/core/handlers/base.py", line 197, in _get_response
    response = wrapped_callback(request, *callback_args, **callback_kwargs)
               ^^^^^^^^^^^^^^^^^^^^^^^^^^^^^^^^^^^^^^^^^^^^^^^^^^^^^^^^^^^^
  File "/usr/share/nginx/toornoi/.venv/lib/python3.12/site-packages/django/views/decorators/csrf.py", line 65, in _view_wrapper
    return view_func(request, *args, **kwargs)
           ^^^^^^^^^^^^^^^^^^^^^^^^^^^^^^^^^^^
  File "/usr/share/nginx/toornoi/.venv/lib/python3.12/site-packages/rest_framework/viewsets.py", line 124, in view
    return self.dispatch(request, *args, **kwargs)
           ^^^^^^^^^^^^^^^^^^^^^^^^^^^^^^^^^^^^^^^
  File "/usr/share/nginx/toornoi/.venv/lib/python3.12/site-packages/rest_framework/views.py", line 509, in dispatch
    response = self.handle_exception(exc)
               ^^^^^^^^^^^^^^^^^^^^^^^^^^
  File "/usr/share/nginx/toornoi/.venv/lib/python3.12/site-packages/rest_framework/views.py", line 469, in handle_exception
    self.raise_uncaught_exception(exc)
  File "/usr/share/nginx/toornoi/.venv/lib/python3.12/site-packages/rest_framework/views.py", line 480, in raise_uncaught_exception
    raise exc
  File "/usr/share/nginx/toornoi/.venv/lib/python3.12/site-packages/rest_framework/views.py", line 506, in dispatch
    response = handler(request, *args, **kwargs)
               ^^^^^^^^^^^^^^^^^^^^^^^^^^^^^^^^^
  File "/usr/share/nginx/toornoi/.venv/lib/python3.12/site-packages/rest_framework/mixins.py", line 46, in list
    return Response(serializer.data)
                    ^^^^^^^^^^^^^^^
  File "/usr/share/nginx/toornoi/.venv/lib/python3.12/site-packages/rest_framework/serializers.py", line 795, in data
    ret = super().data
          ^^^^^^^^^^^^
  File "/usr/share/nginx/toornoi/.venv/lib/python3.12/site-packages/rest_framework/serializers.py", line 249, in data
    self._data = self.to_representation(self.instance)
                 ^^^^^^^^^^^^^^^^^^^^^^^^^^^^^^^^^^^^^
  File "/usr/share/nginx/toornoi/.venv/lib/python3.12/site-packages/rest_framework/serializers.py", line 714, in to_representation
    self.child.to_representation(item) for item in iterable
    ^^^^^^^^^^^^^^^^^^^^^^^^^^^^^^^^^^
  File "/usr/share/nginx/toornoi/.venv/lib/python3.12/site-packages/rest_framework/serializers.py", line 538, in to_representation
    ret[field.field_name] = field.to_representation(attribute)
                            ^^^^^^^^^^^^^^^^^^^^^^^^^^^^^^^^^^
  File "/usr/share/nginx/toornoi/.venv/lib/python3.12/site-packages/rest_framework/fields.py", line 1094, in to_representation
    value = decimal.Decimal(str(value).strip())
            ^^^^^^^^^^^^^^^^^^^^^^^^^^^^^^^^^^^
decimal.InvalidOperation: [<class 'decimal.ConversionSyntax'>]
[07/Feb/2025 21:27:49] "GET /tournaments/ HTTP/1.1" 500 129900
Internal Server Error: /tournaments/
Traceback (most recent call last):
  File "/usr/share/nginx/toornoi/.venv/lib/python3.12/site-packages/django/core/handlers/exception.py", line 55, in inner
    response = get_response(request)
               ^^^^^^^^^^^^^^^^^^^^^
  File "/usr/share/nginx/toornoi/.venv/lib/python3.12/site-packages/django/core/handlers/base.py", line 197, in _get_response
    response = wrapped_callback(request, *callback_args, **callback_kwargs)
               ^^^^^^^^^^^^^^^^^^^^^^^^^^^^^^^^^^^^^^^^^^^^^^^^^^^^^^^^^^^^
  File "/usr/share/nginx/toornoi/.venv/lib/python3.12/site-packages/django/views/decorators/csrf.py", line 65, in _view_wrapper
    return view_func(request, *args, **kwargs)
           ^^^^^^^^^^^^^^^^^^^^^^^^^^^^^^^^^^^
  File "/usr/share/nginx/toornoi/.venv/lib/python3.12/site-packages/rest_framework/viewsets.py", line 124, in view
    return self.dispatch(request, *args, **kwargs)
           ^^^^^^^^^^^^^^^^^^^^^^^^^^^^^^^^^^^^^^^
  File "/usr/share/nginx/toornoi/.venv/lib/python3.12/site-packages/rest_framework/views.py", line 509, in dispatch
    response = self.handle_exception(exc)
               ^^^^^^^^^^^^^^^^^^^^^^^^^^
  File "/usr/share/nginx/toornoi/.venv/lib/python3.12/site-packages/rest_framework/views.py", line 469, in handle_exception
    self.raise_uncaught_exception(exc)
  File "/usr/share/nginx/toornoi/.venv/lib/python3.12/site-packages/rest_framework/views.py", line 480, in raise_uncaught_exception
    raise exc
  File "/usr/share/nginx/toornoi/.venv/lib/python3.12/site-packages/rest_framework/views.py", line 506, in dispatch
    response = handler(request, *args, **kwargs)
               ^^^^^^^^^^^^^^^^^^^^^^^^^^^^^^^^^
  File "/usr/share/nginx/toornoi/.venv/lib/python3.12/site-packages/rest_framework/mixins.py", line 46, in list
    return Response(serializer.data)
                    ^^^^^^^^^^^^^^^
  File "/usr/share/nginx/toornoi/.venv/lib/python3.12/site-packages/rest_framework/serializers.py", line 795, in data
    ret = super().data
          ^^^^^^^^^^^^
  File "/usr/share/nginx/toornoi/.venv/lib/python3.12/site-packages/rest_framework/serializers.py", line 249, in data
    self._data = self.to_representation(self.instance)
                 ^^^^^^^^^^^^^^^^^^^^^^^^^^^^^^^^^^^^^
  File "/usr/share/nginx/toornoi/.venv/lib/python3.12/site-packages/rest_framework/serializers.py", line 714, in to_representation
    self.child.to_representation(item) for item in iterable
    ^^^^^^^^^^^^^^^^^^^^^^^^^^^^^^^^^^
  File "/usr/share/nginx/toornoi/.venv/lib/python3.12/site-packages/rest_framework/serializers.py", line 538, in to_representation
    ret[field.field_name] = field.to_representation(attribute)
                            ^^^^^^^^^^^^^^^^^^^^^^^^^^^^^^^^^^
  File "/usr/share/nginx/toornoi/.venv/lib/python3.12/site-packages/rest_framework/fields.py", line 1094, in to_representation
    value = decimal.Decimal(str(value).strip())
            ^^^^^^^^^^^^^^^^^^^^^^^^^^^^^^^^^^^
decimal.InvalidOperation: [<class 'decimal.ConversionSyntax'>]
[07/Feb/2025 21:27:50] "GET /tournaments/ HTTP/1.1" 500 129900
Bad Request: /tournaments/
[07/Feb/2025 21:28:50] "POST /tournaments/ HTTP/1.1" 400 328
Bad Request: /tournaments/
[07/Feb/2025 21:29:00] "POST /tournaments/ HTTP/1.1" 400 328
Bad Request: /tournaments/
[07/Feb/2025 21:29:30] "POST /tournaments/ HTTP/1.1" 400 328
Bad Request: /tournaments/
[07/Feb/2025 21:29:59] "POST /tournaments/ HTTP/1.1" 400 277
Bad Request: /tournaments/
[07/Feb/2025 21:30:35] "POST /tournaments/ HTTP/1.1" 400 277
Bad Request: /tournaments/
[07/Feb/2025 21:31:17] "POST /tournaments/ HTTP/1.1" 400 277
Bad Request: /tournaments/
[07/Feb/2025 21:32:20] "POST /tournaments/ HTTP/1.1" 400 95
Bad Request: /loge/verify-email/
[07/Feb/2025 21:38:03] "GET /loge/verify-email/?token=b5f31b016b9a49ff8940276a24408984 HTTP/1.1" 400 78
Invalid HTTP_HOST header: '15.188.23.39'. You may need to add '15.188.23.39' to ALLOWED_HOSTS.
Traceback (most recent call last):
  File "/usr/share/nginx/toornoi/.venv/lib/python3.12/site-packages/django/core/handlers/exception.py", line 55, in inner
    response = get_response(request)
               ^^^^^^^^^^^^^^^^^^^^^
  File "/usr/share/nginx/toornoi/.venv/lib/python3.12/site-packages/django/utils/deprecation.py", line 128, in __call__
    response = self.process_request(request)
               ^^^^^^^^^^^^^^^^^^^^^^^^^^^^^
  File "/usr/share/nginx/toornoi/.venv/lib/python3.12/site-packages/django/middleware/common.py", line 48, in process_request
    host = request.get_host()
           ^^^^^^^^^^^^^^^^^^
  File "/usr/share/nginx/toornoi/.venv/lib/python3.12/site-packages/django/http/request.py", line 151, in get_host
    raise DisallowedHost(msg)
django.core.exceptions.DisallowedHost: Invalid HTTP_HOST header: '15.188.23.39'. You may need to add '15.188.23.39' to ALLOWED_HOSTS.
Bad Request: /.git/HEAD
[07/Feb/2025 21:41:54] "GET /.git/HEAD HTTP/1.1" 400 65490
[07/Feb/2025 21:50:34] "OPTIONS /loge/register/ HTTP/1.1" 200 0
Bad Request: /loge/register/
[07/Feb/2025 21:50:34] "POST /loge/register/ HTTP/1.1" 400 64
[07/Feb/2025 21:50:53] "POST /loge/register/ HTTP/1.1" 201 57
Bad Request: /loge/verify-email/
[07/Feb/2025 21:54:09] "GET /loge/verify-email/?token=0f8cda3ce8614650b7632650dff6be1b HTTP/1.1" 400 78
Bad Request: /loge/verify-email/
[07/Feb/2025 21:54:17] "GET /loge/verify-email/?token=0f8cda3ce8614650b7632650dff6be1b HTTP/1.1" 400 78
Bad Request: /loge/verify-email/
[07/Feb/2025 21:54:27] "GET /loge/verify-email/?token=0f8cda3ce8614650b7632650dff6be1b HTTP/1.1" 400 78
Bad Request: /loge/verify-email/
[07/Feb/2025 21:59:49] "GET /loge/verify-email/?token=0f8cda3ce8614650b7632650dff6be1b HTTP/1.1" 400 78
Bad Request: /loge/verify-email/
[07/Feb/2025 21:59:58] "GET /loge/verify-email/?token=0f8cda3ce8614650b7632650dff6be1b HTTP/1.1" 400 78
Invalid HTTP_HOST header: '15.188.23.39'. You may need to add '15.188.23.39' to ALLOWED_HOSTS.
Traceback (most recent call last):
  File "/usr/share/nginx/toornoi/.venv/lib/python3.12/site-packages/django/core/handlers/exception.py", line 55, in inner
    response = get_response(request)
               ^^^^^^^^^^^^^^^^^^^^^
  File "/usr/share/nginx/toornoi/.venv/lib/python3.12/site-packages/django/utils/deprecation.py", line 128, in __call__
    response = self.process_request(request)
               ^^^^^^^^^^^^^^^^^^^^^^^^^^^^^
  File "/usr/share/nginx/toornoi/.venv/lib/python3.12/site-packages/django/middleware/common.py", line 48, in process_request
    host = request.get_host()
           ^^^^^^^^^^^^^^^^^^
  File "/usr/share/nginx/toornoi/.venv/lib/python3.12/site-packages/django/http/request.py", line 151, in get_host
    raise DisallowedHost(msg)
django.core.exceptions.DisallowedHost: Invalid HTTP_HOST header: '15.188.23.39'. You may need to add '15.188.23.39' to ALLOWED_HOSTS.
Bad Request: /actuator/health
[08/Feb/2025 00:31:31] "GET /actuator/health HTTP/1.1" 400 65182
Not Found: /.git/config
[08/Feb/2025 00:44:02] "GET /.git/config HTTP/1.1" 404 8624
Invalid HTTP_HOST header: '15.188.23.39'. You may need to add '15.188.23.39' to ALLOWED_HOSTS.
Traceback (most recent call last):
  File "/usr/share/nginx/toornoi/.venv/lib/python3.12/site-packages/django/core/handlers/exception.py", line 55, in inner
    response = get_response(request)
               ^^^^^^^^^^^^^^^^^^^^^
  File "/usr/share/nginx/toornoi/.venv/lib/python3.12/site-packages/django/utils/deprecation.py", line 128, in __call__
    response = self.process_request(request)
               ^^^^^^^^^^^^^^^^^^^^^^^^^^^^^
  File "/usr/share/nginx/toornoi/.venv/lib/python3.12/site-packages/django/middleware/common.py", line 48, in process_request
    host = request.get_host()
           ^^^^^^^^^^^^^^^^^^
  File "/usr/share/nginx/toornoi/.venv/lib/python3.12/site-packages/django/http/request.py", line 151, in get_host
    raise DisallowedHost(msg)
django.core.exceptions.DisallowedHost: Invalid HTTP_HOST header: '15.188.23.39'. You may need to add '15.188.23.39' to ALLOWED_HOSTS.
Bad Request: /
[08/Feb/2025 02:07:52] "GET / HTTP/1.1" 400 65349
Invalid HTTP_HOST header: '15.188.23.39'. You may need to add '15.188.23.39' to ALLOWED_HOSTS.
Traceback (most recent call last):
  File "/usr/share/nginx/toornoi/.venv/lib/python3.12/site-packages/django/core/handlers/exception.py", line 55, in inner
    response = get_response(request)
               ^^^^^^^^^^^^^^^^^^^^^
  File "/usr/share/nginx/toornoi/.venv/lib/python3.12/site-packages/django/utils/deprecation.py", line 128, in __call__
    response = self.process_request(request)
               ^^^^^^^^^^^^^^^^^^^^^^^^^^^^^
  File "/usr/share/nginx/toornoi/.venv/lib/python3.12/site-packages/django/middleware/common.py", line 48, in process_request
    host = request.get_host()
           ^^^^^^^^^^^^^^^^^^
  File "/usr/share/nginx/toornoi/.venv/lib/python3.12/site-packages/django/http/request.py", line 151, in get_host
    raise DisallowedHost(msg)
django.core.exceptions.DisallowedHost: Invalid HTTP_HOST header: '15.188.23.39'. You may need to add '15.188.23.39' to ALLOWED_HOSTS.
Bad Request: /
[08/Feb/2025 02:25:40] "GET / HTTP/1.1" 400 65349
Not Found: /.git/config
[08/Feb/2025 02:29:44] "GET /.git/config HTTP/1.1" 404 8624
Invalid HTTP_HOST header: '15.188.23.39'. You may need to add '15.188.23.39' to ALLOWED_HOSTS.
Traceback (most recent call last):
  File "/usr/share/nginx/toornoi/.venv/lib/python3.12/site-packages/django/core/handlers/exception.py", line 55, in inner
    response = get_response(request)
               ^^^^^^^^^^^^^^^^^^^^^
  File "/usr/share/nginx/toornoi/.venv/lib/python3.12/site-packages/django/utils/deprecation.py", line 128, in __call__
    response = self.process_request(request)
               ^^^^^^^^^^^^^^^^^^^^^^^^^^^^^
  File "/usr/share/nginx/toornoi/.venv/lib/python3.12/site-packages/django/middleware/common.py", line 48, in process_request
    host = request.get_host()
           ^^^^^^^^^^^^^^^^^^
  File "/usr/share/nginx/toornoi/.venv/lib/python3.12/site-packages/django/http/request.py", line 151, in get_host
    raise DisallowedHost(msg)
django.core.exceptions.DisallowedHost: Invalid HTTP_HOST header: '15.188.23.39'. You may need to add '15.188.23.39' to ALLOWED_HOSTS.
Bad Request: /.env
[08/Feb/2025 02:47:54] "GET /.env HTTP/1.1" 400 65404
Invalid HTTP_HOST header: '15.188.23.39'. You may need to add '15.188.23.39' to ALLOWED_HOSTS.
Traceback (most recent call last):
  File "/usr/share/nginx/toornoi/.venv/lib/python3.12/site-packages/django/core/handlers/exception.py", line 55, in inner
    response = get_response(request)
               ^^^^^^^^^^^^^^^^^^^^^
  File "/usr/share/nginx/toornoi/.venv/lib/python3.12/site-packages/django/utils/deprecation.py", line 128, in __call__
    response = self.process_request(request)
               ^^^^^^^^^^^^^^^^^^^^^^^^^^^^^
  File "/usr/share/nginx/toornoi/.venv/lib/python3.12/site-packages/django/middleware/common.py", line 48, in process_request
    host = request.get_host()
           ^^^^^^^^^^^^^^^^^^
  File "/usr/share/nginx/toornoi/.venv/lib/python3.12/site-packages/django/http/request.py", line 151, in get_host
    raise DisallowedHost(msg)
django.core.exceptions.DisallowedHost: Invalid HTTP_HOST header: '15.188.23.39'. You may need to add '15.188.23.39' to ALLOWED_HOSTS.
Bad Request: /
[08/Feb/2025 02:48:23] "GET / HTTP/1.1" 400 66128
Invalid HTTP_HOST header: '15.188.23.39'. You may need to add '15.188.23.39' to ALLOWED_HOSTS.
Traceback (most recent call last):
  File "/usr/share/nginx/toornoi/.venv/lib/python3.12/site-packages/django/core/handlers/exception.py", line 55, in inner
    response = get_response(request)
               ^^^^^^^^^^^^^^^^^^^^^
  File "/usr/share/nginx/toornoi/.venv/lib/python3.12/site-packages/django/utils/deprecation.py", line 128, in __call__
    response = self.process_request(request)
               ^^^^^^^^^^^^^^^^^^^^^^^^^^^^^
  File "/usr/share/nginx/toornoi/.venv/lib/python3.12/site-packages/django/middleware/common.py", line 48, in process_request
    host = request.get_host()
           ^^^^^^^^^^^^^^^^^^
  File "/usr/share/nginx/toornoi/.venv/lib/python3.12/site-packages/django/http/request.py", line 151, in get_host
    raise DisallowedHost(msg)
django.core.exceptions.DisallowedHost: Invalid HTTP_HOST header: '15.188.23.39'. You may need to add '15.188.23.39' to ALLOWED_HOSTS.
Bad Request: /
[08/Feb/2025 03:06:18] "GET / HTTP/1.1" 400 64820
Invalid HTTP_HOST header: '15.188.23.39'. You may need to add '15.188.23.39' to ALLOWED_HOSTS.
Traceback (most recent call last):
  File "/usr/share/nginx/toornoi/.venv/lib/python3.12/site-packages/django/core/handlers/exception.py", line 55, in inner
    response = get_response(request)
               ^^^^^^^^^^^^^^^^^^^^^
  File "/usr/share/nginx/toornoi/.venv/lib/python3.12/site-packages/django/utils/deprecation.py", line 128, in __call__
    response = self.process_request(request)
               ^^^^^^^^^^^^^^^^^^^^^^^^^^^^^
  File "/usr/share/nginx/toornoi/.venv/lib/python3.12/site-packages/django/middleware/common.py", line 48, in process_request
    host = request.get_host()
           ^^^^^^^^^^^^^^^^^^
  File "/usr/share/nginx/toornoi/.venv/lib/python3.12/site-packages/django/http/request.py", line 151, in get_host
    raise DisallowedHost(msg)
django.core.exceptions.DisallowedHost: Invalid HTTP_HOST header: '15.188.23.39'. You may need to add '15.188.23.39' to ALLOWED_HOSTS.
Bad Request: /
[08/Feb/2025 03:07:06] "GET / HTTP/1.1" 400 65065
Invalid HTTP_HOST header: '15.188.23.39'. You may need to add '15.188.23.39' to ALLOWED_HOSTS.
Traceback (most recent call last):
  File "/usr/share/nginx/toornoi/.venv/lib/python3.12/site-packages/django/core/handlers/exception.py", line 55, in inner
    response = get_response(request)
               ^^^^^^^^^^^^^^^^^^^^^
  File "/usr/share/nginx/toornoi/.venv/lib/python3.12/site-packages/django/utils/deprecation.py", line 128, in __call__
    response = self.process_request(request)
               ^^^^^^^^^^^^^^^^^^^^^^^^^^^^^
  File "/usr/share/nginx/toornoi/.venv/lib/python3.12/site-packages/django/middleware/common.py", line 48, in process_request
    host = request.get_host()
           ^^^^^^^^^^^^^^^^^^
  File "/usr/share/nginx/toornoi/.venv/lib/python3.12/site-packages/django/http/request.py", line 151, in get_host
    raise DisallowedHost(msg)
django.core.exceptions.DisallowedHost: Invalid HTTP_HOST header: '15.188.23.39'. You may need to add '15.188.23.39' to ALLOWED_HOSTS.
Bad Request: /ecp/Current/exporttool/microsoft.exchange.ediscovery.exporttool.application
[08/Feb/2025 04:14:51] "GET /ecp/Current/exporttool/microsoft.exchange.ediscovery.exporttool.application HTTP/1.1" 400 65842
Invalid HTTP_HOST header: '15.188.23.39'. You may need to add '15.188.23.39' to ALLOWED_HOSTS.
Traceback (most recent call last):
  File "/usr/share/nginx/toornoi/.venv/lib/python3.12/site-packages/django/core/handlers/exception.py", line 55, in inner
    response = get_response(request)
               ^^^^^^^^^^^^^^^^^^^^^
  File "/usr/share/nginx/toornoi/.venv/lib/python3.12/site-packages/django/utils/deprecation.py", line 128, in __call__
    response = self.process_request(request)
               ^^^^^^^^^^^^^^^^^^^^^^^^^^^^^
  File "/usr/share/nginx/toornoi/.venv/lib/python3.12/site-packages/django/middleware/common.py", line 48, in process_request
    host = request.get_host()
           ^^^^^^^^^^^^^^^^^^
  File "/usr/share/nginx/toornoi/.venv/lib/python3.12/site-packages/django/http/request.py", line 151, in get_host
    raise DisallowedHost(msg)
django.core.exceptions.DisallowedHost: Invalid HTTP_HOST header: '15.188.23.39'. You may need to add '15.188.23.39' to ALLOWED_HOSTS.
Bad Request: /.env
[08/Feb/2025 04:29:24] "GET /.env HTTP/1.1" 400 65169
Invalid HTTP_HOST header: '15-188-23-39.cprapid.com'. You may need to add '15-188-23-39.cprapid.com' to ALLOWED_HOSTS.
Traceback (most recent call last):
  File "/usr/share/nginx/toornoi/.venv/lib/python3.12/site-packages/django/core/handlers/exception.py", line 55, in inner
    response = get_response(request)
               ^^^^^^^^^^^^^^^^^^^^^
  File "/usr/share/nginx/toornoi/.venv/lib/python3.12/site-packages/django/utils/deprecation.py", line 128, in __call__
    response = self.process_request(request)
               ^^^^^^^^^^^^^^^^^^^^^^^^^^^^^
  File "/usr/share/nginx/toornoi/.venv/lib/python3.12/site-packages/django/middleware/common.py", line 48, in process_request
    host = request.get_host()
           ^^^^^^^^^^^^^^^^^^
  File "/usr/share/nginx/toornoi/.venv/lib/python3.12/site-packages/django/http/request.py", line 151, in get_host
    raise DisallowedHost(msg)
django.core.exceptions.DisallowedHost: Invalid HTTP_HOST header: '15-188-23-39.cprapid.com'. You may need to add '15-188-23-39.cprapid.com' to ALLOWED_HOSTS.
Bad Request: /
[08/Feb/2025 04:42:00] "GET / HTTP/1.1" 400 65575
[08/Feb/2025 04:48:50] "GET / HTTP/1.1" 200 5660
Invalid HTTP_HOST header: '15.188.23.39'. You may need to add '15.188.23.39' to ALLOWED_HOSTS.
Traceback (most recent call last):
  File "/usr/share/nginx/toornoi/.venv/lib/python3.12/site-packages/django/core/handlers/exception.py", line 55, in inner
    response = get_response(request)
               ^^^^^^^^^^^^^^^^^^^^^
  File "/usr/share/nginx/toornoi/.venv/lib/python3.12/site-packages/django/utils/deprecation.py", line 128, in __call__
    response = self.process_request(request)
               ^^^^^^^^^^^^^^^^^^^^^^^^^^^^^
  File "/usr/share/nginx/toornoi/.venv/lib/python3.12/site-packages/django/middleware/common.py", line 48, in process_request
    host = request.get_host()
           ^^^^^^^^^^^^^^^^^^
  File "/usr/share/nginx/toornoi/.venv/lib/python3.12/site-packages/django/http/request.py", line 151, in get_host
    raise DisallowedHost(msg)
django.core.exceptions.DisallowedHost: Invalid HTTP_HOST header: '15.188.23.39'. You may need to add '15.188.23.39' to ALLOWED_HOSTS.
Bad Request: /.git/refs/
[08/Feb/2025 04:56:23] "GET /.git/refs/ HTTP/1.1" 400 65211
Invalid HTTP_HOST header: '15.188.23.39'. You may need to add '15.188.23.39' to ALLOWED_HOSTS.
Traceback (most recent call last):
  File "/usr/share/nginx/toornoi/.venv/lib/python3.12/site-packages/django/core/handlers/exception.py", line 55, in inner
    response = get_response(request)
               ^^^^^^^^^^^^^^^^^^^^^
  File "/usr/share/nginx/toornoi/.venv/lib/python3.12/site-packages/django/utils/deprecation.py", line 128, in __call__
    response = self.process_request(request)
               ^^^^^^^^^^^^^^^^^^^^^^^^^^^^^
  File "/usr/share/nginx/toornoi/.venv/lib/python3.12/site-packages/django/middleware/common.py", line 48, in process_request
    host = request.get_host()
           ^^^^^^^^^^^^^^^^^^
  File "/usr/share/nginx/toornoi/.venv/lib/python3.12/site-packages/django/http/request.py", line 151, in get_host
    raise DisallowedHost(msg)
django.core.exceptions.DisallowedHost: Invalid HTTP_HOST header: '15.188.23.39'. You may need to add '15.188.23.39' to ALLOWED_HOSTS.
Bad Request: /.env
[08/Feb/2025 05:11:43] "GET /.env HTTP/1.1" 400 65421
Invalid HTTP_HOST header: '15.188.23.39'. You may need to add '15.188.23.39' to ALLOWED_HOSTS.
Traceback (most recent call last):
  File "/usr/share/nginx/toornoi/.venv/lib/python3.12/site-packages/django/core/handlers/exception.py", line 55, in inner
    response = get_response(request)
               ^^^^^^^^^^^^^^^^^^^^^
  File "/usr/share/nginx/toornoi/.venv/lib/python3.12/site-packages/django/utils/deprecation.py", line 128, in __call__
    response = self.process_request(request)
               ^^^^^^^^^^^^^^^^^^^^^^^^^^^^^
  File "/usr/share/nginx/toornoi/.venv/lib/python3.12/site-packages/django/middleware/common.py", line 48, in process_request
    host = request.get_host()
           ^^^^^^^^^^^^^^^^^^
  File "/usr/share/nginx/toornoi/.venv/lib/python3.12/site-packages/django/http/request.py", line 151, in get_host
    raise DisallowedHost(msg)
django.core.exceptions.DisallowedHost: Invalid HTTP_HOST header: '15.188.23.39'. You may need to add '15.188.23.39' to ALLOWED_HOSTS.
Bad Request: /.git/config
[08/Feb/2025 05:29:07] "GET /.git/config HTTP/1.1" 400 65376
Invalid HTTP_HOST header: '15.188.23.39'. You may need to add '15.188.23.39' to ALLOWED_HOSTS.
Traceback (most recent call last):
  File "/usr/share/nginx/toornoi/.venv/lib/python3.12/site-packages/django/core/handlers/exception.py", line 55, in inner
    response = get_response(request)
               ^^^^^^^^^^^^^^^^^^^^^
  File "/usr/share/nginx/toornoi/.venv/lib/python3.12/site-packages/django/utils/deprecation.py", line 128, in __call__
    response = self.process_request(request)
               ^^^^^^^^^^^^^^^^^^^^^^^^^^^^^
  File "/usr/share/nginx/toornoi/.venv/lib/python3.12/site-packages/django/middleware/common.py", line 48, in process_request
    host = request.get_host()
           ^^^^^^^^^^^^^^^^^^
  File "/usr/share/nginx/toornoi/.venv/lib/python3.12/site-packages/django/http/request.py", line 151, in get_host
    raise DisallowedHost(msg)
django.core.exceptions.DisallowedHost: Invalid HTTP_HOST header: '15.188.23.39'. You may need to add '15.188.23.39' to ALLOWED_HOSTS.
Bad Request: /
[08/Feb/2025 05:30:53] "GET / HTTP/1.1" 400 65380
Invalid HTTP_HOST header: '15.188.23.39'. You may need to add '15.188.23.39' to ALLOWED_HOSTS.
Traceback (most recent call last):
  File "/usr/share/nginx/toornoi/.venv/lib/python3.12/site-packages/django/core/handlers/exception.py", line 55, in inner
    response = get_response(request)
               ^^^^^^^^^^^^^^^^^^^^^
  File "/usr/share/nginx/toornoi/.venv/lib/python3.12/site-packages/django/utils/deprecation.py", line 128, in __call__
    response = self.process_request(request)
               ^^^^^^^^^^^^^^^^^^^^^^^^^^^^^
  File "/usr/share/nginx/toornoi/.venv/lib/python3.12/site-packages/django/middleware/common.py", line 48, in process_request
    host = request.get_host()
           ^^^^^^^^^^^^^^^^^^
  File "/usr/share/nginx/toornoi/.venv/lib/python3.12/site-packages/django/http/request.py", line 151, in get_host
    raise DisallowedHost(msg)
django.core.exceptions.DisallowedHost: Invalid HTTP_HOST header: '15.188.23.39'. You may need to add '15.188.23.39' to ALLOWED_HOSTS.
Bad Request: /
[08/Feb/2025 05:59:56] "GET / HTTP/1.1" 400 65083
Invalid HTTP_HOST header: '15.188.23.39'. You may need to add '15.188.23.39' to ALLOWED_HOSTS.
Traceback (most recent call last):
  File "/usr/share/nginx/toornoi/.venv/lib/python3.12/site-packages/django/core/handlers/exception.py", line 55, in inner
    response = get_response(request)
               ^^^^^^^^^^^^^^^^^^^^^
  File "/usr/share/nginx/toornoi/.venv/lib/python3.12/site-packages/django/utils/deprecation.py", line 128, in __call__
    response = self.process_request(request)
               ^^^^^^^^^^^^^^^^^^^^^^^^^^^^^
  File "/usr/share/nginx/toornoi/.venv/lib/python3.12/site-packages/django/middleware/common.py", line 48, in process_request
    host = request.get_host()
           ^^^^^^^^^^^^^^^^^^
  File "/usr/share/nginx/toornoi/.venv/lib/python3.12/site-packages/django/http/request.py", line 151, in get_host
    raise DisallowedHost(msg)
django.core.exceptions.DisallowedHost: Invalid HTTP_HOST header: '15.188.23.39'. You may need to add '15.188.23.39' to ALLOWED_HOSTS.
Bad Request: /RDWeb/Pages/
[08/Feb/2025 06:00:19] "GET /RDWeb/Pages/ HTTP/1.1" 400 65288
Invalid HTTP_HOST header: '15.188.23.39'. You may need to add '15.188.23.39' to ALLOWED_HOSTS.
Traceback (most recent call last):
  File "/usr/share/nginx/toornoi/.venv/lib/python3.12/site-packages/django/core/handlers/exception.py", line 55, in inner
    response = get_response(request)
               ^^^^^^^^^^^^^^^^^^^^^
  File "/usr/share/nginx/toornoi/.venv/lib/python3.12/site-packages/django/utils/deprecation.py", line 128, in __call__
    response = self.process_request(request)
               ^^^^^^^^^^^^^^^^^^^^^^^^^^^^^
  File "/usr/share/nginx/toornoi/.venv/lib/python3.12/site-packages/django/middleware/common.py", line 48, in process_request
    host = request.get_host()
           ^^^^^^^^^^^^^^^^^^
  File "/usr/share/nginx/toornoi/.venv/lib/python3.12/site-packages/django/http/request.py", line 151, in get_host
    raise DisallowedHost(msg)
django.core.exceptions.DisallowedHost: Invalid HTTP_HOST header: '15.188.23.39'. You may need to add '15.188.23.39' to ALLOWED_HOSTS.
Bad Request: /.env
[08/Feb/2025 06:01:56] "GET /.env HTTP/1.1" 400 65404
[08/Feb/2025 06:12:35] "GET /?format=api HTTP/1.1" 200 5792
Invalid HTTP_HOST header: '15.188.23.39'. You may need to add '15.188.23.39' to ALLOWED_HOSTS.
Traceback (most recent call last):
  File "/usr/share/nginx/toornoi/.venv/lib/python3.12/site-packages/django/core/handlers/exception.py", line 55, in inner
    response = get_response(request)
               ^^^^^^^^^^^^^^^^^^^^^
  File "/usr/share/nginx/toornoi/.venv/lib/python3.12/site-packages/django/utils/deprecation.py", line 128, in __call__
    response = self.process_request(request)
               ^^^^^^^^^^^^^^^^^^^^^^^^^^^^^
  File "/usr/share/nginx/toornoi/.venv/lib/python3.12/site-packages/django/middleware/common.py", line 48, in process_request
    host = request.get_host()
           ^^^^^^^^^^^^^^^^^^
  File "/usr/share/nginx/toornoi/.venv/lib/python3.12/site-packages/django/http/request.py", line 151, in get_host
    raise DisallowedHost(msg)
django.core.exceptions.DisallowedHost: Invalid HTTP_HOST header: '15.188.23.39'. You may need to add '15.188.23.39' to ALLOWED_HOSTS.
Bad Request: /
[08/Feb/2025 06:16:47] "GET / HTTP/1.1" 400 65333
Invalid HTTP_HOST header: '15.188.23.39'. You may need to add '15.188.23.39' to ALLOWED_HOSTS.
Traceback (most recent call last):
  File "/usr/share/nginx/toornoi/.venv/lib/python3.12/site-packages/django/core/handlers/exception.py", line 55, in inner
    response = get_response(request)
               ^^^^^^^^^^^^^^^^^^^^^
  File "/usr/share/nginx/toornoi/.venv/lib/python3.12/site-packages/django/utils/deprecation.py", line 128, in __call__
    response = self.process_request(request)
               ^^^^^^^^^^^^^^^^^^^^^^^^^^^^^
  File "/usr/share/nginx/toornoi/.venv/lib/python3.12/site-packages/django/middleware/common.py", line 48, in process_request
    host = request.get_host()
           ^^^^^^^^^^^^^^^^^^
  File "/usr/share/nginx/toornoi/.venv/lib/python3.12/site-packages/django/http/request.py", line 151, in get_host
    raise DisallowedHost(msg)
django.core.exceptions.DisallowedHost: Invalid HTTP_HOST header: '15.188.23.39'. You may need to add '15.188.23.39' to ALLOWED_HOSTS.
Bad Request: /favicon.ico
[08/Feb/2025 06:16:48] "GET /favicon.ico HTTP/1.1" 400 65342
[08/Feb/2025 06:22:44] "GET /?format=json HTTP/1.1" 200 247
[08/Feb/2025 06:42:22] "GET /matches/ HTTP/1.1" 200 16201
Internal Server Error: /tournaments/
Traceback (most recent call last):
  File "/usr/share/nginx/toornoi/.venv/lib/python3.12/site-packages/django/core/handlers/exception.py", line 55, in inner
    response = get_response(request)
               ^^^^^^^^^^^^^^^^^^^^^
  File "/usr/share/nginx/toornoi/.venv/lib/python3.12/site-packages/django/core/handlers/base.py", line 197, in _get_response
    response = wrapped_callback(request, *callback_args, **callback_kwargs)
               ^^^^^^^^^^^^^^^^^^^^^^^^^^^^^^^^^^^^^^^^^^^^^^^^^^^^^^^^^^^^
  File "/usr/share/nginx/toornoi/.venv/lib/python3.12/site-packages/django/views/decorators/csrf.py", line 65, in _view_wrapper
    return view_func(request, *args, **kwargs)
           ^^^^^^^^^^^^^^^^^^^^^^^^^^^^^^^^^^^
  File "/usr/share/nginx/toornoi/.venv/lib/python3.12/site-packages/rest_framework/viewsets.py", line 124, in view
    return self.dispatch(request, *args, **kwargs)
           ^^^^^^^^^^^^^^^^^^^^^^^^^^^^^^^^^^^^^^^
  File "/usr/share/nginx/toornoi/.venv/lib/python3.12/site-packages/rest_framework/views.py", line 509, in dispatch
    response = self.handle_exception(exc)
               ^^^^^^^^^^^^^^^^^^^^^^^^^^
  File "/usr/share/nginx/toornoi/.venv/lib/python3.12/site-packages/rest_framework/views.py", line 469, in handle_exception
    self.raise_uncaught_exception(exc)
  File "/usr/share/nginx/toornoi/.venv/lib/python3.12/site-packages/rest_framework/views.py", line 480, in raise_uncaught_exception
    raise exc
  File "/usr/share/nginx/toornoi/.venv/lib/python3.12/site-packages/rest_framework/views.py", line 506, in dispatch
    response = handler(request, *args, **kwargs)
               ^^^^^^^^^^^^^^^^^^^^^^^^^^^^^^^^^
  File "/usr/share/nginx/toornoi/.venv/lib/python3.12/site-packages/rest_framework/mixins.py", line 46, in list
    return Response(serializer.data)
                    ^^^^^^^^^^^^^^^
  File "/usr/share/nginx/toornoi/.venv/lib/python3.12/site-packages/rest_framework/serializers.py", line 795, in data
    ret = super().data
          ^^^^^^^^^^^^
  File "/usr/share/nginx/toornoi/.venv/lib/python3.12/site-packages/rest_framework/serializers.py", line 249, in data
    self._data = self.to_representation(self.instance)
                 ^^^^^^^^^^^^^^^^^^^^^^^^^^^^^^^^^^^^^
  File "/usr/share/nginx/toornoi/.venv/lib/python3.12/site-packages/rest_framework/serializers.py", line 714, in to_representation
    self.child.to_representation(item) for item in iterable
    ^^^^^^^^^^^^^^^^^^^^^^^^^^^^^^^^^^
  File "/usr/share/nginx/toornoi/.venv/lib/python3.12/site-packages/rest_framework/serializers.py", line 538, in to_representation
    ret[field.field_name] = field.to_representation(attribute)
                            ^^^^^^^^^^^^^^^^^^^^^^^^^^^^^^^^^^
  File "/usr/share/nginx/toornoi/.venv/lib/python3.12/site-packages/rest_framework/fields.py", line 1094, in to_representation
    value = decimal.Decimal(str(value).strip())
            ^^^^^^^^^^^^^^^^^^^^^^^^^^^^^^^^^^^
decimal.InvalidOperation: [<class 'decimal.ConversionSyntax'>]
[08/Feb/2025 06:51:48] "GET /tournaments/ HTTP/1.1" 500 129389
Invalid HTTP_HOST header: '15.188.23.39'. You may need to add '15.188.23.39' to ALLOWED_HOSTS.
Traceback (most recent call last):
  File "/usr/share/nginx/toornoi/.venv/lib/python3.12/site-packages/django/core/handlers/exception.py", line 55, in inner
    response = get_response(request)
               ^^^^^^^^^^^^^^^^^^^^^
  File "/usr/share/nginx/toornoi/.venv/lib/python3.12/site-packages/django/utils/deprecation.py", line 128, in __call__
    response = self.process_request(request)
               ^^^^^^^^^^^^^^^^^^^^^^^^^^^^^
  File "/usr/share/nginx/toornoi/.venv/lib/python3.12/site-packages/django/middleware/common.py", line 48, in process_request
    host = request.get_host()
           ^^^^^^^^^^^^^^^^^^
  File "/usr/share/nginx/toornoi/.venv/lib/python3.12/site-packages/django/http/request.py", line 151, in get_host
    raise DisallowedHost(msg)
django.core.exceptions.DisallowedHost: Invalid HTTP_HOST header: '15.188.23.39'. You may need to add '15.188.23.39' to ALLOWED_HOSTS.
Bad Request: /
[08/Feb/2025 07:13:01] "GET / HTTP/1.1" 400 65365
Invalid HTTP_HOST header: '15.188.23.39'. You may need to add '15.188.23.39' to ALLOWED_HOSTS.
Traceback (most recent call last):
  File "/usr/share/nginx/toornoi/.venv/lib/python3.12/site-packages/django/core/handlers/exception.py", line 55, in inner
    response = get_response(request)
               ^^^^^^^^^^^^^^^^^^^^^
  File "/usr/share/nginx/toornoi/.venv/lib/python3.12/site-packages/django/utils/deprecation.py", line 128, in __call__
    response = self.process_request(request)
               ^^^^^^^^^^^^^^^^^^^^^^^^^^^^^
  File "/usr/share/nginx/toornoi/.venv/lib/python3.12/site-packages/django/middleware/common.py", line 48, in process_request
    host = request.get_host()
           ^^^^^^^^^^^^^^^^^^
  File "/usr/share/nginx/toornoi/.venv/lib/python3.12/site-packages/django/http/request.py", line 151, in get_host
    raise DisallowedHost(msg)
django.core.exceptions.DisallowedHost: Invalid HTTP_HOST header: '15.188.23.39'. You may need to add '15.188.23.39' to ALLOWED_HOSTS.
Bad Request: /
[08/Feb/2025 07:59:00] "GET / HTTP/1.1" 400 65597
Invalid HTTP_HOST header: '15.188.23.39'. You may need to add '15.188.23.39' to ALLOWED_HOSTS.
Traceback (most recent call last):
  File "/usr/share/nginx/toornoi/.venv/lib/python3.12/site-packages/django/core/handlers/exception.py", line 55, in inner
    response = get_response(request)
               ^^^^^^^^^^^^^^^^^^^^^
  File "/usr/share/nginx/toornoi/.venv/lib/python3.12/site-packages/django/utils/deprecation.py", line 128, in __call__
    response = self.process_request(request)
               ^^^^^^^^^^^^^^^^^^^^^^^^^^^^^
  File "/usr/share/nginx/toornoi/.venv/lib/python3.12/site-packages/django/middleware/common.py", line 48, in process_request
    host = request.get_host()
           ^^^^^^^^^^^^^^^^^^
  File "/usr/share/nginx/toornoi/.venv/lib/python3.12/site-packages/django/http/request.py", line 151, in get_host
    raise DisallowedHost(msg)
django.core.exceptions.DisallowedHost: Invalid HTTP_HOST header: '15.188.23.39'. You may need to add '15.188.23.39' to ALLOWED_HOSTS.
Bad Request: /.env
[08/Feb/2025 08:58:06] "GET /.env HTTP/1.1" 400 65279
Invalid HTTP_HOST header: '15.188.23.39'. You may need to add '15.188.23.39' to ALLOWED_HOSTS.
Traceback (most recent call last):
  File "/usr/share/nginx/toornoi/.venv/lib/python3.12/site-packages/django/core/handlers/exception.py", line 55, in inner
    response = get_response(request)
               ^^^^^^^^^^^^^^^^^^^^^
  File "/usr/share/nginx/toornoi/.venv/lib/python3.12/site-packages/django/utils/deprecation.py", line 128, in __call__
    response = self.process_request(request)
               ^^^^^^^^^^^^^^^^^^^^^^^^^^^^^
  File "/usr/share/nginx/toornoi/.venv/lib/python3.12/site-packages/django/middleware/common.py", line 48, in process_request
    host = request.get_host()
           ^^^^^^^^^^^^^^^^^^
  File "/usr/share/nginx/toornoi/.venv/lib/python3.12/site-packages/django/http/request.py", line 151, in get_host
    raise DisallowedHost(msg)
django.core.exceptions.DisallowedHost: Invalid HTTP_HOST header: '15.188.23.39'. You may need to add '15.188.23.39' to ALLOWED_HOSTS.
Bad Request: /.env
[08/Feb/2025 09:08:04] "GET /.env HTTP/1.1" 400 65271
Invalid HTTP_HOST header: '15.188.23.39'. You may need to add '15.188.23.39' to ALLOWED_HOSTS.
Traceback (most recent call last):
  File "/usr/share/nginx/toornoi/.venv/lib/python3.12/site-packages/django/core/handlers/exception.py", line 55, in inner
    response = get_response(request)
               ^^^^^^^^^^^^^^^^^^^^^
  File "/usr/share/nginx/toornoi/.venv/lib/python3.12/site-packages/django/utils/deprecation.py", line 128, in __call__
    response = self.process_request(request)
               ^^^^^^^^^^^^^^^^^^^^^^^^^^^^^
  File "/usr/share/nginx/toornoi/.venv/lib/python3.12/site-packages/django/middleware/common.py", line 48, in process_request
    host = request.get_host()
           ^^^^^^^^^^^^^^^^^^
  File "/usr/share/nginx/toornoi/.venv/lib/python3.12/site-packages/django/http/request.py", line 151, in get_host
    raise DisallowedHost(msg)
django.core.exceptions.DisallowedHost: Invalid HTTP_HOST header: '15.188.23.39'. You may need to add '15.188.23.39' to ALLOWED_HOSTS.
Bad Request: /
[08/Feb/2025 09:11:49] "GET / HTTP/1.1" 400 65383
Invalid HTTP_HOST header: '15.188.23.39'. You may need to add '15.188.23.39' to ALLOWED_HOSTS.
Traceback (most recent call last):
  File "/usr/share/nginx/toornoi/.venv/lib/python3.12/site-packages/django/core/handlers/exception.py", line 55, in inner
    response = get_response(request)
               ^^^^^^^^^^^^^^^^^^^^^
  File "/usr/share/nginx/toornoi/.venv/lib/python3.12/site-packages/django/utils/deprecation.py", line 128, in __call__
    response = self.process_request(request)
               ^^^^^^^^^^^^^^^^^^^^^^^^^^^^^
  File "/usr/share/nginx/toornoi/.venv/lib/python3.12/site-packages/django/middleware/common.py", line 48, in process_request
    host = request.get_host()
           ^^^^^^^^^^^^^^^^^^
  File "/usr/share/nginx/toornoi/.venv/lib/python3.12/site-packages/django/http/request.py", line 151, in get_host
    raise DisallowedHost(msg)
django.core.exceptions.DisallowedHost: Invalid HTTP_HOST header: '15.188.23.39'. You may need to add '15.188.23.39' to ALLOWED_HOSTS.
Bad Request: /
[08/Feb/2025 09:31:53] "GET / HTTP/1.1" 400 65597
Invalid HTTP_HOST header: '15.188.23.39'. You may need to add '15.188.23.39' to ALLOWED_HOSTS.
Traceback (most recent call last):
  File "/usr/share/nginx/toornoi/.venv/lib/python3.12/site-packages/django/core/handlers/exception.py", line 55, in inner
    response = get_response(request)
               ^^^^^^^^^^^^^^^^^^^^^
  File "/usr/share/nginx/toornoi/.venv/lib/python3.12/site-packages/django/utils/deprecation.py", line 128, in __call__
    response = self.process_request(request)
               ^^^^^^^^^^^^^^^^^^^^^^^^^^^^^
  File "/usr/share/nginx/toornoi/.venv/lib/python3.12/site-packages/django/middleware/common.py", line 48, in process_request
    host = request.get_host()
           ^^^^^^^^^^^^^^^^^^
  File "/usr/share/nginx/toornoi/.venv/lib/python3.12/site-packages/django/http/request.py", line 151, in get_host
    raise DisallowedHost(msg)
django.core.exceptions.DisallowedHost: Invalid HTTP_HOST header: '15.188.23.39'. You may need to add '15.188.23.39' to ALLOWED_HOSTS.
Bad Request: /.env
[08/Feb/2025 09:47:25] "GET /.env HTTP/1.1" 400 65404
Invalid HTTP_HOST header: '15.188.23.39'. You may need to add '15.188.23.39' to ALLOWED_HOSTS.
Traceback (most recent call last):
  File "/usr/share/nginx/toornoi/.venv/lib/python3.12/site-packages/django/core/handlers/exception.py", line 55, in inner
    response = get_response(request)
               ^^^^^^^^^^^^^^^^^^^^^
  File "/usr/share/nginx/toornoi/.venv/lib/python3.12/site-packages/django/utils/deprecation.py", line 128, in __call__
    response = self.process_request(request)
               ^^^^^^^^^^^^^^^^^^^^^^^^^^^^^
  File "/usr/share/nginx/toornoi/.venv/lib/python3.12/site-packages/django/middleware/common.py", line 48, in process_request
    host = request.get_host()
           ^^^^^^^^^^^^^^^^^^
  File "/usr/share/nginx/toornoi/.venv/lib/python3.12/site-packages/django/http/request.py", line 151, in get_host
    raise DisallowedHost(msg)
django.core.exceptions.DisallowedHost: Invalid HTTP_HOST header: '15.188.23.39'. You may need to add '15.188.23.39' to ALLOWED_HOSTS.
Bad Request: /
[08/Feb/2025 10:10:45] "GET / HTTP/1.1" 400 65597
Invalid HTTP_HOST header: '15.188.23.39'. You may need to add '15.188.23.39' to ALLOWED_HOSTS.
Traceback (most recent call last):
  File "/usr/share/nginx/toornoi/.venv/lib/python3.12/site-packages/django/core/handlers/exception.py", line 55, in inner
    response = get_response(request)
               ^^^^^^^^^^^^^^^^^^^^^
  File "/usr/share/nginx/toornoi/.venv/lib/python3.12/site-packages/django/utils/deprecation.py", line 128, in __call__
    response = self.process_request(request)
               ^^^^^^^^^^^^^^^^^^^^^^^^^^^^^
  File "/usr/share/nginx/toornoi/.venv/lib/python3.12/site-packages/django/middleware/common.py", line 48, in process_request
    host = request.get_host()
           ^^^^^^^^^^^^^^^^^^
  File "/usr/share/nginx/toornoi/.venv/lib/python3.12/site-packages/django/http/request.py", line 151, in get_host
    raise DisallowedHost(msg)
django.core.exceptions.DisallowedHost: Invalid HTTP_HOST header: '15.188.23.39'. You may need to add '15.188.23.39' to ALLOWED_HOSTS.
Bad Request: /
[08/Feb/2025 10:25:30] "GET / HTTP/1.1" 400 64696
Invalid HTTP_HOST header: '15.188.23.39'. You may need to add '15.188.23.39' to ALLOWED_HOSTS.
Traceback (most recent call last):
  File "/usr/share/nginx/toornoi/.venv/lib/python3.12/site-packages/django/core/handlers/exception.py", line 55, in inner
    response = get_response(request)
               ^^^^^^^^^^^^^^^^^^^^^
  File "/usr/share/nginx/toornoi/.venv/lib/python3.12/site-packages/django/utils/deprecation.py", line 128, in __call__
    response = self.process_request(request)
               ^^^^^^^^^^^^^^^^^^^^^^^^^^^^^
  File "/usr/share/nginx/toornoi/.venv/lib/python3.12/site-packages/django/middleware/common.py", line 48, in process_request
    host = request.get_host()
           ^^^^^^^^^^^^^^^^^^
  File "/usr/share/nginx/toornoi/.venv/lib/python3.12/site-packages/django/http/request.py", line 151, in get_host
    raise DisallowedHost(msg)
django.core.exceptions.DisallowedHost: Invalid HTTP_HOST header: '15.188.23.39'. You may need to add '15.188.23.39' to ALLOWED_HOSTS.
Bad Request: /
[08/Feb/2025 10:25:37] "GET / HTTP/1.1" 400 65227
Invalid HTTP_HOST header: '15.188.23.39'. You may need to add '15.188.23.39' to ALLOWED_HOSTS.
Traceback (most recent call last):
  File "/usr/share/nginx/toornoi/.venv/lib/python3.12/site-packages/django/core/handlers/exception.py", line 55, in inner
    response = get_response(request)
               ^^^^^^^^^^^^^^^^^^^^^
  File "/usr/share/nginx/toornoi/.venv/lib/python3.12/site-packages/django/utils/deprecation.py", line 128, in __call__
    response = self.process_request(request)
               ^^^^^^^^^^^^^^^^^^^^^^^^^^^^^
  File "/usr/share/nginx/toornoi/.venv/lib/python3.12/site-packages/django/middleware/common.py", line 48, in process_request
    host = request.get_host()
           ^^^^^^^^^^^^^^^^^^
  File "/usr/share/nginx/toornoi/.venv/lib/python3.12/site-packages/django/http/request.py", line 151, in get_host
    raise DisallowedHost(msg)
django.core.exceptions.DisallowedHost: Invalid HTTP_HOST header: '15.188.23.39'. You may need to add '15.188.23.39' to ALLOWED_HOSTS.
Bad Request: /
[08/Feb/2025 10:57:25] "GET / HTTP/1.1" 400 65129
Invalid HTTP_HOST header: '15.188.23.39'. You may need to add '15.188.23.39' to ALLOWED_HOSTS.
Traceback (most recent call last):
  File "/usr/share/nginx/toornoi/.venv/lib/python3.12/site-packages/django/core/handlers/exception.py", line 55, in inner
    response = get_response(request)
               ^^^^^^^^^^^^^^^^^^^^^
  File "/usr/share/nginx/toornoi/.venv/lib/python3.12/site-packages/django/utils/deprecation.py", line 128, in __call__
    response = self.process_request(request)
               ^^^^^^^^^^^^^^^^^^^^^^^^^^^^^
  File "/usr/share/nginx/toornoi/.venv/lib/python3.12/site-packages/django/middleware/common.py", line 48, in process_request
    host = request.get_host()
           ^^^^^^^^^^^^^^^^^^
  File "/usr/share/nginx/toornoi/.venv/lib/python3.12/site-packages/django/http/request.py", line 151, in get_host
    raise DisallowedHost(msg)
django.core.exceptions.DisallowedHost: Invalid HTTP_HOST header: '15.188.23.39'. You may need to add '15.188.23.39' to ALLOWED_HOSTS.
Bad Request: /.env
[08/Feb/2025 11:48:40] "GET /.env HTTP/1.1" 400 65404
Invalid HTTP_HOST header: '15.188.23.39'. You may need to add '15.188.23.39' to ALLOWED_HOSTS.
Traceback (most recent call last):
  File "/usr/share/nginx/toornoi/.venv/lib/python3.12/site-packages/django/core/handlers/exception.py", line 55, in inner
    response = get_response(request)
               ^^^^^^^^^^^^^^^^^^^^^
  File "/usr/share/nginx/toornoi/.venv/lib/python3.12/site-packages/django/utils/deprecation.py", line 128, in __call__
    response = self.process_request(request)
               ^^^^^^^^^^^^^^^^^^^^^^^^^^^^^
  File "/usr/share/nginx/toornoi/.venv/lib/python3.12/site-packages/django/middleware/common.py", line 48, in process_request
    host = request.get_host()
           ^^^^^^^^^^^^^^^^^^
  File "/usr/share/nginx/toornoi/.venv/lib/python3.12/site-packages/django/http/request.py", line 151, in get_host
    raise DisallowedHost(msg)
django.core.exceptions.DisallowedHost: Invalid HTTP_HOST header: '15.188.23.39'. You may need to add '15.188.23.39' to ALLOWED_HOSTS.
Bad Request: /
[08/Feb/2025 11:57:31] "GET / HTTP/1.1" 400 65349
Invalid HTTP_HOST header: '15.188.23.39'. You may need to add '15.188.23.39' to ALLOWED_HOSTS.
Traceback (most recent call last):
  File "/usr/share/nginx/toornoi/.venv/lib/python3.12/site-packages/django/core/handlers/exception.py", line 55, in inner
    response = get_response(request)
               ^^^^^^^^^^^^^^^^^^^^^
  File "/usr/share/nginx/toornoi/.venv/lib/python3.12/site-packages/django/utils/deprecation.py", line 128, in __call__
    response = self.process_request(request)
               ^^^^^^^^^^^^^^^^^^^^^^^^^^^^^
  File "/usr/share/nginx/toornoi/.venv/lib/python3.12/site-packages/django/middleware/common.py", line 48, in process_request
    host = request.get_host()
           ^^^^^^^^^^^^^^^^^^
  File "/usr/share/nginx/toornoi/.venv/lib/python3.12/site-packages/django/http/request.py", line 151, in get_host
    raise DisallowedHost(msg)
django.core.exceptions.DisallowedHost: Invalid HTTP_HOST header: '15.188.23.39'. You may need to add '15.188.23.39' to ALLOWED_HOSTS.
Bad Request: /.git/refs/heads/
[08/Feb/2025 12:12:32] "GET /.git/refs/heads/ HTTP/1.1" 400 65409
Invalid HTTP_HOST header: '15.188.23.39'. You may need to add '15.188.23.39' to ALLOWED_HOSTS.
Traceback (most recent call last):
  File "/usr/share/nginx/toornoi/.venv/lib/python3.12/site-packages/django/core/handlers/exception.py", line 55, in inner
    response = get_response(request)
               ^^^^^^^^^^^^^^^^^^^^^
  File "/usr/share/nginx/toornoi/.venv/lib/python3.12/site-packages/django/utils/deprecation.py", line 128, in __call__
    response = self.process_request(request)
               ^^^^^^^^^^^^^^^^^^^^^^^^^^^^^
  File "/usr/share/nginx/toornoi/.venv/lib/python3.12/site-packages/django/middleware/common.py", line 48, in process_request
    host = request.get_host()
           ^^^^^^^^^^^^^^^^^^
  File "/usr/share/nginx/toornoi/.venv/lib/python3.12/site-packages/django/http/request.py", line 151, in get_host
    raise DisallowedHost(msg)
django.core.exceptions.DisallowedHost: Invalid HTTP_HOST header: '15.188.23.39'. You may need to add '15.188.23.39' to ALLOWED_HOSTS.
Bad Request: /
[08/Feb/2025 13:55:31] "GET / HTTP/1.1" 400 65349
Invalid HTTP_HOST header: '15.188.23.39'. You may need to add '15.188.23.39' to ALLOWED_HOSTS.
Traceback (most recent call last):
  File "/usr/share/nginx/toornoi/.venv/lib/python3.12/site-packages/django/core/handlers/exception.py", line 55, in inner
    response = get_response(request)
               ^^^^^^^^^^^^^^^^^^^^^
  File "/usr/share/nginx/toornoi/.venv/lib/python3.12/site-packages/django/utils/deprecation.py", line 128, in __call__
    response = self.process_request(request)
               ^^^^^^^^^^^^^^^^^^^^^^^^^^^^^
  File "/usr/share/nginx/toornoi/.venv/lib/python3.12/site-packages/django/middleware/common.py", line 48, in process_request
    host = request.get_host()
           ^^^^^^^^^^^^^^^^^^
  File "/usr/share/nginx/toornoi/.venv/lib/python3.12/site-packages/django/http/request.py", line 151, in get_host
    raise DisallowedHost(msg)
django.core.exceptions.DisallowedHost: Invalid HTTP_HOST header: '15.188.23.39'. You may need to add '15.188.23.39' to ALLOWED_HOSTS.
Bad Request: /
[08/Feb/2025 15:07:06] "GET / HTTP/1.1" 400 64696
Invalid HTTP_HOST header: '15.188.23.39'. You may need to add '15.188.23.39' to ALLOWED_HOSTS.
Traceback (most recent call last):
  File "/usr/share/nginx/toornoi/.venv/lib/python3.12/site-packages/django/core/handlers/exception.py", line 55, in inner
    response = get_response(request)
               ^^^^^^^^^^^^^^^^^^^^^
  File "/usr/share/nginx/toornoi/.venv/lib/python3.12/site-packages/django/utils/deprecation.py", line 128, in __call__
    response = self.process_request(request)
               ^^^^^^^^^^^^^^^^^^^^^^^^^^^^^
  File "/usr/share/nginx/toornoi/.venv/lib/python3.12/site-packages/django/middleware/common.py", line 48, in process_request
    host = request.get_host()
           ^^^^^^^^^^^^^^^^^^
  File "/usr/share/nginx/toornoi/.venv/lib/python3.12/site-packages/django/http/request.py", line 151, in get_host
    raise DisallowedHost(msg)
django.core.exceptions.DisallowedHost: Invalid HTTP_HOST header: '15.188.23.39'. You may need to add '15.188.23.39' to ALLOWED_HOSTS.
Bad Request: /
[08/Feb/2025 15:07:07] "GET / HTTP/1.1" 400 65629
Invalid HTTP_HOST header: '15.188.23.39'. You may need to add '15.188.23.39' to ALLOWED_HOSTS.
Traceback (most recent call last):
  File "/usr/share/nginx/toornoi/.venv/lib/python3.12/site-packages/django/core/handlers/exception.py", line 55, in inner
    response = get_response(request)
               ^^^^^^^^^^^^^^^^^^^^^
  File "/usr/share/nginx/toornoi/.venv/lib/python3.12/site-packages/django/utils/deprecation.py", line 128, in __call__
    response = self.process_request(request)
               ^^^^^^^^^^^^^^^^^^^^^^^^^^^^^
  File "/usr/share/nginx/toornoi/.venv/lib/python3.12/site-packages/django/middleware/common.py", line 48, in process_request
    host = request.get_host()
           ^^^^^^^^^^^^^^^^^^
  File "/usr/share/nginx/toornoi/.venv/lib/python3.12/site-packages/django/http/request.py", line 151, in get_host
    raise DisallowedHost(msg)
django.core.exceptions.DisallowedHost: Invalid HTTP_HOST header: '15.188.23.39'. You may need to add '15.188.23.39' to ALLOWED_HOSTS.
Bad Request: /favicon.ico
[08/Feb/2025 15:07:08] "GET /favicon.ico HTTP/1.1" 400 64854
Invalid HTTP_HOST header: '15.188.23.39'. You may need to add '15.188.23.39' to ALLOWED_HOSTS.
Traceback (most recent call last):
  File "/usr/share/nginx/toornoi/.venv/lib/python3.12/site-packages/django/core/handlers/exception.py", line 55, in inner
    response = get_response(request)
               ^^^^^^^^^^^^^^^^^^^^^
  File "/usr/share/nginx/toornoi/.venv/lib/python3.12/site-packages/django/utils/deprecation.py", line 128, in __call__
    response = self.process_request(request)
               ^^^^^^^^^^^^^^^^^^^^^^^^^^^^^
  File "/usr/share/nginx/toornoi/.venv/lib/python3.12/site-packages/django/middleware/common.py", line 48, in process_request
    host = request.get_host()
           ^^^^^^^^^^^^^^^^^^
  File "/usr/share/nginx/toornoi/.venv/lib/python3.12/site-packages/django/http/request.py", line 151, in get_host
    raise DisallowedHost(msg)
django.core.exceptions.DisallowedHost: Invalid HTTP_HOST header: '15.188.23.39'. You may need to add '15.188.23.39' to ALLOWED_HOSTS.
Bad Request: /.env
[08/Feb/2025 15:34:14] "GET /.env HTTP/1.1" 400 65169
Invalid HTTP_HOST header: '15.188.23.39'. You may need to add '15.188.23.39' to ALLOWED_HOSTS.
Traceback (most recent call last):
  File "/usr/share/nginx/toornoi/.venv/lib/python3.12/site-packages/django/core/handlers/exception.py", line 55, in inner
    response = get_response(request)
               ^^^^^^^^^^^^^^^^^^^^^
  File "/usr/share/nginx/toornoi/.venv/lib/python3.12/site-packages/django/utils/deprecation.py", line 128, in __call__
    response = self.process_request(request)
               ^^^^^^^^^^^^^^^^^^^^^^^^^^^^^
  File "/usr/share/nginx/toornoi/.venv/lib/python3.12/site-packages/django/middleware/common.py", line 48, in process_request
    host = request.get_host()
           ^^^^^^^^^^^^^^^^^^
  File "/usr/share/nginx/toornoi/.venv/lib/python3.12/site-packages/django/http/request.py", line 151, in get_host
    raise DisallowedHost(msg)
django.core.exceptions.DisallowedHost: Invalid HTTP_HOST header: '15.188.23.39'. You may need to add '15.188.23.39' to ALLOWED_HOSTS.
Bad Request: /
[08/Feb/2025 15:41:54] "GET / HTTP/1.1" 400 65171
Invalid HTTP_HOST header: '15.188.23.39'. You may need to add '15.188.23.39' to ALLOWED_HOSTS.
Traceback (most recent call last):
  File "/usr/share/nginx/toornoi/.venv/lib/python3.12/site-packages/django/core/handlers/exception.py", line 55, in inner
    response = get_response(request)
               ^^^^^^^^^^^^^^^^^^^^^
  File "/usr/share/nginx/toornoi/.venv/lib/python3.12/site-packages/django/utils/deprecation.py", line 128, in __call__
    response = self.process_request(request)
               ^^^^^^^^^^^^^^^^^^^^^^^^^^^^^
  File "/usr/share/nginx/toornoi/.venv/lib/python3.12/site-packages/django/middleware/common.py", line 48, in process_request
    host = request.get_host()
           ^^^^^^^^^^^^^^^^^^
  File "/usr/share/nginx/toornoi/.venv/lib/python3.12/site-packages/django/http/request.py", line 151, in get_host
    raise DisallowedHost(msg)
django.core.exceptions.DisallowedHost: Invalid HTTP_HOST header: '15.188.23.39'. You may need to add '15.188.23.39' to ALLOWED_HOSTS.
Bad Request: /
[08/Feb/2025 16:03:45] "GET / HTTP/1.1" 400 65597
Invalid HTTP_HOST header: '15.188.23.39'. You may need to add '15.188.23.39' to ALLOWED_HOSTS.
Traceback (most recent call last):
  File "/usr/share/nginx/toornoi/.venv/lib/python3.12/site-packages/django/core/handlers/exception.py", line 55, in inner
    response = get_response(request)
               ^^^^^^^^^^^^^^^^^^^^^
  File "/usr/share/nginx/toornoi/.venv/lib/python3.12/site-packages/django/utils/deprecation.py", line 128, in __call__
    response = self.process_request(request)
               ^^^^^^^^^^^^^^^^^^^^^^^^^^^^^
  File "/usr/share/nginx/toornoi/.venv/lib/python3.12/site-packages/django/middleware/common.py", line 48, in process_request
    host = request.get_host()
           ^^^^^^^^^^^^^^^^^^
  File "/usr/share/nginx/toornoi/.venv/lib/python3.12/site-packages/django/http/request.py", line 151, in get_host
    raise DisallowedHost(msg)
django.core.exceptions.DisallowedHost: Invalid HTTP_HOST header: '15.188.23.39'. You may need to add '15.188.23.39' to ALLOWED_HOSTS.
Bad Request: /
[08/Feb/2025 17:11:11] "GET / HTTP/1.1" 400 65140
Invalid HTTP_HOST header: '15.188.23.39'. You may need to add '15.188.23.39' to ALLOWED_HOSTS.
Traceback (most recent call last):
  File "/usr/share/nginx/toornoi/.venv/lib/python3.12/site-packages/django/core/handlers/exception.py", line 55, in inner
    response = get_response(request)
               ^^^^^^^^^^^^^^^^^^^^^
  File "/usr/share/nginx/toornoi/.venv/lib/python3.12/site-packages/django/utils/deprecation.py", line 128, in __call__
    response = self.process_request(request)
               ^^^^^^^^^^^^^^^^^^^^^^^^^^^^^
  File "/usr/share/nginx/toornoi/.venv/lib/python3.12/site-packages/django/middleware/common.py", line 48, in process_request
    host = request.get_host()
           ^^^^^^^^^^^^^^^^^^
  File "/usr/share/nginx/toornoi/.venv/lib/python3.12/site-packages/django/http/request.py", line 151, in get_host
    raise DisallowedHost(msg)
django.core.exceptions.DisallowedHost: Invalid HTTP_HOST header: '15.188.23.39'. You may need to add '15.188.23.39' to ALLOWED_HOSTS.
Bad Request: /
[08/Feb/2025 17:33:27] "GET / HTTP/1.1" 400 65363
Invalid HTTP_HOST header: '15.188.23.39'. You may need to add '15.188.23.39' to ALLOWED_HOSTS.
Traceback (most recent call last):
  File "/usr/share/nginx/toornoi/.venv/lib/python3.12/site-packages/django/core/handlers/exception.py", line 55, in inner
    response = get_response(request)
               ^^^^^^^^^^^^^^^^^^^^^
  File "/usr/share/nginx/toornoi/.venv/lib/python3.12/site-packages/django/utils/deprecation.py", line 128, in __call__
    response = self.process_request(request)
               ^^^^^^^^^^^^^^^^^^^^^^^^^^^^^
  File "/usr/share/nginx/toornoi/.venv/lib/python3.12/site-packages/django/middleware/common.py", line 48, in process_request
    host = request.get_host()
           ^^^^^^^^^^^^^^^^^^
  File "/usr/share/nginx/toornoi/.venv/lib/python3.12/site-packages/django/http/request.py", line 151, in get_host
    raise DisallowedHost(msg)
django.core.exceptions.DisallowedHost: Invalid HTTP_HOST header: '15.188.23.39'. You may need to add '15.188.23.39' to ALLOWED_HOSTS.
Bad Request: /
[08/Feb/2025 18:03:03] "GET / HTTP/1.1" 400 64820
Invalid HTTP_HOST header: '15.188.23.39'. You may need to add '15.188.23.39' to ALLOWED_HOSTS.
Traceback (most recent call last):
  File "/usr/share/nginx/toornoi/.venv/lib/python3.12/site-packages/django/core/handlers/exception.py", line 55, in inner
    response = get_response(request)
               ^^^^^^^^^^^^^^^^^^^^^
  File "/usr/share/nginx/toornoi/.venv/lib/python3.12/site-packages/django/utils/deprecation.py", line 128, in __call__
    response = self.process_request(request)
               ^^^^^^^^^^^^^^^^^^^^^^^^^^^^^
  File "/usr/share/nginx/toornoi/.venv/lib/python3.12/site-packages/django/middleware/common.py", line 48, in process_request
    host = request.get_host()
           ^^^^^^^^^^^^^^^^^^
  File "/usr/share/nginx/toornoi/.venv/lib/python3.12/site-packages/django/http/request.py", line 151, in get_host
    raise DisallowedHost(msg)
django.core.exceptions.DisallowedHost: Invalid HTTP_HOST header: '15.188.23.39'. You may need to add '15.188.23.39' to ALLOWED_HOSTS.
Bad Request: /
[08/Feb/2025 18:03:58] "GET / HTTP/1.1" 400 65243
Invalid HTTP_HOST header: '15.188.23.39'. You may need to add '15.188.23.39' to ALLOWED_HOSTS.
Traceback (most recent call last):
  File "/usr/share/nginx/toornoi/.venv/lib/python3.12/site-packages/django/core/handlers/exception.py", line 55, in inner
    response = get_response(request)
               ^^^^^^^^^^^^^^^^^^^^^
  File "/usr/share/nginx/toornoi/.venv/lib/python3.12/site-packages/django/utils/deprecation.py", line 128, in __call__
    response = self.process_request(request)
               ^^^^^^^^^^^^^^^^^^^^^^^^^^^^^
  File "/usr/share/nginx/toornoi/.venv/lib/python3.12/site-packages/django/middleware/common.py", line 48, in process_request
    host = request.get_host()
           ^^^^^^^^^^^^^^^^^^
  File "/usr/share/nginx/toornoi/.venv/lib/python3.12/site-packages/django/http/request.py", line 151, in get_host
    raise DisallowedHost(msg)
django.core.exceptions.DisallowedHost: Invalid HTTP_HOST header: '15.188.23.39'. You may need to add '15.188.23.39' to ALLOWED_HOSTS.
Bad Request: /
[08/Feb/2025 19:00:38] "GET / HTTP/1.1" 400 65361
Invalid HTTP_HOST header: '15.188.23.39'. You may need to add '15.188.23.39' to ALLOWED_HOSTS.
Traceback (most recent call last):
  File "/usr/share/nginx/toornoi/.venv/lib/python3.12/site-packages/django/core/handlers/exception.py", line 55, in inner
    response = get_response(request)
               ^^^^^^^^^^^^^^^^^^^^^
  File "/usr/share/nginx/toornoi/.venv/lib/python3.12/site-packages/django/utils/deprecation.py", line 128, in __call__
    response = self.process_request(request)
               ^^^^^^^^^^^^^^^^^^^^^^^^^^^^^
  File "/usr/share/nginx/toornoi/.venv/lib/python3.12/site-packages/django/middleware/common.py", line 48, in process_request
    host = request.get_host()
           ^^^^^^^^^^^^^^^^^^
  File "/usr/share/nginx/toornoi/.venv/lib/python3.12/site-packages/django/http/request.py", line 151, in get_host
    raise DisallowedHost(msg)
django.core.exceptions.DisallowedHost: Invalid HTTP_HOST header: '15.188.23.39'. You may need to add '15.188.23.39' to ALLOWED_HOSTS.
Bad Request: /.git/refs/tags/
[08/Feb/2025 19:30:47] "GET /.git/refs/tags/ HTTP/1.1" 400 65186
Invalid HTTP_HOST header: '15.188.23.39'. You may need to add '15.188.23.39' to ALLOWED_HOSTS.
Traceback (most recent call last):
  File "/usr/share/nginx/toornoi/.venv/lib/python3.12/site-packages/django/core/handlers/exception.py", line 55, in inner
    response = get_response(request)
               ^^^^^^^^^^^^^^^^^^^^^
  File "/usr/share/nginx/toornoi/.venv/lib/python3.12/site-packages/django/utils/deprecation.py", line 128, in __call__
    response = self.process_request(request)
               ^^^^^^^^^^^^^^^^^^^^^^^^^^^^^
  File "/usr/share/nginx/toornoi/.venv/lib/python3.12/site-packages/django/middleware/common.py", line 48, in process_request
    host = request.get_host()
           ^^^^^^^^^^^^^^^^^^
  File "/usr/share/nginx/toornoi/.venv/lib/python3.12/site-packages/django/http/request.py", line 151, in get_host
    raise DisallowedHost(msg)
django.core.exceptions.DisallowedHost: Invalid HTTP_HOST header: '15.188.23.39'. You may need to add '15.188.23.39' to ALLOWED_HOSTS.
Bad Request: /.env
[08/Feb/2025 20:21:20] "GET /.env HTTP/1.1" 400 65404
Invalid HTTP_HOST header: '15.188.23.39'. You may need to add '15.188.23.39' to ALLOWED_HOSTS.
Traceback (most recent call last):
  File "/usr/share/nginx/toornoi/.venv/lib/python3.12/site-packages/django/core/handlers/exception.py", line 55, in inner
    response = get_response(request)
               ^^^^^^^^^^^^^^^^^^^^^
  File "/usr/share/nginx/toornoi/.venv/lib/python3.12/site-packages/django/utils/deprecation.py", line 128, in __call__
    response = self.process_request(request)
               ^^^^^^^^^^^^^^^^^^^^^^^^^^^^^
  File "/usr/share/nginx/toornoi/.venv/lib/python3.12/site-packages/django/middleware/common.py", line 48, in process_request
    host = request.get_host()
           ^^^^^^^^^^^^^^^^^^
  File "/usr/share/nginx/toornoi/.venv/lib/python3.12/site-packages/django/http/request.py", line 151, in get_host
    raise DisallowedHost(msg)
django.core.exceptions.DisallowedHost: Invalid HTTP_HOST header: '15.188.23.39'. You may need to add '15.188.23.39' to ALLOWED_HOSTS.
Bad Request: /
[08/Feb/2025 21:21:04] "GET / HTTP/1.1" 400 65347
Invalid HTTP_HOST header: '15.188.23.39'. You may need to add '15.188.23.39' to ALLOWED_HOSTS.
Traceback (most recent call last):
  File "/usr/share/nginx/toornoi/.venv/lib/python3.12/site-packages/django/core/handlers/exception.py", line 55, in inner
    response = get_response(request)
               ^^^^^^^^^^^^^^^^^^^^^
  File "/usr/share/nginx/toornoi/.venv/lib/python3.12/site-packages/django/utils/deprecation.py", line 128, in __call__
    response = self.process_request(request)
               ^^^^^^^^^^^^^^^^^^^^^^^^^^^^^
  File "/usr/share/nginx/toornoi/.venv/lib/python3.12/site-packages/django/middleware/common.py", line 48, in process_request
    host = request.get_host()
           ^^^^^^^^^^^^^^^^^^
  File "/usr/share/nginx/toornoi/.venv/lib/python3.12/site-packages/django/http/request.py", line 151, in get_host
    raise DisallowedHost(msg)
django.core.exceptions.DisallowedHost: Invalid HTTP_HOST header: '15.188.23.39'. You may need to add '15.188.23.39' to ALLOWED_HOSTS.
Bad Request: /.env
[08/Feb/2025 21:26:00] "GET /.env HTTP/1.1" 400 65404
[08/Feb/2025 21:26:12] "GET / HTTP/1.1" 200 5660
[08/Feb/2025 21:38:42] "GET / HTTP/1.1" 200 199
Invalid HTTP_HOST header: '15.188.23.39'. You may need to add '15.188.23.39' to ALLOWED_HOSTS.
Traceback (most recent call last):
  File "/usr/share/nginx/toornoi/.venv/lib/python3.12/site-packages/django/core/handlers/exception.py", line 55, in inner
    response = get_response(request)
               ^^^^^^^^^^^^^^^^^^^^^
  File "/usr/share/nginx/toornoi/.venv/lib/python3.12/site-packages/django/utils/deprecation.py", line 128, in __call__
    response = self.process_request(request)
               ^^^^^^^^^^^^^^^^^^^^^^^^^^^^^
  File "/usr/share/nginx/toornoi/.venv/lib/python3.12/site-packages/django/middleware/common.py", line 48, in process_request
    host = request.get_host()
           ^^^^^^^^^^^^^^^^^^
  File "/usr/share/nginx/toornoi/.venv/lib/python3.12/site-packages/django/http/request.py", line 151, in get_host
    raise DisallowedHost(msg)
django.core.exceptions.DisallowedHost: Invalid HTTP_HOST header: '15.188.23.39'. You may need to add '15.188.23.39' to ALLOWED_HOSTS.
Bad Request: /hello.world
[08/Feb/2025 22:11:34] "POST /hello.world?%ADd+allow_url_include%3d1+%ADd+auto_prepend_file%3dphp://input HTTP/1.1" 400 66545
Invalid HTTP_HOST header: '15.188.23.39'. You may need to add '15.188.23.39' to ALLOWED_HOSTS.
Traceback (most recent call last):
  File "/usr/share/nginx/toornoi/.venv/lib/python3.12/site-packages/django/core/handlers/exception.py", line 55, in inner
    response = get_response(request)
               ^^^^^^^^^^^^^^^^^^^^^
  File "/usr/share/nginx/toornoi/.venv/lib/python3.12/site-packages/django/utils/deprecation.py", line 128, in __call__
    response = self.process_request(request)
               ^^^^^^^^^^^^^^^^^^^^^^^^^^^^^
  File "/usr/share/nginx/toornoi/.venv/lib/python3.12/site-packages/django/middleware/common.py", line 48, in process_request
    host = request.get_host()
           ^^^^^^^^^^^^^^^^^^
  File "/usr/share/nginx/toornoi/.venv/lib/python3.12/site-packages/django/http/request.py", line 151, in get_host
    raise DisallowedHost(msg)
django.core.exceptions.DisallowedHost: Invalid HTTP_HOST header: '15.188.23.39'. You may need to add '15.188.23.39' to ALLOWED_HOSTS.
Bad Request: /vendor/phpunit/phpunit/src/Util/PHP/eval-stdin.php
[08/Feb/2025 22:11:35] "GET /vendor/phpunit/phpunit/src/Util/PHP/eval-stdin.php HTTP/1.1" 400 65578
Invalid HTTP_HOST header: '15.188.23.39'. You may need to add '15.188.23.39' to ALLOWED_HOSTS.
Traceback (most recent call last):
  File "/usr/share/nginx/toornoi/.venv/lib/python3.12/site-packages/django/core/handlers/exception.py", line 55, in inner
    response = get_response(request)
               ^^^^^^^^^^^^^^^^^^^^^
  File "/usr/share/nginx/toornoi/.venv/lib/python3.12/site-packages/django/utils/deprecation.py", line 128, in __call__
    response = self.process_request(request)
               ^^^^^^^^^^^^^^^^^^^^^^^^^^^^^
  File "/usr/share/nginx/toornoi/.venv/lib/python3.12/site-packages/django/middleware/common.py", line 48, in process_request
    host = request.get_host()
           ^^^^^^^^^^^^^^^^^^
  File "/usr/share/nginx/toornoi/.venv/lib/python3.12/site-packages/django/http/request.py", line 151, in get_host
    raise DisallowedHost(msg)
django.core.exceptions.DisallowedHost: Invalid HTTP_HOST header: '15.188.23.39'. You may need to add '15.188.23.39' to ALLOWED_HOSTS.
Bad Request: /vendor/phpunit/phpunit/Util/PHP/eval-stdin.php
[08/Feb/2025 22:11:36] "GET /vendor/phpunit/phpunit/Util/PHP/eval-stdin.php HTTP/1.1" 400 65534
Invalid HTTP_HOST header: '15.188.23.39'. You may need to add '15.188.23.39' to ALLOWED_HOSTS.
Traceback (most recent call last):
  File "/usr/share/nginx/toornoi/.venv/lib/python3.12/site-packages/django/core/handlers/exception.py", line 55, in inner
    response = get_response(request)
               ^^^^^^^^^^^^^^^^^^^^^
  File "/usr/share/nginx/toornoi/.venv/lib/python3.12/site-packages/django/utils/deprecation.py", line 128, in __call__
    response = self.process_request(request)
               ^^^^^^^^^^^^^^^^^^^^^^^^^^^^^
  File "/usr/share/nginx/toornoi/.venv/lib/python3.12/site-packages/django/middleware/common.py", line 48, in process_request
    host = request.get_host()
           ^^^^^^^^^^^^^^^^^^
  File "/usr/share/nginx/toornoi/.venv/lib/python3.12/site-packages/django/http/request.py", line 151, in get_host
    raise DisallowedHost(msg)
django.core.exceptions.DisallowedHost: Invalid HTTP_HOST header: '15.188.23.39'. You may need to add '15.188.23.39' to ALLOWED_HOSTS.
Bad Request: /vendor/phpunit/src/Util/PHP/eval-stdin.php
[08/Feb/2025 22:11:37] "GET /vendor/phpunit/src/Util/PHP/eval-stdin.php HTTP/1.1" 400 65490
Invalid HTTP_HOST header: '15.188.23.39'. You may need to add '15.188.23.39' to ALLOWED_HOSTS.
Traceback (most recent call last):
  File "/usr/share/nginx/toornoi/.venv/lib/python3.12/site-packages/django/core/handlers/exception.py", line 55, in inner
    response = get_response(request)
               ^^^^^^^^^^^^^^^^^^^^^
  File "/usr/share/nginx/toornoi/.venv/lib/python3.12/site-packages/django/utils/deprecation.py", line 128, in __call__
    response = self.process_request(request)
               ^^^^^^^^^^^^^^^^^^^^^^^^^^^^^
  File "/usr/share/nginx/toornoi/.venv/lib/python3.12/site-packages/django/middleware/common.py", line 48, in process_request
    host = request.get_host()
           ^^^^^^^^^^^^^^^^^^
  File "/usr/share/nginx/toornoi/.venv/lib/python3.12/site-packages/django/http/request.py", line 151, in get_host
    raise DisallowedHost(msg)
django.core.exceptions.DisallowedHost: Invalid HTTP_HOST header: '15.188.23.39'. You may need to add '15.188.23.39' to ALLOWED_HOSTS.
Bad Request: /vendor/phpunit/Util/PHP/eval-stdin.php
[08/Feb/2025 22:11:38] "GET /vendor/phpunit/Util/PHP/eval-stdin.php HTTP/1.1" 400 65446
Invalid HTTP_HOST header: '15.188.23.39'. You may need to add '15.188.23.39' to ALLOWED_HOSTS.
Traceback (most recent call last):
  File "/usr/share/nginx/toornoi/.venv/lib/python3.12/site-packages/django/core/handlers/exception.py", line 55, in inner
    response = get_response(request)
               ^^^^^^^^^^^^^^^^^^^^^
  File "/usr/share/nginx/toornoi/.venv/lib/python3.12/site-packages/django/utils/deprecation.py", line 128, in __call__
    response = self.process_request(request)
               ^^^^^^^^^^^^^^^^^^^^^^^^^^^^^
  File "/usr/share/nginx/toornoi/.venv/lib/python3.12/site-packages/django/middleware/common.py", line 48, in process_request
    host = request.get_host()
           ^^^^^^^^^^^^^^^^^^
  File "/usr/share/nginx/toornoi/.venv/lib/python3.12/site-packages/django/http/request.py", line 151, in get_host
    raise DisallowedHost(msg)
django.core.exceptions.DisallowedHost: Invalid HTTP_HOST header: '15.188.23.39'. You may need to add '15.188.23.39' to ALLOWED_HOSTS.
Bad Request: /vendor/phpunit/phpunit/LICENSE/eval-stdin.php
[08/Feb/2025 22:11:39] "GET /vendor/phpunit/phpunit/LICENSE/eval-stdin.php HTTP/1.1" 400 65523
Invalid HTTP_HOST header: '15.188.23.39'. You may need to add '15.188.23.39' to ALLOWED_HOSTS.
Traceback (most recent call last):
  File "/usr/share/nginx/toornoi/.venv/lib/python3.12/site-packages/django/core/handlers/exception.py", line 55, in inner
    response = get_response(request)
               ^^^^^^^^^^^^^^^^^^^^^
  File "/usr/share/nginx/toornoi/.venv/lib/python3.12/site-packages/django/utils/deprecation.py", line 128, in __call__
    response = self.process_request(request)
               ^^^^^^^^^^^^^^^^^^^^^^^^^^^^^
  File "/usr/share/nginx/toornoi/.venv/lib/python3.12/site-packages/django/middleware/common.py", line 48, in process_request
    host = request.get_host()
           ^^^^^^^^^^^^^^^^^^
  File "/usr/share/nginx/toornoi/.venv/lib/python3.12/site-packages/django/http/request.py", line 151, in get_host
    raise DisallowedHost(msg)
django.core.exceptions.DisallowedHost: Invalid HTTP_HOST header: '15.188.23.39'. You may need to add '15.188.23.39' to ALLOWED_HOSTS.
Bad Request: /vendor/vendor/phpunit/phpunit/src/Util/PHP/eval-stdin.php
[08/Feb/2025 22:11:40] "GET /vendor/vendor/phpunit/phpunit/src/Util/PHP/eval-stdin.php HTTP/1.1" 400 65655
Invalid HTTP_HOST header: '15.188.23.39'. You may need to add '15.188.23.39' to ALLOWED_HOSTS.
Traceback (most recent call last):
  File "/usr/share/nginx/toornoi/.venv/lib/python3.12/site-packages/django/core/handlers/exception.py", line 55, in inner
    response = get_response(request)
               ^^^^^^^^^^^^^^^^^^^^^
  File "/usr/share/nginx/toornoi/.venv/lib/python3.12/site-packages/django/utils/deprecation.py", line 128, in __call__
    response = self.process_request(request)
               ^^^^^^^^^^^^^^^^^^^^^^^^^^^^^
  File "/usr/share/nginx/toornoi/.venv/lib/python3.12/site-packages/django/middleware/common.py", line 48, in process_request
    host = request.get_host()
           ^^^^^^^^^^^^^^^^^^
  File "/usr/share/nginx/toornoi/.venv/lib/python3.12/site-packages/django/http/request.py", line 151, in get_host
    raise DisallowedHost(msg)
django.core.exceptions.DisallowedHost: Invalid HTTP_HOST header: '15.188.23.39'. You may need to add '15.188.23.39' to ALLOWED_HOSTS.
Bad Request: /phpunit/phpunit/src/Util/PHP/eval-stdin.php
[08/Feb/2025 22:11:41] "GET /phpunit/phpunit/src/Util/PHP/eval-stdin.php HTTP/1.1" 400 65501
Invalid HTTP_HOST header: '15.188.23.39'. You may need to add '15.188.23.39' to ALLOWED_HOSTS.
Traceback (most recent call last):
  File "/usr/share/nginx/toornoi/.venv/lib/python3.12/site-packages/django/core/handlers/exception.py", line 55, in inner
    response = get_response(request)
               ^^^^^^^^^^^^^^^^^^^^^
  File "/usr/share/nginx/toornoi/.venv/lib/python3.12/site-packages/django/utils/deprecation.py", line 128, in __call__
    response = self.process_request(request)
               ^^^^^^^^^^^^^^^^^^^^^^^^^^^^^
  File "/usr/share/nginx/toornoi/.venv/lib/python3.12/site-packages/django/middleware/common.py", line 48, in process_request
    host = request.get_host()
           ^^^^^^^^^^^^^^^^^^
  File "/usr/share/nginx/toornoi/.venv/lib/python3.12/site-packages/django/http/request.py", line 151, in get_host
    raise DisallowedHost(msg)
django.core.exceptions.DisallowedHost: Invalid HTTP_HOST header: '15.188.23.39'. You may need to add '15.188.23.39' to ALLOWED_HOSTS.
Bad Request: /phpunit/phpunit/Util/PHP/eval-stdin.php
[08/Feb/2025 22:11:42] "GET /phpunit/phpunit/Util/PHP/eval-stdin.php HTTP/1.1" 400 65457
Invalid HTTP_HOST header: '15.188.23.39'. You may need to add '15.188.23.39' to ALLOWED_HOSTS.
Traceback (most recent call last):
  File "/usr/share/nginx/toornoi/.venv/lib/python3.12/site-packages/django/core/handlers/exception.py", line 55, in inner
    response = get_response(request)
               ^^^^^^^^^^^^^^^^^^^^^
  File "/usr/share/nginx/toornoi/.venv/lib/python3.12/site-packages/django/utils/deprecation.py", line 128, in __call__
    response = self.process_request(request)
               ^^^^^^^^^^^^^^^^^^^^^^^^^^^^^
  File "/usr/share/nginx/toornoi/.venv/lib/python3.12/site-packages/django/middleware/common.py", line 48, in process_request
    host = request.get_host()
           ^^^^^^^^^^^^^^^^^^
  File "/usr/share/nginx/toornoi/.venv/lib/python3.12/site-packages/django/http/request.py", line 151, in get_host
    raise DisallowedHost(msg)
django.core.exceptions.DisallowedHost: Invalid HTTP_HOST header: '15.188.23.39'. You may need to add '15.188.23.39' to ALLOWED_HOSTS.
Bad Request: /phpunit/src/Util/PHP/eval-stdin.php
[08/Feb/2025 22:11:43] "GET /phpunit/src/Util/PHP/eval-stdin.php HTTP/1.1" 400 65413
Invalid HTTP_HOST header: '15.188.23.39'. You may need to add '15.188.23.39' to ALLOWED_HOSTS.
Traceback (most recent call last):
  File "/usr/share/nginx/toornoi/.venv/lib/python3.12/site-packages/django/core/handlers/exception.py", line 55, in inner
    response = get_response(request)
               ^^^^^^^^^^^^^^^^^^^^^
  File "/usr/share/nginx/toornoi/.venv/lib/python3.12/site-packages/django/utils/deprecation.py", line 128, in __call__
    response = self.process_request(request)
               ^^^^^^^^^^^^^^^^^^^^^^^^^^^^^
  File "/usr/share/nginx/toornoi/.venv/lib/python3.12/site-packages/django/middleware/common.py", line 48, in process_request
    host = request.get_host()
           ^^^^^^^^^^^^^^^^^^
  File "/usr/share/nginx/toornoi/.venv/lib/python3.12/site-packages/django/http/request.py", line 151, in get_host
    raise DisallowedHost(msg)
django.core.exceptions.DisallowedHost: Invalid HTTP_HOST header: '15.188.23.39'. You may need to add '15.188.23.39' to ALLOWED_HOSTS.
Bad Request: /phpunit/Util/PHP/eval-stdin.php
[08/Feb/2025 22:11:45] "GET /phpunit/Util/PHP/eval-stdin.php HTTP/1.1" 400 65369
Invalid HTTP_HOST header: '15.188.23.39'. You may need to add '15.188.23.39' to ALLOWED_HOSTS.
Traceback (most recent call last):
  File "/usr/share/nginx/toornoi/.venv/lib/python3.12/site-packages/django/core/handlers/exception.py", line 55, in inner
    response = get_response(request)
               ^^^^^^^^^^^^^^^^^^^^^
  File "/usr/share/nginx/toornoi/.venv/lib/python3.12/site-packages/django/utils/deprecation.py", line 128, in __call__
    response = self.process_request(request)
               ^^^^^^^^^^^^^^^^^^^^^^^^^^^^^
  File "/usr/share/nginx/toornoi/.venv/lib/python3.12/site-packages/django/middleware/common.py", line 48, in process_request
    host = request.get_host()
           ^^^^^^^^^^^^^^^^^^
  File "/usr/share/nginx/toornoi/.venv/lib/python3.12/site-packages/django/http/request.py", line 151, in get_host
    raise DisallowedHost(msg)
django.core.exceptions.DisallowedHost: Invalid HTTP_HOST header: '15.188.23.39'. You may need to add '15.188.23.39' to ALLOWED_HOSTS.
Bad Request: /lib/phpunit/phpunit/src/Util/PHP/eval-stdin.php
[08/Feb/2025 22:11:45] "GET /lib/phpunit/phpunit/src/Util/PHP/eval-stdin.php HTTP/1.1" 400 65545
Invalid HTTP_HOST header: '15.188.23.39'. You may need to add '15.188.23.39' to ALLOWED_HOSTS.
Traceback (most recent call last):
  File "/usr/share/nginx/toornoi/.venv/lib/python3.12/site-packages/django/core/handlers/exception.py", line 55, in inner
    response = get_response(request)
               ^^^^^^^^^^^^^^^^^^^^^
  File "/usr/share/nginx/toornoi/.venv/lib/python3.12/site-packages/django/utils/deprecation.py", line 128, in __call__
    response = self.process_request(request)
               ^^^^^^^^^^^^^^^^^^^^^^^^^^^^^
  File "/usr/share/nginx/toornoi/.venv/lib/python3.12/site-packages/django/middleware/common.py", line 48, in process_request
    host = request.get_host()
           ^^^^^^^^^^^^^^^^^^
  File "/usr/share/nginx/toornoi/.venv/lib/python3.12/site-packages/django/http/request.py", line 151, in get_host
    raise DisallowedHost(msg)
django.core.exceptions.DisallowedHost: Invalid HTTP_HOST header: '15.188.23.39'. You may need to add '15.188.23.39' to ALLOWED_HOSTS.
Bad Request: /lib/phpunit/phpunit/Util/PHP/eval-stdin.php
[08/Feb/2025 22:11:46] "GET /lib/phpunit/phpunit/Util/PHP/eval-stdin.php HTTP/1.1" 400 65501
Invalid HTTP_HOST header: '15.188.23.39'. You may need to add '15.188.23.39' to ALLOWED_HOSTS.
Traceback (most recent call last):
  File "/usr/share/nginx/toornoi/.venv/lib/python3.12/site-packages/django/core/handlers/exception.py", line 55, in inner
    response = get_response(request)
               ^^^^^^^^^^^^^^^^^^^^^
  File "/usr/share/nginx/toornoi/.venv/lib/python3.12/site-packages/django/utils/deprecation.py", line 128, in __call__
    response = self.process_request(request)
               ^^^^^^^^^^^^^^^^^^^^^^^^^^^^^
  File "/usr/share/nginx/toornoi/.venv/lib/python3.12/site-packages/django/middleware/common.py", line 48, in process_request
    host = request.get_host()
           ^^^^^^^^^^^^^^^^^^
  File "/usr/share/nginx/toornoi/.venv/lib/python3.12/site-packages/django/http/request.py", line 151, in get_host
    raise DisallowedHost(msg)
django.core.exceptions.DisallowedHost: Invalid HTTP_HOST header: '15.188.23.39'. You may need to add '15.188.23.39' to ALLOWED_HOSTS.
Bad Request: /lib/phpunit/src/Util/PHP/eval-stdin.php
[08/Feb/2025 22:11:47] "GET /lib/phpunit/src/Util/PHP/eval-stdin.php HTTP/1.1" 400 65457
Invalid HTTP_HOST header: '15.188.23.39'. You may need to add '15.188.23.39' to ALLOWED_HOSTS.
Traceback (most recent call last):
  File "/usr/share/nginx/toornoi/.venv/lib/python3.12/site-packages/django/core/handlers/exception.py", line 55, in inner
    response = get_response(request)
               ^^^^^^^^^^^^^^^^^^^^^
  File "/usr/share/nginx/toornoi/.venv/lib/python3.12/site-packages/django/utils/deprecation.py", line 128, in __call__
    response = self.process_request(request)
               ^^^^^^^^^^^^^^^^^^^^^^^^^^^^^
  File "/usr/share/nginx/toornoi/.venv/lib/python3.12/site-packages/django/middleware/common.py", line 48, in process_request
    host = request.get_host()
           ^^^^^^^^^^^^^^^^^^
  File "/usr/share/nginx/toornoi/.venv/lib/python3.12/site-packages/django/http/request.py", line 151, in get_host
    raise DisallowedHost(msg)
django.core.exceptions.DisallowedHost: Invalid HTTP_HOST header: '15.188.23.39'. You may need to add '15.188.23.39' to ALLOWED_HOSTS.
Bad Request: /lib/phpunit/Util/PHP/eval-stdin.php
[08/Feb/2025 22:11:48] "GET /lib/phpunit/Util/PHP/eval-stdin.php HTTP/1.1" 400 65413
Invalid HTTP_HOST header: '15.188.23.39'. You may need to add '15.188.23.39' to ALLOWED_HOSTS.
Traceback (most recent call last):
  File "/usr/share/nginx/toornoi/.venv/lib/python3.12/site-packages/django/core/handlers/exception.py", line 55, in inner
    response = get_response(request)
               ^^^^^^^^^^^^^^^^^^^^^
  File "/usr/share/nginx/toornoi/.venv/lib/python3.12/site-packages/django/utils/deprecation.py", line 128, in __call__
    response = self.process_request(request)
               ^^^^^^^^^^^^^^^^^^^^^^^^^^^^^
  File "/usr/share/nginx/toornoi/.venv/lib/python3.12/site-packages/django/middleware/common.py", line 48, in process_request
    host = request.get_host()
           ^^^^^^^^^^^^^^^^^^
  File "/usr/share/nginx/toornoi/.venv/lib/python3.12/site-packages/django/http/request.py", line 151, in get_host
    raise DisallowedHost(msg)
django.core.exceptions.DisallowedHost: Invalid HTTP_HOST header: '15.188.23.39'. You may need to add '15.188.23.39' to ALLOWED_HOSTS.
Bad Request: /lib/vendor/phpunit/phpunit/src/Util/PHP/eval-stdin.php
[08/Feb/2025 22:11:49] "GET /lib/vendor/phpunit/phpunit/src/Util/PHP/eval-stdin.php HTTP/1.1" 400 65622
Invalid HTTP_HOST header: '15.188.23.39'. You may need to add '15.188.23.39' to ALLOWED_HOSTS.
Traceback (most recent call last):
  File "/usr/share/nginx/toornoi/.venv/lib/python3.12/site-packages/django/core/handlers/exception.py", line 55, in inner
    response = get_response(request)
               ^^^^^^^^^^^^^^^^^^^^^
  File "/usr/share/nginx/toornoi/.venv/lib/python3.12/site-packages/django/utils/deprecation.py", line 128, in __call__
    response = self.process_request(request)
               ^^^^^^^^^^^^^^^^^^^^^^^^^^^^^
  File "/usr/share/nginx/toornoi/.venv/lib/python3.12/site-packages/django/middleware/common.py", line 48, in process_request
    host = request.get_host()
           ^^^^^^^^^^^^^^^^^^
  File "/usr/share/nginx/toornoi/.venv/lib/python3.12/site-packages/django/http/request.py", line 151, in get_host
    raise DisallowedHost(msg)
django.core.exceptions.DisallowedHost: Invalid HTTP_HOST header: '15.188.23.39'. You may need to add '15.188.23.39' to ALLOWED_HOSTS.
Bad Request: /laravel/vendor/phpunit/phpunit/src/Util/PHP/eval-stdin.php
[08/Feb/2025 22:11:50] "GET /laravel/vendor/phpunit/phpunit/src/Util/PHP/eval-stdin.php HTTP/1.1" 400 65666
Invalid HTTP_HOST header: '15.188.23.39'. You may need to add '15.188.23.39' to ALLOWED_HOSTS.
Traceback (most recent call last):
  File "/usr/share/nginx/toornoi/.venv/lib/python3.12/site-packages/django/core/handlers/exception.py", line 55, in inner
    response = get_response(request)
               ^^^^^^^^^^^^^^^^^^^^^
  File "/usr/share/nginx/toornoi/.venv/lib/python3.12/site-packages/django/utils/deprecation.py", line 128, in __call__
    response = self.process_request(request)
               ^^^^^^^^^^^^^^^^^^^^^^^^^^^^^
  File "/usr/share/nginx/toornoi/.venv/lib/python3.12/site-packages/django/middleware/common.py", line 48, in process_request
    host = request.get_host()
           ^^^^^^^^^^^^^^^^^^
  File "/usr/share/nginx/toornoi/.venv/lib/python3.12/site-packages/django/http/request.py", line 151, in get_host
    raise DisallowedHost(msg)
django.core.exceptions.DisallowedHost: Invalid HTTP_HOST header: '15.188.23.39'. You may need to add '15.188.23.39' to ALLOWED_HOSTS.
Bad Request: /www/vendor/phpunit/phpunit/src/Util/PHP/eval-stdin.php
[08/Feb/2025 22:11:51] "GET /www/vendor/phpunit/phpunit/src/Util/PHP/eval-stdin.php HTTP/1.1" 400 65622
Invalid HTTP_HOST header: '15.188.23.39'. You may need to add '15.188.23.39' to ALLOWED_HOSTS.
Traceback (most recent call last):
  File "/usr/share/nginx/toornoi/.venv/lib/python3.12/site-packages/django/core/handlers/exception.py", line 55, in inner
    response = get_response(request)
               ^^^^^^^^^^^^^^^^^^^^^
  File "/usr/share/nginx/toornoi/.venv/lib/python3.12/site-packages/django/utils/deprecation.py", line 128, in __call__
    response = self.process_request(request)
               ^^^^^^^^^^^^^^^^^^^^^^^^^^^^^
  File "/usr/share/nginx/toornoi/.venv/lib/python3.12/site-packages/django/middleware/common.py", line 48, in process_request
    host = request.get_host()
           ^^^^^^^^^^^^^^^^^^
  File "/usr/share/nginx/toornoi/.venv/lib/python3.12/site-packages/django/http/request.py", line 151, in get_host
    raise DisallowedHost(msg)
django.core.exceptions.DisallowedHost: Invalid HTTP_HOST header: '15.188.23.39'. You may need to add '15.188.23.39' to ALLOWED_HOSTS.
Bad Request: /ws/vendor/phpunit/phpunit/src/Util/PHP/eval-stdin.php
[08/Feb/2025 22:11:52] "GET /ws/vendor/phpunit/phpunit/src/Util/PHP/eval-stdin.php HTTP/1.1" 400 65611
Invalid HTTP_HOST header: '15.188.23.39'. You may need to add '15.188.23.39' to ALLOWED_HOSTS.
Traceback (most recent call last):
  File "/usr/share/nginx/toornoi/.venv/lib/python3.12/site-packages/django/core/handlers/exception.py", line 55, in inner
    response = get_response(request)
               ^^^^^^^^^^^^^^^^^^^^^
  File "/usr/share/nginx/toornoi/.venv/lib/python3.12/site-packages/django/utils/deprecation.py", line 128, in __call__
    response = self.process_request(request)
               ^^^^^^^^^^^^^^^^^^^^^^^^^^^^^
  File "/usr/share/nginx/toornoi/.venv/lib/python3.12/site-packages/django/middleware/common.py", line 48, in process_request
    host = request.get_host()
           ^^^^^^^^^^^^^^^^^^
  File "/usr/share/nginx/toornoi/.venv/lib/python3.12/site-packages/django/http/request.py", line 151, in get_host
    raise DisallowedHost(msg)
django.core.exceptions.DisallowedHost: Invalid HTTP_HOST header: '15.188.23.39'. You may need to add '15.188.23.39' to ALLOWED_HOSTS.
Bad Request: /yii/vendor/phpunit/phpunit/src/Util/PHP/eval-stdin.php
[08/Feb/2025 22:11:54] "GET /yii/vendor/phpunit/phpunit/src/Util/PHP/eval-stdin.php HTTP/1.1" 400 65622
Invalid HTTP_HOST header: '15.188.23.39'. You may need to add '15.188.23.39' to ALLOWED_HOSTS.
Traceback (most recent call last):
  File "/usr/share/nginx/toornoi/.venv/lib/python3.12/site-packages/django/core/handlers/exception.py", line 55, in inner
    response = get_response(request)
               ^^^^^^^^^^^^^^^^^^^^^
  File "/usr/share/nginx/toornoi/.venv/lib/python3.12/site-packages/django/utils/deprecation.py", line 128, in __call__
    response = self.process_request(request)
               ^^^^^^^^^^^^^^^^^^^^^^^^^^^^^
  File "/usr/share/nginx/toornoi/.venv/lib/python3.12/site-packages/django/middleware/common.py", line 48, in process_request
    host = request.get_host()
           ^^^^^^^^^^^^^^^^^^
  File "/usr/share/nginx/toornoi/.venv/lib/python3.12/site-packages/django/http/request.py", line 151, in get_host
    raise DisallowedHost(msg)
django.core.exceptions.DisallowedHost: Invalid HTTP_HOST header: '15.188.23.39'. You may need to add '15.188.23.39' to ALLOWED_HOSTS.
Bad Request: /zend/vendor/phpunit/phpunit/src/Util/PHP/eval-stdin.php
[08/Feb/2025 22:11:55] "GET /zend/vendor/phpunit/phpunit/src/Util/PHP/eval-stdin.php HTTP/1.1" 400 65633
Invalid HTTP_HOST header: '15.188.23.39'. You may need to add '15.188.23.39' to ALLOWED_HOSTS.
Traceback (most recent call last):
  File "/usr/share/nginx/toornoi/.venv/lib/python3.12/site-packages/django/core/handlers/exception.py", line 55, in inner
    response = get_response(request)
               ^^^^^^^^^^^^^^^^^^^^^
  File "/usr/share/nginx/toornoi/.venv/lib/python3.12/site-packages/django/utils/deprecation.py", line 128, in __call__
    response = self.process_request(request)
               ^^^^^^^^^^^^^^^^^^^^^^^^^^^^^
  File "/usr/share/nginx/toornoi/.venv/lib/python3.12/site-packages/django/middleware/common.py", line 48, in process_request
    host = request.get_host()
           ^^^^^^^^^^^^^^^^^^
  File "/usr/share/nginx/toornoi/.venv/lib/python3.12/site-packages/django/http/request.py", line 151, in get_host
    raise DisallowedHost(msg)
django.core.exceptions.DisallowedHost: Invalid HTTP_HOST header: '15.188.23.39'. You may need to add '15.188.23.39' to ALLOWED_HOSTS.
Bad Request: /ws/ec/vendor/phpunit/phpunit/src/Util/PHP/eval-stdin.php
[08/Feb/2025 22:11:56] "GET /ws/ec/vendor/phpunit/phpunit/src/Util/PHP/eval-stdin.php HTTP/1.1" 400 65644
Invalid HTTP_HOST header: '15.188.23.39'. You may need to add '15.188.23.39' to ALLOWED_HOSTS.
Traceback (most recent call last):
  File "/usr/share/nginx/toornoi/.venv/lib/python3.12/site-packages/django/core/handlers/exception.py", line 55, in inner
    response = get_response(request)
               ^^^^^^^^^^^^^^^^^^^^^
  File "/usr/share/nginx/toornoi/.venv/lib/python3.12/site-packages/django/utils/deprecation.py", line 128, in __call__
    response = self.process_request(request)
               ^^^^^^^^^^^^^^^^^^^^^^^^^^^^^
  File "/usr/share/nginx/toornoi/.venv/lib/python3.12/site-packages/django/middleware/common.py", line 48, in process_request
    host = request.get_host()
           ^^^^^^^^^^^^^^^^^^
  File "/usr/share/nginx/toornoi/.venv/lib/python3.12/site-packages/django/http/request.py", line 151, in get_host
    raise DisallowedHost(msg)
django.core.exceptions.DisallowedHost: Invalid HTTP_HOST header: '15.188.23.39'. You may need to add '15.188.23.39' to ALLOWED_HOSTS.
Bad Request: /V2/vendor/phpunit/phpunit/src/Util/PHP/eval-stdin.php
[08/Feb/2025 22:11:57] "GET /V2/vendor/phpunit/phpunit/src/Util/PHP/eval-stdin.php HTTP/1.1" 400 65611
Invalid HTTP_HOST header: '15.188.23.39'. You may need to add '15.188.23.39' to ALLOWED_HOSTS.
Traceback (most recent call last):
  File "/usr/share/nginx/toornoi/.venv/lib/python3.12/site-packages/django/core/handlers/exception.py", line 55, in inner
    response = get_response(request)
               ^^^^^^^^^^^^^^^^^^^^^
  File "/usr/share/nginx/toornoi/.venv/lib/python3.12/site-packages/django/utils/deprecation.py", line 128, in __call__
    response = self.process_request(request)
               ^^^^^^^^^^^^^^^^^^^^^^^^^^^^^
  File "/usr/share/nginx/toornoi/.venv/lib/python3.12/site-packages/django/middleware/common.py", line 48, in process_request
    host = request.get_host()
           ^^^^^^^^^^^^^^^^^^
  File "/usr/share/nginx/toornoi/.venv/lib/python3.12/site-packages/django/http/request.py", line 151, in get_host
    raise DisallowedHost(msg)
django.core.exceptions.DisallowedHost: Invalid HTTP_HOST header: '15.188.23.39'. You may need to add '15.188.23.39' to ALLOWED_HOSTS.
Bad Request: /tests/vendor/phpunit/phpunit/src/Util/PHP/eval-stdin.php
[08/Feb/2025 22:11:58] "GET /tests/vendor/phpunit/phpunit/src/Util/PHP/eval-stdin.php HTTP/1.1" 400 65644
Invalid HTTP_HOST header: '15.188.23.39'. You may need to add '15.188.23.39' to ALLOWED_HOSTS.
Traceback (most recent call last):
  File "/usr/share/nginx/toornoi/.venv/lib/python3.12/site-packages/django/core/handlers/exception.py", line 55, in inner
    response = get_response(request)
               ^^^^^^^^^^^^^^^^^^^^^
  File "/usr/share/nginx/toornoi/.venv/lib/python3.12/site-packages/django/utils/deprecation.py", line 128, in __call__
    response = self.process_request(request)
               ^^^^^^^^^^^^^^^^^^^^^^^^^^^^^
  File "/usr/share/nginx/toornoi/.venv/lib/python3.12/site-packages/django/middleware/common.py", line 48, in process_request
    host = request.get_host()
           ^^^^^^^^^^^^^^^^^^
  File "/usr/share/nginx/toornoi/.venv/lib/python3.12/site-packages/django/http/request.py", line 151, in get_host
    raise DisallowedHost(msg)
django.core.exceptions.DisallowedHost: Invalid HTTP_HOST header: '15.188.23.39'. You may need to add '15.188.23.39' to ALLOWED_HOSTS.
Bad Request: /test/vendor/phpunit/phpunit/src/Util/PHP/eval-stdin.php
[08/Feb/2025 22:11:59] "GET /test/vendor/phpunit/phpunit/src/Util/PHP/eval-stdin.php HTTP/1.1" 400 65633
Invalid HTTP_HOST header: '15.188.23.39'. You may need to add '15.188.23.39' to ALLOWED_HOSTS.
Traceback (most recent call last):
  File "/usr/share/nginx/toornoi/.venv/lib/python3.12/site-packages/django/core/handlers/exception.py", line 55, in inner
    response = get_response(request)
               ^^^^^^^^^^^^^^^^^^^^^
  File "/usr/share/nginx/toornoi/.venv/lib/python3.12/site-packages/django/utils/deprecation.py", line 128, in __call__
    response = self.process_request(request)
               ^^^^^^^^^^^^^^^^^^^^^^^^^^^^^
  File "/usr/share/nginx/toornoi/.venv/lib/python3.12/site-packages/django/middleware/common.py", line 48, in process_request
    host = request.get_host()
           ^^^^^^^^^^^^^^^^^^
  File "/usr/share/nginx/toornoi/.venv/lib/python3.12/site-packages/django/http/request.py", line 151, in get_host
    raise DisallowedHost(msg)
django.core.exceptions.DisallowedHost: Invalid HTTP_HOST header: '15.188.23.39'. You may need to add '15.188.23.39' to ALLOWED_HOSTS.
Bad Request: /testing/vendor/phpunit/phpunit/src/Util/PHP/eval-stdin.php
[08/Feb/2025 22:12:00] "GET /testing/vendor/phpunit/phpunit/src/Util/PHP/eval-stdin.php HTTP/1.1" 400 65666
Invalid HTTP_HOST header: '15.188.23.39'. You may need to add '15.188.23.39' to ALLOWED_HOSTS.
Traceback (most recent call last):
  File "/usr/share/nginx/toornoi/.venv/lib/python3.12/site-packages/django/core/handlers/exception.py", line 55, in inner
    response = get_response(request)
               ^^^^^^^^^^^^^^^^^^^^^
  File "/usr/share/nginx/toornoi/.venv/lib/python3.12/site-packages/django/utils/deprecation.py", line 128, in __call__
    response = self.process_request(request)
               ^^^^^^^^^^^^^^^^^^^^^^^^^^^^^
  File "/usr/share/nginx/toornoi/.venv/lib/python3.12/site-packages/django/middleware/common.py", line 48, in process_request
    host = request.get_host()
           ^^^^^^^^^^^^^^^^^^
  File "/usr/share/nginx/toornoi/.venv/lib/python3.12/site-packages/django/http/request.py", line 151, in get_host
    raise DisallowedHost(msg)
django.core.exceptions.DisallowedHost: Invalid HTTP_HOST header: '15.188.23.39'. You may need to add '15.188.23.39' to ALLOWED_HOSTS.
Bad Request: /api/vendor/phpunit/phpunit/src/Util/PHP/eval-stdin.php
[08/Feb/2025 22:12:01] "GET /api/vendor/phpunit/phpunit/src/Util/PHP/eval-stdin.php HTTP/1.1" 400 65622
Invalid HTTP_HOST header: '15.188.23.39'. You may need to add '15.188.23.39' to ALLOWED_HOSTS.
Traceback (most recent call last):
  File "/usr/share/nginx/toornoi/.venv/lib/python3.12/site-packages/django/core/handlers/exception.py", line 55, in inner
    response = get_response(request)
               ^^^^^^^^^^^^^^^^^^^^^
  File "/usr/share/nginx/toornoi/.venv/lib/python3.12/site-packages/django/utils/deprecation.py", line 128, in __call__
    response = self.process_request(request)
               ^^^^^^^^^^^^^^^^^^^^^^^^^^^^^
  File "/usr/share/nginx/toornoi/.venv/lib/python3.12/site-packages/django/middleware/common.py", line 48, in process_request
    host = request.get_host()
           ^^^^^^^^^^^^^^^^^^
  File "/usr/share/nginx/toornoi/.venv/lib/python3.12/site-packages/django/http/request.py", line 151, in get_host
    raise DisallowedHost(msg)
django.core.exceptions.DisallowedHost: Invalid HTTP_HOST header: '15.188.23.39'. You may need to add '15.188.23.39' to ALLOWED_HOSTS.
Bad Request: /demo/vendor/phpunit/phpunit/src/Util/PHP/eval-stdin.php
[08/Feb/2025 22:12:02] "GET /demo/vendor/phpunit/phpunit/src/Util/PHP/eval-stdin.php HTTP/1.1" 400 65633
Invalid HTTP_HOST header: '15.188.23.39'. You may need to add '15.188.23.39' to ALLOWED_HOSTS.
Traceback (most recent call last):
  File "/usr/share/nginx/toornoi/.venv/lib/python3.12/site-packages/django/core/handlers/exception.py", line 55, in inner
    response = get_response(request)
               ^^^^^^^^^^^^^^^^^^^^^
  File "/usr/share/nginx/toornoi/.venv/lib/python3.12/site-packages/django/utils/deprecation.py", line 128, in __call__
    response = self.process_request(request)
               ^^^^^^^^^^^^^^^^^^^^^^^^^^^^^
  File "/usr/share/nginx/toornoi/.venv/lib/python3.12/site-packages/django/middleware/common.py", line 48, in process_request
    host = request.get_host()
           ^^^^^^^^^^^^^^^^^^
  File "/usr/share/nginx/toornoi/.venv/lib/python3.12/site-packages/django/http/request.py", line 151, in get_host
    raise DisallowedHost(msg)
django.core.exceptions.DisallowedHost: Invalid HTTP_HOST header: '15.188.23.39'. You may need to add '15.188.23.39' to ALLOWED_HOSTS.
Bad Request: /cms/vendor/phpunit/phpunit/src/Util/PHP/eval-stdin.php
[08/Feb/2025 22:12:03] "GET /cms/vendor/phpunit/phpunit/src/Util/PHP/eval-stdin.php HTTP/1.1" 400 65622
Invalid HTTP_HOST header: '15.188.23.39'. You may need to add '15.188.23.39' to ALLOWED_HOSTS.
Traceback (most recent call last):
  File "/usr/share/nginx/toornoi/.venv/lib/python3.12/site-packages/django/core/handlers/exception.py", line 55, in inner
    response = get_response(request)
               ^^^^^^^^^^^^^^^^^^^^^
  File "/usr/share/nginx/toornoi/.venv/lib/python3.12/site-packages/django/utils/deprecation.py", line 128, in __call__
    response = self.process_request(request)
               ^^^^^^^^^^^^^^^^^^^^^^^^^^^^^
  File "/usr/share/nginx/toornoi/.venv/lib/python3.12/site-packages/django/middleware/common.py", line 48, in process_request
    host = request.get_host()
           ^^^^^^^^^^^^^^^^^^
  File "/usr/share/nginx/toornoi/.venv/lib/python3.12/site-packages/django/http/request.py", line 151, in get_host
    raise DisallowedHost(msg)
django.core.exceptions.DisallowedHost: Invalid HTTP_HOST header: '15.188.23.39'. You may need to add '15.188.23.39' to ALLOWED_HOSTS.
Bad Request: /crm/vendor/phpunit/phpunit/src/Util/PHP/eval-stdin.php
[08/Feb/2025 22:12:04] "GET /crm/vendor/phpunit/phpunit/src/Util/PHP/eval-stdin.php HTTP/1.1" 400 65622
Invalid HTTP_HOST header: '15.188.23.39'. You may need to add '15.188.23.39' to ALLOWED_HOSTS.
Traceback (most recent call last):
  File "/usr/share/nginx/toornoi/.venv/lib/python3.12/site-packages/django/core/handlers/exception.py", line 55, in inner
    response = get_response(request)
               ^^^^^^^^^^^^^^^^^^^^^
  File "/usr/share/nginx/toornoi/.venv/lib/python3.12/site-packages/django/utils/deprecation.py", line 128, in __call__
    response = self.process_request(request)
               ^^^^^^^^^^^^^^^^^^^^^^^^^^^^^
  File "/usr/share/nginx/toornoi/.venv/lib/python3.12/site-packages/django/middleware/common.py", line 48, in process_request
    host = request.get_host()
           ^^^^^^^^^^^^^^^^^^
  File "/usr/share/nginx/toornoi/.venv/lib/python3.12/site-packages/django/http/request.py", line 151, in get_host
    raise DisallowedHost(msg)
django.core.exceptions.DisallowedHost: Invalid HTTP_HOST header: '15.188.23.39'. You may need to add '15.188.23.39' to ALLOWED_HOSTS.
Bad Request: /admin/vendor/phpunit/phpunit/src/Util/PHP/eval-stdin.php
[08/Feb/2025 22:12:05] "GET /admin/vendor/phpunit/phpunit/src/Util/PHP/eval-stdin.php HTTP/1.1" 400 65763
Invalid HTTP_HOST header: '15.188.23.39'. You may need to add '15.188.23.39' to ALLOWED_HOSTS.
Traceback (most recent call last):
  File "/usr/share/nginx/toornoi/.venv/lib/python3.12/site-packages/django/core/handlers/exception.py", line 55, in inner
    response = get_response(request)
               ^^^^^^^^^^^^^^^^^^^^^
  File "/usr/share/nginx/toornoi/.venv/lib/python3.12/site-packages/django/utils/deprecation.py", line 128, in __call__
    response = self.process_request(request)
               ^^^^^^^^^^^^^^^^^^^^^^^^^^^^^
  File "/usr/share/nginx/toornoi/.venv/lib/python3.12/site-packages/django/middleware/common.py", line 48, in process_request
    host = request.get_host()
           ^^^^^^^^^^^^^^^^^^
  File "/usr/share/nginx/toornoi/.venv/lib/python3.12/site-packages/django/http/request.py", line 151, in get_host
    raise DisallowedHost(msg)
django.core.exceptions.DisallowedHost: Invalid HTTP_HOST header: '15.188.23.39'. You may need to add '15.188.23.39' to ALLOWED_HOSTS.
Bad Request: /backup/vendor/phpunit/phpunit/src/Util/PHP/eval-stdin.php
[08/Feb/2025 22:12:06] "GET /backup/vendor/phpunit/phpunit/src/Util/PHP/eval-stdin.php HTTP/1.1" 400 65655
Invalid HTTP_HOST header: '15.188.23.39'. You may need to add '15.188.23.39' to ALLOWED_HOSTS.
Traceback (most recent call last):
  File "/usr/share/nginx/toornoi/.venv/lib/python3.12/site-packages/django/core/handlers/exception.py", line 55, in inner
    response = get_response(request)
               ^^^^^^^^^^^^^^^^^^^^^
  File "/usr/share/nginx/toornoi/.venv/lib/python3.12/site-packages/django/utils/deprecation.py", line 128, in __call__
    response = self.process_request(request)
               ^^^^^^^^^^^^^^^^^^^^^^^^^^^^^
  File "/usr/share/nginx/toornoi/.venv/lib/python3.12/site-packages/django/middleware/common.py", line 48, in process_request
    host = request.get_host()
           ^^^^^^^^^^^^^^^^^^
  File "/usr/share/nginx/toornoi/.venv/lib/python3.12/site-packages/django/http/request.py", line 151, in get_host
    raise DisallowedHost(msg)
django.core.exceptions.DisallowedHost: Invalid HTTP_HOST header: '15.188.23.39'. You may need to add '15.188.23.39' to ALLOWED_HOSTS.
Bad Request: /blog/vendor/phpunit/phpunit/src/Util/PHP/eval-stdin.php
[08/Feb/2025 22:12:07] "GET /blog/vendor/phpunit/phpunit/src/Util/PHP/eval-stdin.php HTTP/1.1" 400 65633
Invalid HTTP_HOST header: '15.188.23.39'. You may need to add '15.188.23.39' to ALLOWED_HOSTS.
Traceback (most recent call last):
  File "/usr/share/nginx/toornoi/.venv/lib/python3.12/site-packages/django/core/handlers/exception.py", line 55, in inner
    response = get_response(request)
               ^^^^^^^^^^^^^^^^^^^^^
  File "/usr/share/nginx/toornoi/.venv/lib/python3.12/site-packages/django/utils/deprecation.py", line 128, in __call__
    response = self.process_request(request)
               ^^^^^^^^^^^^^^^^^^^^^^^^^^^^^
  File "/usr/share/nginx/toornoi/.venv/lib/python3.12/site-packages/django/middleware/common.py", line 48, in process_request
    host = request.get_host()
           ^^^^^^^^^^^^^^^^^^
  File "/usr/share/nginx/toornoi/.venv/lib/python3.12/site-packages/django/http/request.py", line 151, in get_host
    raise DisallowedHost(msg)
django.core.exceptions.DisallowedHost: Invalid HTTP_HOST header: '15.188.23.39'. You may need to add '15.188.23.39' to ALLOWED_HOSTS.
Bad Request: /workspace/drupal/vendor/phpunit/phpunit/src/Util/PHP/eval-stdin.php
[08/Feb/2025 22:12:08] "GET /workspace/drupal/vendor/phpunit/phpunit/src/Util/PHP/eval-stdin.php HTTP/1.1" 400 65765
Invalid HTTP_HOST header: '15.188.23.39'. You may need to add '15.188.23.39' to ALLOWED_HOSTS.
Traceback (most recent call last):
  File "/usr/share/nginx/toornoi/.venv/lib/python3.12/site-packages/django/core/handlers/exception.py", line 55, in inner
    response = get_response(request)
               ^^^^^^^^^^^^^^^^^^^^^
  File "/usr/share/nginx/toornoi/.venv/lib/python3.12/site-packages/django/utils/deprecation.py", line 128, in __call__
    response = self.process_request(request)
               ^^^^^^^^^^^^^^^^^^^^^^^^^^^^^
  File "/usr/share/nginx/toornoi/.venv/lib/python3.12/site-packages/django/middleware/common.py", line 48, in process_request
    host = request.get_host()
           ^^^^^^^^^^^^^^^^^^
  File "/usr/share/nginx/toornoi/.venv/lib/python3.12/site-packages/django/http/request.py", line 151, in get_host
    raise DisallowedHost(msg)
django.core.exceptions.DisallowedHost: Invalid HTTP_HOST header: '15.188.23.39'. You may need to add '15.188.23.39' to ALLOWED_HOSTS.
Bad Request: /panel/vendor/phpunit/phpunit/src/Util/PHP/eval-stdin.php
[08/Feb/2025 22:12:09] "GET /panel/vendor/phpunit/phpunit/src/Util/PHP/eval-stdin.php HTTP/1.1" 400 65644
Invalid HTTP_HOST header: '15.188.23.39'. You may need to add '15.188.23.39' to ALLOWED_HOSTS.
Traceback (most recent call last):
  File "/usr/share/nginx/toornoi/.venv/lib/python3.12/site-packages/django/core/handlers/exception.py", line 55, in inner
    response = get_response(request)
               ^^^^^^^^^^^^^^^^^^^^^
  File "/usr/share/nginx/toornoi/.venv/lib/python3.12/site-packages/django/utils/deprecation.py", line 128, in __call__
    response = self.process_request(request)
               ^^^^^^^^^^^^^^^^^^^^^^^^^^^^^
  File "/usr/share/nginx/toornoi/.venv/lib/python3.12/site-packages/django/middleware/common.py", line 48, in process_request
    host = request.get_host()
           ^^^^^^^^^^^^^^^^^^
  File "/usr/share/nginx/toornoi/.venv/lib/python3.12/site-packages/django/http/request.py", line 151, in get_host
    raise DisallowedHost(msg)
django.core.exceptions.DisallowedHost: Invalid HTTP_HOST header: '15.188.23.39'. You may need to add '15.188.23.39' to ALLOWED_HOSTS.
Bad Request: /public/vendor/phpunit/phpunit/src/Util/PHP/eval-stdin.php
[08/Feb/2025 22:12:10] "GET /public/vendor/phpunit/phpunit/src/Util/PHP/eval-stdin.php HTTP/1.1" 400 65655
Invalid HTTP_HOST header: '15.188.23.39'. You may need to add '15.188.23.39' to ALLOWED_HOSTS.
Traceback (most recent call last):
  File "/usr/share/nginx/toornoi/.venv/lib/python3.12/site-packages/django/core/handlers/exception.py", line 55, in inner
    response = get_response(request)
               ^^^^^^^^^^^^^^^^^^^^^
  File "/usr/share/nginx/toornoi/.venv/lib/python3.12/site-packages/django/utils/deprecation.py", line 128, in __call__
    response = self.process_request(request)
               ^^^^^^^^^^^^^^^^^^^^^^^^^^^^^
  File "/usr/share/nginx/toornoi/.venv/lib/python3.12/site-packages/django/middleware/common.py", line 48, in process_request
    host = request.get_host()
           ^^^^^^^^^^^^^^^^^^
  File "/usr/share/nginx/toornoi/.venv/lib/python3.12/site-packages/django/http/request.py", line 151, in get_host
    raise DisallowedHost(msg)
django.core.exceptions.DisallowedHost: Invalid HTTP_HOST header: '15.188.23.39'. You may need to add '15.188.23.39' to ALLOWED_HOSTS.
Bad Request: /apps/vendor/phpunit/phpunit/src/Util/PHP/eval-stdin.php
[08/Feb/2025 22:12:11] "GET /apps/vendor/phpunit/phpunit/src/Util/PHP/eval-stdin.php HTTP/1.1" 400 65633
Invalid HTTP_HOST header: '15.188.23.39'. You may need to add '15.188.23.39' to ALLOWED_HOSTS.
Traceback (most recent call last):
  File "/usr/share/nginx/toornoi/.venv/lib/python3.12/site-packages/django/core/handlers/exception.py", line 55, in inner
    response = get_response(request)
               ^^^^^^^^^^^^^^^^^^^^^
  File "/usr/share/nginx/toornoi/.venv/lib/python3.12/site-packages/django/utils/deprecation.py", line 128, in __call__
    response = self.process_request(request)
               ^^^^^^^^^^^^^^^^^^^^^^^^^^^^^
  File "/usr/share/nginx/toornoi/.venv/lib/python3.12/site-packages/django/middleware/common.py", line 48, in process_request
    host = request.get_host()
           ^^^^^^^^^^^^^^^^^^
  File "/usr/share/nginx/toornoi/.venv/lib/python3.12/site-packages/django/http/request.py", line 151, in get_host
    raise DisallowedHost(msg)
django.core.exceptions.DisallowedHost: Invalid HTTP_HOST header: '15.188.23.39'. You may need to add '15.188.23.39' to ALLOWED_HOSTS.
Bad Request: /app/vendor/phpunit/phpunit/src/Util/PHP/eval-stdin.php
[08/Feb/2025 22:12:12] "GET /app/vendor/phpunit/phpunit/src/Util/PHP/eval-stdin.php HTTP/1.1" 400 65622
Invalid HTTP_HOST header: '15.188.23.39'. You may need to add '15.188.23.39' to ALLOWED_HOSTS.
Traceback (most recent call last):
  File "/usr/share/nginx/toornoi/.venv/lib/python3.12/site-packages/django/core/handlers/exception.py", line 55, in inner
    response = get_response(request)
               ^^^^^^^^^^^^^^^^^^^^^
  File "/usr/share/nginx/toornoi/.venv/lib/python3.12/site-packages/django/utils/deprecation.py", line 128, in __call__
    response = self.process_request(request)
               ^^^^^^^^^^^^^^^^^^^^^^^^^^^^^
  File "/usr/share/nginx/toornoi/.venv/lib/python3.12/site-packages/django/middleware/common.py", line 48, in process_request
    host = request.get_host()
           ^^^^^^^^^^^^^^^^^^
  File "/usr/share/nginx/toornoi/.venv/lib/python3.12/site-packages/django/http/request.py", line 151, in get_host
    raise DisallowedHost(msg)
django.core.exceptions.DisallowedHost: Invalid HTTP_HOST header: '15.188.23.39'. You may need to add '15.188.23.39' to ALLOWED_HOSTS.
Bad Request: /index.php
[08/Feb/2025 22:12:13] "GET /index.php?s=/index/\think\app/invokefunction&function=call_user_func_array&vars[0]=md5&vars[1][]=Hello HTTP/1.1" 400 66637
Invalid HTTP_HOST header: '15.188.23.39'. You may need to add '15.188.23.39' to ALLOWED_HOSTS.
Traceback (most recent call last):
  File "/usr/share/nginx/toornoi/.venv/lib/python3.12/site-packages/django/core/handlers/exception.py", line 55, in inner
    response = get_response(request)
               ^^^^^^^^^^^^^^^^^^^^^
  File "/usr/share/nginx/toornoi/.venv/lib/python3.12/site-packages/django/utils/deprecation.py", line 128, in __call__
    response = self.process_request(request)
               ^^^^^^^^^^^^^^^^^^^^^^^^^^^^^
  File "/usr/share/nginx/toornoi/.venv/lib/python3.12/site-packages/django/middleware/common.py", line 48, in process_request
    host = request.get_host()
           ^^^^^^^^^^^^^^^^^^
  File "/usr/share/nginx/toornoi/.venv/lib/python3.12/site-packages/django/http/request.py", line 151, in get_host
    raise DisallowedHost(msg)
django.core.exceptions.DisallowedHost: Invalid HTTP_HOST header: '15.188.23.39'. You may need to add '15.188.23.39' to ALLOWED_HOSTS.
Bad Request: /public/index.php
[08/Feb/2025 22:12:14] "GET /public/index.php?s=/index/\think\app/invokefunction&function=call_user_func_array&vars[0]=md5&vars[1][]=Hello HTTP/1.1" 400 66714
Invalid HTTP_HOST header: '15.188.23.39'. You may need to add '15.188.23.39' to ALLOWED_HOSTS.
Traceback (most recent call last):
  File "/usr/share/nginx/toornoi/.venv/lib/python3.12/site-packages/django/core/handlers/exception.py", line 55, in inner
    response = get_response(request)
               ^^^^^^^^^^^^^^^^^^^^^
  File "/usr/share/nginx/toornoi/.venv/lib/python3.12/site-packages/django/utils/deprecation.py", line 128, in __call__
    response = self.process_request(request)
               ^^^^^^^^^^^^^^^^^^^^^^^^^^^^^
  File "/usr/share/nginx/toornoi/.venv/lib/python3.12/site-packages/django/middleware/common.py", line 48, in process_request
    host = request.get_host()
           ^^^^^^^^^^^^^^^^^^
  File "/usr/share/nginx/toornoi/.venv/lib/python3.12/site-packages/django/http/request.py", line 151, in get_host
    raise DisallowedHost(msg)
django.core.exceptions.DisallowedHost: Invalid HTTP_HOST header: '15.188.23.39'. You may need to add '15.188.23.39' to ALLOWED_HOSTS.
Bad Request: /index.php
[08/Feb/2025 22:12:15] "GET /index.php?lang=../../../../../../../../usr/local/lib/php/pearcmd&+config-create+/&/<?echo(md5("hi"));?>+/tmp/index1.php HTTP/1.1" 400 66681
Invalid HTTP_HOST header: '15.188.23.39'. You may need to add '15.188.23.39' to ALLOWED_HOSTS.
Traceback (most recent call last):
  File "/usr/share/nginx/toornoi/.venv/lib/python3.12/site-packages/django/core/handlers/exception.py", line 55, in inner
    response = get_response(request)
               ^^^^^^^^^^^^^^^^^^^^^
  File "/usr/share/nginx/toornoi/.venv/lib/python3.12/site-packages/django/utils/deprecation.py", line 128, in __call__
    response = self.process_request(request)
               ^^^^^^^^^^^^^^^^^^^^^^^^^^^^^
  File "/usr/share/nginx/toornoi/.venv/lib/python3.12/site-packages/django/middleware/common.py", line 48, in process_request
    host = request.get_host()
           ^^^^^^^^^^^^^^^^^^
  File "/usr/share/nginx/toornoi/.venv/lib/python3.12/site-packages/django/http/request.py", line 151, in get_host
    raise DisallowedHost(msg)
django.core.exceptions.DisallowedHost: Invalid HTTP_HOST header: '15.188.23.39'. You may need to add '15.188.23.39' to ALLOWED_HOSTS.
Bad Request: /index.php
[08/Feb/2025 22:12:16] "GET /index.php?lang=../../../../../../../../tmp/index1 HTTP/1.1" 400 65747
Invalid HTTP_HOST header: '15.188.23.39'. You may need to add '15.188.23.39' to ALLOWED_HOSTS.
Traceback (most recent call last):
  File "/usr/share/nginx/toornoi/.venv/lib/python3.12/site-packages/django/core/handlers/exception.py", line 55, in inner
    response = get_response(request)
               ^^^^^^^^^^^^^^^^^^^^^
  File "/usr/share/nginx/toornoi/.venv/lib/python3.12/site-packages/django/utils/deprecation.py", line 128, in __call__
    response = self.process_request(request)
               ^^^^^^^^^^^^^^^^^^^^^^^^^^^^^
  File "/usr/share/nginx/toornoi/.venv/lib/python3.12/site-packages/django/middleware/common.py", line 48, in process_request
    host = request.get_host()
           ^^^^^^^^^^^^^^^^^^
  File "/usr/share/nginx/toornoi/.venv/lib/python3.12/site-packages/django/http/request.py", line 151, in get_host
    raise DisallowedHost(msg)
django.core.exceptions.DisallowedHost: Invalid HTTP_HOST header: '15.188.23.39'. You may need to add '15.188.23.39' to ALLOWED_HOSTS.
Bad Request: /containers/json
[08/Feb/2025 22:12:18] "GET /containers/json HTTP/1.1" 400 65191
Invalid HTTP_HOST header: '15.188.23.39'. You may need to add '15.188.23.39' to ALLOWED_HOSTS.
Traceback (most recent call last):
  File "/usr/share/nginx/toornoi/.venv/lib/python3.12/site-packages/django/core/handlers/exception.py", line 55, in inner
    response = get_response(request)
               ^^^^^^^^^^^^^^^^^^^^^
  File "/usr/share/nginx/toornoi/.venv/lib/python3.12/site-packages/django/utils/deprecation.py", line 128, in __call__
    response = self.process_request(request)
               ^^^^^^^^^^^^^^^^^^^^^^^^^^^^^
  File "/usr/share/nginx/toornoi/.venv/lib/python3.12/site-packages/django/middleware/common.py", line 48, in process_request
    host = request.get_host()
           ^^^^^^^^^^^^^^^^^^
  File "/usr/share/nginx/toornoi/.venv/lib/python3.12/site-packages/django/http/request.py", line 151, in get_host
    raise DisallowedHost(msg)
django.core.exceptions.DisallowedHost: Invalid HTTP_HOST header: '15.188.23.39'. You may need to add '15.188.23.39' to ALLOWED_HOSTS.
Bad Request: /.env
[08/Feb/2025 22:14:12] "GET /.env HTTP/1.1" 400 65429
Invalid HTTP_HOST header: '15.188.23.39'. You may need to add '15.188.23.39' to ALLOWED_HOSTS.
Traceback (most recent call last):
  File "/usr/share/nginx/toornoi/.venv/lib/python3.12/site-packages/django/core/handlers/exception.py", line 55, in inner
    response = get_response(request)
               ^^^^^^^^^^^^^^^^^^^^^
  File "/usr/share/nginx/toornoi/.venv/lib/python3.12/site-packages/django/utils/deprecation.py", line 128, in __call__
    response = self.process_request(request)
               ^^^^^^^^^^^^^^^^^^^^^^^^^^^^^
  File "/usr/share/nginx/toornoi/.venv/lib/python3.12/site-packages/django/middleware/common.py", line 48, in process_request
    host = request.get_host()
           ^^^^^^^^^^^^^^^^^^
  File "/usr/share/nginx/toornoi/.venv/lib/python3.12/site-packages/django/http/request.py", line 151, in get_host
    raise DisallowedHost(msg)
django.core.exceptions.DisallowedHost: Invalid HTTP_HOST header: '15.188.23.39'. You may need to add '15.188.23.39' to ALLOWED_HOSTS.
Bad Request: /.env
[08/Feb/2025 22:15:25] "GET /.env HTTP/1.1" 400 65291
Invalid HTTP_HOST header: '15-188-23-39.cprapid.com'. You may need to add '15-188-23-39.cprapid.com' to ALLOWED_HOSTS.
Traceback (most recent call last):
  File "/usr/share/nginx/toornoi/.venv/lib/python3.12/site-packages/django/core/handlers/exception.py", line 55, in inner
    response = get_response(request)
               ^^^^^^^^^^^^^^^^^^^^^
  File "/usr/share/nginx/toornoi/.venv/lib/python3.12/site-packages/django/utils/deprecation.py", line 128, in __call__
    response = self.process_request(request)
               ^^^^^^^^^^^^^^^^^^^^^^^^^^^^^
  File "/usr/share/nginx/toornoi/.venv/lib/python3.12/site-packages/django/middleware/common.py", line 48, in process_request
    host = request.get_host()
           ^^^^^^^^^^^^^^^^^^
  File "/usr/share/nginx/toornoi/.venv/lib/python3.12/site-packages/django/http/request.py", line 151, in get_host
    raise DisallowedHost(msg)
django.core.exceptions.DisallowedHost: Invalid HTTP_HOST header: '15-188-23-39.cprapid.com'. You may need to add '15-188-23-39.cprapid.com' to ALLOWED_HOSTS.
Bad Request: /
[08/Feb/2025 23:14:42] "GET / HTTP/1.1" 400 65535
Invalid HTTP_HOST header: '15.188.23.39'. You may need to add '15.188.23.39' to ALLOWED_HOSTS.
Traceback (most recent call last):
  File "/usr/share/nginx/toornoi/.venv/lib/python3.12/site-packages/django/core/handlers/exception.py", line 55, in inner
    response = get_response(request)
               ^^^^^^^^^^^^^^^^^^^^^
  File "/usr/share/nginx/toornoi/.venv/lib/python3.12/site-packages/django/utils/deprecation.py", line 128, in __call__
    response = self.process_request(request)
               ^^^^^^^^^^^^^^^^^^^^^^^^^^^^^
  File "/usr/share/nginx/toornoi/.venv/lib/python3.12/site-packages/django/middleware/common.py", line 48, in process_request
    host = request.get_host()
           ^^^^^^^^^^^^^^^^^^
  File "/usr/share/nginx/toornoi/.venv/lib/python3.12/site-packages/django/http/request.py", line 151, in get_host
    raise DisallowedHost(msg)
django.core.exceptions.DisallowedHost: Invalid HTTP_HOST header: '15.188.23.39'. You may need to add '15.188.23.39' to ALLOWED_HOSTS.
Bad Request: /
[08/Feb/2025 23:55:12] "GET / HTTP/1.1" 400 65083
Invalid HTTP_HOST header: 'www.15-188-23-39.cprapid.com'. You may need to add 'www.15-188-23-39.cprapid.com' to ALLOWED_HOSTS.
Traceback (most recent call last):
  File "/usr/share/nginx/toornoi/.venv/lib/python3.12/site-packages/django/core/handlers/exception.py", line 55, in inner
    response = get_response(request)
               ^^^^^^^^^^^^^^^^^^^^^
  File "/usr/share/nginx/toornoi/.venv/lib/python3.12/site-packages/django/utils/deprecation.py", line 128, in __call__
    response = self.process_request(request)
               ^^^^^^^^^^^^^^^^^^^^^^^^^^^^^
  File "/usr/share/nginx/toornoi/.venv/lib/python3.12/site-packages/django/middleware/common.py", line 48, in process_request
    host = request.get_host()
           ^^^^^^^^^^^^^^^^^^
  File "/usr/share/nginx/toornoi/.venv/lib/python3.12/site-packages/django/http/request.py", line 151, in get_host
    raise DisallowedHost(msg)
django.core.exceptions.DisallowedHost: Invalid HTTP_HOST header: 'www.15-188-23-39.cprapid.com'. You may need to add 'www.15-188-23-39.cprapid.com' to ALLOWED_HOSTS.
Bad Request: /wp-login.php
[08/Feb/2025 23:57:08] "GET /wp-login.php HTTP/1.1" 400 65477
Invalid HTTP_HOST header: '15.188.23.39'. You may need to add '15.188.23.39' to ALLOWED_HOSTS.
Traceback (most recent call last):
  File "/usr/share/nginx/toornoi/.venv/lib/python3.12/site-packages/django/core/handlers/exception.py", line 55, in inner
    response = get_response(request)
               ^^^^^^^^^^^^^^^^^^^^^
  File "/usr/share/nginx/toornoi/.venv/lib/python3.12/site-packages/django/utils/deprecation.py", line 128, in __call__
    response = self.process_request(request)
               ^^^^^^^^^^^^^^^^^^^^^^^^^^^^^
  File "/usr/share/nginx/toornoi/.venv/lib/python3.12/site-packages/django/middleware/common.py", line 48, in process_request
    host = request.get_host()
           ^^^^^^^^^^^^^^^^^^
  File "/usr/share/nginx/toornoi/.venv/lib/python3.12/site-packages/django/http/request.py", line 151, in get_host
    raise DisallowedHost(msg)
django.core.exceptions.DisallowedHost: Invalid HTTP_HOST header: '15.188.23.39'. You may need to add '15.188.23.39' to ALLOWED_HOSTS.
Bad Request: /
[09/Feb/2025 01:05:11] "GET / HTTP/1.1" 400 65597
Invalid HTTP_HOST header: '15.188.23.39'. You may need to add '15.188.23.39' to ALLOWED_HOSTS.
Traceback (most recent call last):
  File "/usr/share/nginx/toornoi/.venv/lib/python3.12/site-packages/django/core/handlers/exception.py", line 55, in inner
    response = get_response(request)
               ^^^^^^^^^^^^^^^^^^^^^
  File "/usr/share/nginx/toornoi/.venv/lib/python3.12/site-packages/django/utils/deprecation.py", line 128, in __call__
    response = self.process_request(request)
               ^^^^^^^^^^^^^^^^^^^^^^^^^^^^^
  File "/usr/share/nginx/toornoi/.venv/lib/python3.12/site-packages/django/middleware/common.py", line 48, in process_request
    host = request.get_host()
           ^^^^^^^^^^^^^^^^^^
  File "/usr/share/nginx/toornoi/.venv/lib/python3.12/site-packages/django/http/request.py", line 151, in get_host
    raise DisallowedHost(msg)
django.core.exceptions.DisallowedHost: Invalid HTTP_HOST header: '15.188.23.39'. You may need to add '15.188.23.39' to ALLOWED_HOSTS.
Bad Request: /
[09/Feb/2025 01:39:36] "GET / HTTP/1.1" 400 65349
Not Found: /.git/config
[09/Feb/2025 03:17:47] "GET /.git/config HTTP/1.1" 404 8624
Invalid HTTP_HOST header: '15.188.23.39'. You may need to add '15.188.23.39' to ALLOWED_HOSTS.
Traceback (most recent call last):
  File "/usr/share/nginx/toornoi/.venv/lib/python3.12/site-packages/django/core/handlers/exception.py", line 55, in inner
    response = get_response(request)
               ^^^^^^^^^^^^^^^^^^^^^
  File "/usr/share/nginx/toornoi/.venv/lib/python3.12/site-packages/django/utils/deprecation.py", line 128, in __call__
    response = self.process_request(request)
               ^^^^^^^^^^^^^^^^^^^^^^^^^^^^^
  File "/usr/share/nginx/toornoi/.venv/lib/python3.12/site-packages/django/middleware/common.py", line 48, in process_request
    host = request.get_host()
           ^^^^^^^^^^^^^^^^^^
  File "/usr/share/nginx/toornoi/.venv/lib/python3.12/site-packages/django/http/request.py", line 151, in get_host
    raise DisallowedHost(msg)
django.core.exceptions.DisallowedHost: Invalid HTTP_HOST header: '15.188.23.39'. You may need to add '15.188.23.39' to ALLOWED_HOSTS.
Bad Request: /
[09/Feb/2025 03:25:45] "GET / HTTP/1.1" 400 65289
Invalid HTTP_HOST header: '15.188.23.39'. You may need to add '15.188.23.39' to ALLOWED_HOSTS.
Traceback (most recent call last):
  File "/usr/share/nginx/toornoi/.venv/lib/python3.12/site-packages/django/core/handlers/exception.py", line 55, in inner
    response = get_response(request)
               ^^^^^^^^^^^^^^^^^^^^^
  File "/usr/share/nginx/toornoi/.venv/lib/python3.12/site-packages/django/utils/deprecation.py", line 128, in __call__
    response = self.process_request(request)
               ^^^^^^^^^^^^^^^^^^^^^^^^^^^^^
  File "/usr/share/nginx/toornoi/.venv/lib/python3.12/site-packages/django/middleware/common.py", line 48, in process_request
    host = request.get_host()
           ^^^^^^^^^^^^^^^^^^
  File "/usr/share/nginx/toornoi/.venv/lib/python3.12/site-packages/django/http/request.py", line 151, in get_host
    raise DisallowedHost(msg)
django.core.exceptions.DisallowedHost: Invalid HTTP_HOST header: '15.188.23.39'. You may need to add '15.188.23.39' to ALLOWED_HOSTS.
Bad Request: /
[09/Feb/2025 03:37:02] "GET / HTTP/1.1" 400 65229
Invalid HTTP_HOST header: '15.188.23.39'. You may need to add '15.188.23.39' to ALLOWED_HOSTS.
Traceback (most recent call last):
  File "/usr/share/nginx/toornoi/.venv/lib/python3.12/site-packages/django/core/handlers/exception.py", line 55, in inner
    response = get_response(request)
               ^^^^^^^^^^^^^^^^^^^^^
  File "/usr/share/nginx/toornoi/.venv/lib/python3.12/site-packages/django/utils/deprecation.py", line 128, in __call__
    response = self.process_request(request)
               ^^^^^^^^^^^^^^^^^^^^^^^^^^^^^
  File "/usr/share/nginx/toornoi/.venv/lib/python3.12/site-packages/django/middleware/common.py", line 48, in process_request
    host = request.get_host()
           ^^^^^^^^^^^^^^^^^^
  File "/usr/share/nginx/toornoi/.venv/lib/python3.12/site-packages/django/http/request.py", line 151, in get_host
    raise DisallowedHost(msg)
django.core.exceptions.DisallowedHost: Invalid HTTP_HOST header: '15.188.23.39'. You may need to add '15.188.23.39' to ALLOWED_HOSTS.
Bad Request: /ab2g
[09/Feb/2025 04:28:11] "GET /ab2g HTTP/1.1" 400 65061
Invalid HTTP_HOST header: '15.188.23.39'. You may need to add '15.188.23.39' to ALLOWED_HOSTS.
Traceback (most recent call last):
  File "/usr/share/nginx/toornoi/.venv/lib/python3.12/site-packages/django/core/handlers/exception.py", line 55, in inner
    response = get_response(request)
               ^^^^^^^^^^^^^^^^^^^^^
  File "/usr/share/nginx/toornoi/.venv/lib/python3.12/site-packages/django/utils/deprecation.py", line 128, in __call__
    response = self.process_request(request)
               ^^^^^^^^^^^^^^^^^^^^^^^^^^^^^
  File "/usr/share/nginx/toornoi/.venv/lib/python3.12/site-packages/django/middleware/common.py", line 48, in process_request
    host = request.get_host()
           ^^^^^^^^^^^^^^^^^^
  File "/usr/share/nginx/toornoi/.venv/lib/python3.12/site-packages/django/http/request.py", line 151, in get_host
    raise DisallowedHost(msg)
django.core.exceptions.DisallowedHost: Invalid HTTP_HOST header: '15.188.23.39'. You may need to add '15.188.23.39' to ALLOWED_HOSTS.
Bad Request: /ab2h
[09/Feb/2025 04:28:12] "GET /ab2h HTTP/1.1" 400 65061
Invalid HTTP_HOST header: '15.188.23.39'. You may need to add '15.188.23.39' to ALLOWED_HOSTS.
Traceback (most recent call last):
  File "/usr/share/nginx/toornoi/.venv/lib/python3.12/site-packages/django/core/handlers/exception.py", line 55, in inner
    response = get_response(request)
               ^^^^^^^^^^^^^^^^^^^^^
  File "/usr/share/nginx/toornoi/.venv/lib/python3.12/site-packages/django/utils/deprecation.py", line 128, in __call__
    response = self.process_request(request)
               ^^^^^^^^^^^^^^^^^^^^^^^^^^^^^
  File "/usr/share/nginx/toornoi/.venv/lib/python3.12/site-packages/django/middleware/common.py", line 48, in process_request
    host = request.get_host()
           ^^^^^^^^^^^^^^^^^^
  File "/usr/share/nginx/toornoi/.venv/lib/python3.12/site-packages/django/http/request.py", line 151, in get_host
    raise DisallowedHost(msg)
django.core.exceptions.DisallowedHost: Invalid HTTP_HOST header: '15.188.23.39'. You may need to add '15.188.23.39' to ALLOWED_HOSTS.
Bad Request: /alive.php
[09/Feb/2025 04:28:13] "GET /alive.php HTTP/1.1" 400 65328
Invalid HTTP_HOST header: '15.188.23.39'. You may need to add '15.188.23.39' to ALLOWED_HOSTS.
Traceback (most recent call last):
  File "/usr/share/nginx/toornoi/.venv/lib/python3.12/site-packages/django/core/handlers/exception.py", line 55, in inner
    response = get_response(request)
               ^^^^^^^^^^^^^^^^^^^^^
  File "/usr/share/nginx/toornoi/.venv/lib/python3.12/site-packages/django/utils/deprecation.py", line 128, in __call__
    response = self.process_request(request)
               ^^^^^^^^^^^^^^^^^^^^^^^^^^^^^
  File "/usr/share/nginx/toornoi/.venv/lib/python3.12/site-packages/django/middleware/common.py", line 48, in process_request
    host = request.get_host()
           ^^^^^^^^^^^^^^^^^^
  File "/usr/share/nginx/toornoi/.venv/lib/python3.12/site-packages/django/http/request.py", line 151, in get_host
    raise DisallowedHost(msg)
django.core.exceptions.DisallowedHost: Invalid HTTP_HOST header: '15.188.23.39'. You may need to add '15.188.23.39' to ALLOWED_HOSTS.
Bad Request: /
[09/Feb/2025 04:28:15] "GET / HTTP/1.1" 400 65341
Invalid HTTP_HOST header: '15.188.23.39'. You may need to add '15.188.23.39' to ALLOWED_HOSTS.
Traceback (most recent call last):
  File "/usr/share/nginx/toornoi/.venv/lib/python3.12/site-packages/django/core/handlers/exception.py", line 55, in inner
    response = get_response(request)
               ^^^^^^^^^^^^^^^^^^^^^
  File "/usr/share/nginx/toornoi/.venv/lib/python3.12/site-packages/django/utils/deprecation.py", line 128, in __call__
    response = self.process_request(request)
               ^^^^^^^^^^^^^^^^^^^^^^^^^^^^^
  File "/usr/share/nginx/toornoi/.venv/lib/python3.12/site-packages/django/middleware/common.py", line 48, in process_request
    host = request.get_host()
           ^^^^^^^^^^^^^^^^^^
  File "/usr/share/nginx/toornoi/.venv/lib/python3.12/site-packages/django/http/request.py", line 151, in get_host
    raise DisallowedHost(msg)
django.core.exceptions.DisallowedHost: Invalid HTTP_HOST header: '15.188.23.39'. You may need to add '15.188.23.39' to ALLOWED_HOSTS.
Bad Request: /t4
[09/Feb/2025 04:28:16] "GET /t4 HTTP/1.1" 400 65019
Invalid HTTP_HOST header: '15.188.23.39'. You may need to add '15.188.23.39' to ALLOWED_HOSTS.
Traceback (most recent call last):
  File "/usr/share/nginx/toornoi/.venv/lib/python3.12/site-packages/django/core/handlers/exception.py", line 55, in inner
    response = get_response(request)
               ^^^^^^^^^^^^^^^^^^^^^
  File "/usr/share/nginx/toornoi/.venv/lib/python3.12/site-packages/django/utils/deprecation.py", line 128, in __call__
    response = self.process_request(request)
               ^^^^^^^^^^^^^^^^^^^^^^^^^^^^^
  File "/usr/share/nginx/toornoi/.venv/lib/python3.12/site-packages/django/middleware/common.py", line 48, in process_request
    host = request.get_host()
           ^^^^^^^^^^^^^^^^^^
  File "/usr/share/nginx/toornoi/.venv/lib/python3.12/site-packages/django/http/request.py", line 151, in get_host
    raise DisallowedHost(msg)
django.core.exceptions.DisallowedHost: Invalid HTTP_HOST header: '15.188.23.39'. You may need to add '15.188.23.39' to ALLOWED_HOSTS.
Bad Request: /favicon.ico
[09/Feb/2025 04:28:17] "GET /favicon.ico HTTP/1.1" 400 65350
Invalid HTTP_HOST header: '15.188.23.39'. You may need to add '15.188.23.39' to ALLOWED_HOSTS.
Traceback (most recent call last):
  File "/usr/share/nginx/toornoi/.venv/lib/python3.12/site-packages/django/core/handlers/exception.py", line 55, in inner
    response = get_response(request)
               ^^^^^^^^^^^^^^^^^^^^^
  File "/usr/share/nginx/toornoi/.venv/lib/python3.12/site-packages/django/utils/deprecation.py", line 128, in __call__
    response = self.process_request(request)
               ^^^^^^^^^^^^^^^^^^^^^^^^^^^^^
  File "/usr/share/nginx/toornoi/.venv/lib/python3.12/site-packages/django/middleware/common.py", line 48, in process_request
    host = request.get_host()
           ^^^^^^^^^^^^^^^^^^
  File "/usr/share/nginx/toornoi/.venv/lib/python3.12/site-packages/django/http/request.py", line 151, in get_host
    raise DisallowedHost(msg)
django.core.exceptions.DisallowedHost: Invalid HTTP_HOST header: '15.188.23.39'. You may need to add '15.188.23.39' to ALLOWED_HOSTS.
Bad Request: /
[09/Feb/2025 04:28:17] "GET / HTTP/1.1" 400 65655
Invalid HTTP_HOST header: '15.188.23.39'. You may need to add '15.188.23.39' to ALLOWED_HOSTS.
Traceback (most recent call last):
  File "/usr/share/nginx/toornoi/.venv/lib/python3.12/site-packages/django/core/handlers/exception.py", line 55, in inner
    response = get_response(request)
               ^^^^^^^^^^^^^^^^^^^^^
  File "/usr/share/nginx/toornoi/.venv/lib/python3.12/site-packages/django/utils/deprecation.py", line 128, in __call__
    response = self.process_request(request)
               ^^^^^^^^^^^^^^^^^^^^^^^^^^^^^
  File "/usr/share/nginx/toornoi/.venv/lib/python3.12/site-packages/django/middleware/common.py", line 48, in process_request
    host = request.get_host()
           ^^^^^^^^^^^^^^^^^^
  File "/usr/share/nginx/toornoi/.venv/lib/python3.12/site-packages/django/http/request.py", line 151, in get_host
    raise DisallowedHost(msg)
django.core.exceptions.DisallowedHost: Invalid HTTP_HOST header: '15.188.23.39'. You may need to add '15.188.23.39' to ALLOWED_HOSTS.
Bad Request: /teorema505
[09/Feb/2025 04:28:18] "GET /teorema505?t=1 HTTP/1.1" 400 65673
Invalid HTTP_HOST header: '142.93.161.32'. You may need to add '142.93.161.32' to ALLOWED_HOSTS.
Traceback (most recent call last):
  File "/usr/share/nginx/toornoi/.venv/lib/python3.12/site-packages/django/core/handlers/exception.py", line 55, in inner
    response = get_response(request)
               ^^^^^^^^^^^^^^^^^^^^^
  File "/usr/share/nginx/toornoi/.venv/lib/python3.12/site-packages/django/utils/deprecation.py", line 128, in __call__
    response = self.process_request(request)
               ^^^^^^^^^^^^^^^^^^^^^^^^^^^^^
  File "/usr/share/nginx/toornoi/.venv/lib/python3.12/site-packages/django/middleware/common.py", line 48, in process_request
    host = request.get_host()
           ^^^^^^^^^^^^^^^^^^
  File "/usr/share/nginx/toornoi/.venv/lib/python3.12/site-packages/django/http/request.py", line 151, in get_host
    raise DisallowedHost(msg)
django.core.exceptions.DisallowedHost: Invalid HTTP_HOST header: '142.93.161.32'. You may need to add '142.93.161.32' to ALLOWED_HOSTS.
Bad Request: /
[09/Feb/2025 04:41:47] "GET / HTTP/1.1" 400 65263
Invalid HTTP_HOST header: '15.188.23.39'. You may need to add '15.188.23.39' to ALLOWED_HOSTS.
Traceback (most recent call last):
  File "/usr/share/nginx/toornoi/.venv/lib/python3.12/site-packages/django/core/handlers/exception.py", line 55, in inner
    response = get_response(request)
               ^^^^^^^^^^^^^^^^^^^^^
  File "/usr/share/nginx/toornoi/.venv/lib/python3.12/site-packages/django/utils/deprecation.py", line 128, in __call__
    response = self.process_request(request)
               ^^^^^^^^^^^^^^^^^^^^^^^^^^^^^
  File "/usr/share/nginx/toornoi/.venv/lib/python3.12/site-packages/django/middleware/common.py", line 48, in process_request
    host = request.get_host()
           ^^^^^^^^^^^^^^^^^^
  File "/usr/share/nginx/toornoi/.venv/lib/python3.12/site-packages/django/http/request.py", line 151, in get_host
    raise DisallowedHost(msg)
django.core.exceptions.DisallowedHost: Invalid HTTP_HOST header: '15.188.23.39'. You may need to add '15.188.23.39' to ALLOWED_HOSTS.
Bad Request: /.env
[09/Feb/2025 04:58:04] "GET /.env HTTP/1.1" 400 65404
Invalid HTTP_HOST header: '15.188.23.39'. You may need to add '15.188.23.39' to ALLOWED_HOSTS.
Traceback (most recent call last):
  File "/usr/share/nginx/toornoi/.venv/lib/python3.12/site-packages/django/core/handlers/exception.py", line 55, in inner
    response = get_response(request)
               ^^^^^^^^^^^^^^^^^^^^^
  File "/usr/share/nginx/toornoi/.venv/lib/python3.12/site-packages/django/utils/deprecation.py", line 128, in __call__
    response = self.process_request(request)
               ^^^^^^^^^^^^^^^^^^^^^^^^^^^^^
  File "/usr/share/nginx/toornoi/.venv/lib/python3.12/site-packages/django/middleware/common.py", line 48, in process_request
    host = request.get_host()
           ^^^^^^^^^^^^^^^^^^
  File "/usr/share/nginx/toornoi/.venv/lib/python3.12/site-packages/django/http/request.py", line 151, in get_host
    raise DisallowedHost(msg)
django.core.exceptions.DisallowedHost: Invalid HTTP_HOST header: '15.188.23.39'. You may need to add '15.188.23.39' to ALLOWED_HOSTS.
Bad Request: /
[09/Feb/2025 05:10:31] "GET / HTTP/1.1" 400 65491
Invalid HTTP_HOST header: '15.188.23.39'. You may need to add '15.188.23.39' to ALLOWED_HOSTS.
Traceback (most recent call last):
  File "/usr/share/nginx/toornoi/.venv/lib/python3.12/site-packages/django/core/handlers/exception.py", line 55, in inner
    response = get_response(request)
               ^^^^^^^^^^^^^^^^^^^^^
  File "/usr/share/nginx/toornoi/.venv/lib/python3.12/site-packages/django/utils/deprecation.py", line 128, in __call__
    response = self.process_request(request)
               ^^^^^^^^^^^^^^^^^^^^^^^^^^^^^
  File "/usr/share/nginx/toornoi/.venv/lib/python3.12/site-packages/django/middleware/common.py", line 48, in process_request
    host = request.get_host()
           ^^^^^^^^^^^^^^^^^^
  File "/usr/share/nginx/toornoi/.venv/lib/python3.12/site-packages/django/http/request.py", line 151, in get_host
    raise DisallowedHost(msg)
django.core.exceptions.DisallowedHost: Invalid HTTP_HOST header: '15.188.23.39'. You may need to add '15.188.23.39' to ALLOWED_HOSTS.
Bad Request: /.env
[09/Feb/2025 05:17:03] "GET /.env HTTP/1.1" 400 65542
Invalid HTTP_HOST header: '15.188.23.39'. You may need to add '15.188.23.39' to ALLOWED_HOSTS.
Traceback (most recent call last):
  File "/usr/share/nginx/toornoi/.venv/lib/python3.12/site-packages/django/core/handlers/exception.py", line 55, in inner
    response = get_response(request)
               ^^^^^^^^^^^^^^^^^^^^^
  File "/usr/share/nginx/toornoi/.venv/lib/python3.12/site-packages/django/utils/deprecation.py", line 128, in __call__
    response = self.process_request(request)
               ^^^^^^^^^^^^^^^^^^^^^^^^^^^^^
  File "/usr/share/nginx/toornoi/.venv/lib/python3.12/site-packages/django/middleware/common.py", line 48, in process_request
    host = request.get_host()
           ^^^^^^^^^^^^^^^^^^
  File "/usr/share/nginx/toornoi/.venv/lib/python3.12/site-packages/django/http/request.py", line 151, in get_host
    raise DisallowedHost(msg)
django.core.exceptions.DisallowedHost: Invalid HTTP_HOST header: '15.188.23.39'. You may need to add '15.188.23.39' to ALLOWED_HOSTS.
Bad Request: /
[09/Feb/2025 05:17:04] "POST / HTTP/1.1" 400 65849
Invalid HTTP_HOST header: '15.188.23.39'. You may need to add '15.188.23.39' to ALLOWED_HOSTS.
Traceback (most recent call last):
  File "/usr/share/nginx/toornoi/.venv/lib/python3.12/site-packages/django/core/handlers/exception.py", line 55, in inner
    response = get_response(request)
               ^^^^^^^^^^^^^^^^^^^^^
  File "/usr/share/nginx/toornoi/.venv/lib/python3.12/site-packages/django/utils/deprecation.py", line 128, in __call__
    response = self.process_request(request)
               ^^^^^^^^^^^^^^^^^^^^^^^^^^^^^
  File "/usr/share/nginx/toornoi/.venv/lib/python3.12/site-packages/django/middleware/common.py", line 48, in process_request
    host = request.get_host()
           ^^^^^^^^^^^^^^^^^^
  File "/usr/share/nginx/toornoi/.venv/lib/python3.12/site-packages/django/http/request.py", line 151, in get_host
    raise DisallowedHost(msg)
django.core.exceptions.DisallowedHost: Invalid HTTP_HOST header: '15.188.23.39'. You may need to add '15.188.23.39' to ALLOWED_HOSTS.
Bad Request: /
[09/Feb/2025 05:54:13] "GET / HTTP/1.1" 400 65421
Invalid HTTP_HOST header: '15.188.23.39'. You may need to add '15.188.23.39' to ALLOWED_HOSTS.
Traceback (most recent call last):
  File "/usr/share/nginx/toornoi/.venv/lib/python3.12/site-packages/django/core/handlers/exception.py", line 55, in inner
    response = get_response(request)
               ^^^^^^^^^^^^^^^^^^^^^
  File "/usr/share/nginx/toornoi/.venv/lib/python3.12/site-packages/django/utils/deprecation.py", line 128, in __call__
    response = self.process_request(request)
               ^^^^^^^^^^^^^^^^^^^^^^^^^^^^^
  File "/usr/share/nginx/toornoi/.venv/lib/python3.12/site-packages/django/middleware/common.py", line 48, in process_request
    host = request.get_host()
           ^^^^^^^^^^^^^^^^^^
  File "/usr/share/nginx/toornoi/.venv/lib/python3.12/site-packages/django/http/request.py", line 151, in get_host
    raise DisallowedHost(msg)
django.core.exceptions.DisallowedHost: Invalid HTTP_HOST header: '15.188.23.39'. You may need to add '15.188.23.39' to ALLOWED_HOSTS.
Bad Request: /remote/login
[09/Feb/2025 06:25:46] "GET /remote/login HTTP/1.1" 400 65288
Invalid HTTP_HOST header: '15.188.23.39'. You may need to add '15.188.23.39' to ALLOWED_HOSTS.
Traceback (most recent call last):
  File "/usr/share/nginx/toornoi/.venv/lib/python3.12/site-packages/django/core/handlers/exception.py", line 55, in inner
    response = get_response(request)
               ^^^^^^^^^^^^^^^^^^^^^
  File "/usr/share/nginx/toornoi/.venv/lib/python3.12/site-packages/django/utils/deprecation.py", line 128, in __call__
    response = self.process_request(request)
               ^^^^^^^^^^^^^^^^^^^^^^^^^^^^^
  File "/usr/share/nginx/toornoi/.venv/lib/python3.12/site-packages/django/middleware/common.py", line 48, in process_request
    host = request.get_host()
           ^^^^^^^^^^^^^^^^^^
  File "/usr/share/nginx/toornoi/.venv/lib/python3.12/site-packages/django/http/request.py", line 151, in get_host
    raise DisallowedHost(msg)
django.core.exceptions.DisallowedHost: Invalid HTTP_HOST header: '15.188.23.39'. You may need to add '15.188.23.39' to ALLOWED_HOSTS.
Bad Request: /login
[09/Feb/2025 06:25:50] "GET /login HTTP/1.1" 400 65211
Invalid HTTP_HOST header: '15.188.23.39'. You may need to add '15.188.23.39' to ALLOWED_HOSTS.
Traceback (most recent call last):
  File "/usr/share/nginx/toornoi/.venv/lib/python3.12/site-packages/django/core/handlers/exception.py", line 55, in inner
    response = get_response(request)
               ^^^^^^^^^^^^^^^^^^^^^
  File "/usr/share/nginx/toornoi/.venv/lib/python3.12/site-packages/django/utils/deprecation.py", line 128, in __call__
    response = self.process_request(request)
               ^^^^^^^^^^^^^^^^^^^^^^^^^^^^^
  File "/usr/share/nginx/toornoi/.venv/lib/python3.12/site-packages/django/middleware/common.py", line 48, in process_request
    host = request.get_host()
           ^^^^^^^^^^^^^^^^^^
  File "/usr/share/nginx/toornoi/.venv/lib/python3.12/site-packages/django/http/request.py", line 151, in get_host
    raise DisallowedHost(msg)
django.core.exceptions.DisallowedHost: Invalid HTTP_HOST header: '15.188.23.39'. You may need to add '15.188.23.39' to ALLOWED_HOSTS.
Bad Request: /.env
[09/Feb/2025 07:06:50] "GET /.env HTTP/1.1" 400 65473
Invalid HTTP_HOST header: '15.188.23.39'. You may need to add '15.188.23.39' to ALLOWED_HOSTS.
Traceback (most recent call last):
  File "/usr/share/nginx/toornoi/.venv/lib/python3.12/site-packages/django/core/handlers/exception.py", line 55, in inner
    response = get_response(request)
               ^^^^^^^^^^^^^^^^^^^^^
  File "/usr/share/nginx/toornoi/.venv/lib/python3.12/site-packages/django/utils/deprecation.py", line 128, in __call__
    response = self.process_request(request)
               ^^^^^^^^^^^^^^^^^^^^^^^^^^^^^
  File "/usr/share/nginx/toornoi/.venv/lib/python3.12/site-packages/django/middleware/common.py", line 48, in process_request
    host = request.get_host()
           ^^^^^^^^^^^^^^^^^^
  File "/usr/share/nginx/toornoi/.venv/lib/python3.12/site-packages/django/http/request.py", line 151, in get_host
    raise DisallowedHost(msg)
django.core.exceptions.DisallowedHost: Invalid HTTP_HOST header: '15.188.23.39'. You may need to add '15.188.23.39' to ALLOWED_HOSTS.
Bad Request: /.env
[09/Feb/2025 07:38:47] "GET /.env HTTP/1.1" 400 65169
Invalid HTTP_HOST header: '15.188.23.39'. You may need to add '15.188.23.39' to ALLOWED_HOSTS.
Traceback (most recent call last):
  File "/usr/share/nginx/toornoi/.venv/lib/python3.12/site-packages/django/core/handlers/exception.py", line 55, in inner
    response = get_response(request)
               ^^^^^^^^^^^^^^^^^^^^^
  File "/usr/share/nginx/toornoi/.venv/lib/python3.12/site-packages/django/utils/deprecation.py", line 128, in __call__
    response = self.process_request(request)
               ^^^^^^^^^^^^^^^^^^^^^^^^^^^^^
  File "/usr/share/nginx/toornoi/.venv/lib/python3.12/site-packages/django/middleware/common.py", line 48, in process_request
    host = request.get_host()
           ^^^^^^^^^^^^^^^^^^
  File "/usr/share/nginx/toornoi/.venv/lib/python3.12/site-packages/django/http/request.py", line 151, in get_host
    raise DisallowedHost(msg)
django.core.exceptions.DisallowedHost: Invalid HTTP_HOST header: '15.188.23.39'. You may need to add '15.188.23.39' to ALLOWED_HOSTS.
Bad Request: /
[09/Feb/2025 07:51:38] "GET / HTTP/1.1" 400 65413
Invalid HTTP_HOST header: '15.188.23.39'. You may need to add '15.188.23.39' to ALLOWED_HOSTS.
Traceback (most recent call last):
  File "/usr/share/nginx/toornoi/.venv/lib/python3.12/site-packages/django/core/handlers/exception.py", line 55, in inner
    response = get_response(request)
               ^^^^^^^^^^^^^^^^^^^^^
  File "/usr/share/nginx/toornoi/.venv/lib/python3.12/site-packages/django/utils/deprecation.py", line 128, in __call__
    response = self.process_request(request)
               ^^^^^^^^^^^^^^^^^^^^^^^^^^^^^
  File "/usr/share/nginx/toornoi/.venv/lib/python3.12/site-packages/django/middleware/common.py", line 48, in process_request
    host = request.get_host()
           ^^^^^^^^^^^^^^^^^^
  File "/usr/share/nginx/toornoi/.venv/lib/python3.12/site-packages/django/http/request.py", line 151, in get_host
    raise DisallowedHost(msg)
django.core.exceptions.DisallowedHost: Invalid HTTP_HOST header: '15.188.23.39'. You may need to add '15.188.23.39' to ALLOWED_HOSTS.
Bad Request: /.env
[09/Feb/2025 08:14:36] "GET /.env HTTP/1.1" 400 65404
[09/Feb/2025 09:33:31] "GET / HTTP/1.1" 200 5660
Invalid HTTP_HOST header: '15.188.23.39'. You may need to add '15.188.23.39' to ALLOWED_HOSTS.
Traceback (most recent call last):
  File "/usr/share/nginx/toornoi/.venv/lib/python3.12/site-packages/django/core/handlers/exception.py", line 55, in inner
    response = get_response(request)
               ^^^^^^^^^^^^^^^^^^^^^
  File "/usr/share/nginx/toornoi/.venv/lib/python3.12/site-packages/django/utils/deprecation.py", line 128, in __call__
    response = self.process_request(request)
               ^^^^^^^^^^^^^^^^^^^^^^^^^^^^^
  File "/usr/share/nginx/toornoi/.venv/lib/python3.12/site-packages/django/middleware/common.py", line 48, in process_request
    host = request.get_host()
           ^^^^^^^^^^^^^^^^^^
  File "/usr/share/nginx/toornoi/.venv/lib/python3.12/site-packages/django/http/request.py", line 151, in get_host
    raise DisallowedHost(msg)
django.core.exceptions.DisallowedHost: Invalid HTTP_HOST header: '15.188.23.39'. You may need to add '15.188.23.39' to ALLOWED_HOSTS.
Bad Request: /
[09/Feb/2025 09:37:14] "GET / HTTP/1.1" 400 65247
Invalid HTTP_HOST header: '15.188.23.39'. You may need to add '15.188.23.39' to ALLOWED_HOSTS.
Traceback (most recent call last):
  File "/usr/share/nginx/toornoi/.venv/lib/python3.12/site-packages/django/core/handlers/exception.py", line 55, in inner
    response = get_response(request)
               ^^^^^^^^^^^^^^^^^^^^^
  File "/usr/share/nginx/toornoi/.venv/lib/python3.12/site-packages/django/utils/deprecation.py", line 128, in __call__
    response = self.process_request(request)
               ^^^^^^^^^^^^^^^^^^^^^^^^^^^^^
  File "/usr/share/nginx/toornoi/.venv/lib/python3.12/site-packages/django/middleware/common.py", line 48, in process_request
    host = request.get_host()
           ^^^^^^^^^^^^^^^^^^
  File "/usr/share/nginx/toornoi/.venv/lib/python3.12/site-packages/django/http/request.py", line 151, in get_host
    raise DisallowedHost(msg)
django.core.exceptions.DisallowedHost: Invalid HTTP_HOST header: '15.188.23.39'. You may need to add '15.188.23.39' to ALLOWED_HOSTS.
Bad Request: /
[09/Feb/2025 10:25:35] "GET / HTTP/1.1" 400 65333
Invalid HTTP_HOST header: '15.188.23.39'. You may need to add '15.188.23.39' to ALLOWED_HOSTS.
Traceback (most recent call last):
  File "/usr/share/nginx/toornoi/.venv/lib/python3.12/site-packages/django/core/handlers/exception.py", line 55, in inner
    response = get_response(request)
               ^^^^^^^^^^^^^^^^^^^^^
  File "/usr/share/nginx/toornoi/.venv/lib/python3.12/site-packages/django/utils/deprecation.py", line 128, in __call__
    response = self.process_request(request)
               ^^^^^^^^^^^^^^^^^^^^^^^^^^^^^
  File "/usr/share/nginx/toornoi/.venv/lib/python3.12/site-packages/django/middleware/common.py", line 48, in process_request
    host = request.get_host()
           ^^^^^^^^^^^^^^^^^^
  File "/usr/share/nginx/toornoi/.venv/lib/python3.12/site-packages/django/http/request.py", line 151, in get_host
    raise DisallowedHost(msg)
django.core.exceptions.DisallowedHost: Invalid HTTP_HOST header: '15.188.23.39'. You may need to add '15.188.23.39' to ALLOWED_HOSTS.
Bad Request: /favicon.ico
[09/Feb/2025 10:25:36] "GET /favicon.ico HTTP/1.1" 400 65342
Not Found: /php_info.php
[09/Feb/2025 10:37:44] "GET /php_info.php HTTP/1.1" 404 8627
Not Found: /api/.env
[09/Feb/2025 10:37:52] "GET /api/.env HTTP/1.1" 404 8615
Not Found: /blog/.env
[09/Feb/2025 10:38:00] "GET /blog/.env HTTP/1.1" 404 8618
Not Found: /.env.production
[09/Feb/2025 10:38:07] "GET /.env.production HTTP/1.1" 404 8636
Not Found: /protected/.env
[09/Feb/2025 10:38:15] "GET /protected/.env HTTP/1.1" 404 8633
Not Found: /config/.env
[09/Feb/2025 10:38:23] "GET /config/.env HTTP/1.1" 404 8624
Not Found: /base/.env
[09/Feb/2025 10:38:31] "GET /base/.env HTTP/1.1" 404 8618
Not Found: /.env.development
[09/Feb/2025 10:38:39] "GET /.env.development HTTP/1.1" 404 8639
Not Found: /v2/.env
[09/Feb/2025 10:38:55] "GET /v2/.env HTTP/1.1" 404 8612
Not Found: /database/.env
[09/Feb/2025 10:39:02] "GET /database/.env HTTP/1.1" 404 8630
Not Found: /config.yaml.bak
[09/Feb/2025 10:39:32] "GET /config.yaml.bak HTTP/1.1" 404 8636
Not Found: /.env.bak
[09/Feb/2025 10:39:37] "GET /.env.bak HTTP/1.1" 404 8615
Not Found: /package.json
[09/Feb/2025 10:39:43] "GET /package.json HTTP/1.1" 404 8627
Not Found: /conf/.env
[09/Feb/2025 10:39:49] "GET /conf/.env HTTP/1.1" 404 8618
Not Found: /application-dev.properties
[09/Feb/2025 10:40:22] "GET /application-dev.properties HTTP/1.1" 404 8669
Not Found: /.AWS_/credentials
[09/Feb/2025 10:40:28] "GET /.AWS_/credentials HTTP/1.1" 404 8642
Not Found: /karma.conf.json
[09/Feb/2025 10:40:33] "GET /karma.conf.json HTTP/1.1" 404 8636
Not Found: /wp-config.php.save
[09/Feb/2025 10:40:39] "GET /wp-config.php.save HTTP/1.1" 404 8645
Not Found: /app/config/.env
[09/Feb/2025 10:40:46] "GET /app/config/.env HTTP/1.1" 404 8636
Not Found: /backend/.env
[09/Feb/2025 10:40:53] "GET /backend/.env HTTP/1.1" 404 8627
Not Found: /config/php.ini
[09/Feb/2025 10:41:00] "GET /config/php.ini HTTP/1.1" 404 8633
Not Found: /.env.save
[09/Feb/2025 10:41:07] "GET /.env.save HTTP/1.1" 404 8618
Not Found: /db_config.php
[09/Feb/2025 10:41:15] "GET /db_config.php HTTP/1.1" 404 8630
Not Found: /crm/.env
[09/Feb/2025 10:41:24] "GET /crm/.env HTTP/1.1" 404 8615
Not Found: /laravel/.env
[09/Feb/2025 10:41:34] "GET /laravel/.env HTTP/1.1" 404 8627
Not Found: /system/.env
[09/Feb/2025 10:41:43] "GET /system/.env HTTP/1.1" 404 8624
Not Found: /.htaccess
[09/Feb/2025 10:41:52] "GET /.htaccess HTTP/1.1" 404 23
Not Found: /api/config/.env
[09/Feb/2025 10:42:02] "GET /api/config/.env HTTP/1.1" 404 8636
Not Found: /app/.env
[09/Feb/2025 10:42:11] "GET /app/.env HTTP/1.1" 404 8615
[09/Feb/2025 10:42:21] "GET /admin/.env HTTP/1.1" 302 0
Invalid HTTP_HOST header: '15.188.23.39'. You may need to add '15.188.23.39' to ALLOWED_HOSTS.
Traceback (most recent call last):
  File "/usr/share/nginx/toornoi/.venv/lib/python3.12/site-packages/django/core/handlers/exception.py", line 55, in inner
    response = get_response(request)
               ^^^^^^^^^^^^^^^^^^^^^
  File "/usr/share/nginx/toornoi/.venv/lib/python3.12/site-packages/django/utils/deprecation.py", line 128, in __call__
    response = self.process_request(request)
               ^^^^^^^^^^^^^^^^^^^^^^^^^^^^^
  File "/usr/share/nginx/toornoi/.venv/lib/python3.12/site-packages/django/middleware/common.py", line 48, in process_request
    host = request.get_host()
           ^^^^^^^^^^^^^^^^^^
  File "/usr/share/nginx/toornoi/.venv/lib/python3.12/site-packages/django/http/request.py", line 151, in get_host
    raise DisallowedHost(msg)
django.core.exceptions.DisallowedHost: Invalid HTTP_HOST header: '15.188.23.39'. You may need to add '15.188.23.39' to ALLOWED_HOSTS.
Bad Request: /.env
[09/Feb/2025 11:27:07] "GET /.env HTTP/1.1" 400 65404
Invalid HTTP_HOST header: '15.188.23.39'. You may need to add '15.188.23.39' to ALLOWED_HOSTS.
Traceback (most recent call last):
  File "/usr/share/nginx/toornoi/.venv/lib/python3.12/site-packages/django/core/handlers/exception.py", line 55, in inner
    response = get_response(request)
               ^^^^^^^^^^^^^^^^^^^^^
  File "/usr/share/nginx/toornoi/.venv/lib/python3.12/site-packages/django/utils/deprecation.py", line 128, in __call__
    response = self.process_request(request)
               ^^^^^^^^^^^^^^^^^^^^^^^^^^^^^
  File "/usr/share/nginx/toornoi/.venv/lib/python3.12/site-packages/django/middleware/common.py", line 48, in process_request
    host = request.get_host()
           ^^^^^^^^^^^^^^^^^^
  File "/usr/share/nginx/toornoi/.venv/lib/python3.12/site-packages/django/http/request.py", line 151, in get_host
    raise DisallowedHost(msg)
django.core.exceptions.DisallowedHost: Invalid HTTP_HOST header: '15.188.23.39'. You may need to add '15.188.23.39' to ALLOWED_HOSTS.
Bad Request: /
[09/Feb/2025 11:32:43] "GET / HTTP/1.1" 400 65359
Invalid HTTP_HOST header: '15.188.23.39'. You may need to add '15.188.23.39' to ALLOWED_HOSTS.
Traceback (most recent call last):
  File "/usr/share/nginx/toornoi/.venv/lib/python3.12/site-packages/django/core/handlers/exception.py", line 55, in inner
    response = get_response(request)
               ^^^^^^^^^^^^^^^^^^^^^
  File "/usr/share/nginx/toornoi/.venv/lib/python3.12/site-packages/django/utils/deprecation.py", line 128, in __call__
    response = self.process_request(request)
               ^^^^^^^^^^^^^^^^^^^^^^^^^^^^^
  File "/usr/share/nginx/toornoi/.venv/lib/python3.12/site-packages/django/middleware/common.py", line 48, in process_request
    host = request.get_host()
           ^^^^^^^^^^^^^^^^^^
  File "/usr/share/nginx/toornoi/.venv/lib/python3.12/site-packages/django/http/request.py", line 151, in get_host
    raise DisallowedHost(msg)
django.core.exceptions.DisallowedHost: Invalid HTTP_HOST header: '15.188.23.39'. You may need to add '15.188.23.39' to ALLOWED_HOSTS.
Bad Request: /.git/config
[09/Feb/2025 12:03:00] "GET /.git/config HTTP/1.1" 400 65348
[09/Feb/2025 12:16:39] "GET /static/rest_framework/js/bootstrap.min.js HTTP/1.1" 200 39680
[09/Feb/2025 12:16:39] "GET /static/rest_framework/css/prettify.css HTTP/1.1" 200 817
[09/Feb/2025 12:16:39] "GET /static/rest_framework/css/bootstrap-tweaks.css HTTP/1.1" 200 3426
[09/Feb/2025 12:16:39] "GET /static/rest_framework/js/ajax-form.js HTTP/1.1" 200 3796
[09/Feb/2025 12:16:39] "GET /static/rest_framework/css/default.css HTTP/1.1" 200 1152
[09/Feb/2025 12:16:39] "GET /static/rest_framework/js/csrf.js HTTP/1.1" 200 1793
[09/Feb/2025 12:16:40] "GET /static/rest_framework/js/default.js HTTP/1.1" 200 1268
[09/Feb/2025 12:16:40] "GET /static/rest_framework/css/bootstrap.min.css HTTP/1.1" 200 121457
[09/Feb/2025 12:16:40] "GET /static/rest_framework/js/jquery-3.7.1.min.js HTTP/1.1" 200 87533
[09/Feb/2025 12:16:40] "GET /static/rest_framework/js/load-ajax-form.js HTTP/1.1" 200 59
[09/Feb/2025 12:16:40] "GET /static/rest_framework/js/prettify-min.js HTTP/1.1" 200 13632
Invalid HTTP_HOST header: '15.188.23.39'. You may need to add '15.188.23.39' to ALLOWED_HOSTS.
Traceback (most recent call last):
  File "/usr/share/nginx/toornoi/.venv/lib/python3.12/site-packages/django/core/handlers/exception.py", line 55, in inner
    response = get_response(request)
               ^^^^^^^^^^^^^^^^^^^^^
  File "/usr/share/nginx/toornoi/.venv/lib/python3.12/site-packages/django/utils/deprecation.py", line 128, in __call__
    response = self.process_request(request)
               ^^^^^^^^^^^^^^^^^^^^^^^^^^^^^
  File "/usr/share/nginx/toornoi/.venv/lib/python3.12/site-packages/django/middleware/common.py", line 48, in process_request
    host = request.get_host()
           ^^^^^^^^^^^^^^^^^^
  File "/usr/share/nginx/toornoi/.venv/lib/python3.12/site-packages/django/http/request.py", line 151, in get_host
    raise DisallowedHost(msg)
django.core.exceptions.DisallowedHost: Invalid HTTP_HOST header: '15.188.23.39'. You may need to add '15.188.23.39' to ALLOWED_HOSTS.
Bad Request: /
[09/Feb/2025 12:58:18] "GET / HTTP/1.1" 400 65349
Invalid HTTP_HOST header: '15.188.23.39'. You may need to add '15.188.23.39' to ALLOWED_HOSTS.
Traceback (most recent call last):
  File "/usr/share/nginx/toornoi/.venv/lib/python3.12/site-packages/django/core/handlers/exception.py", line 55, in inner
    response = get_response(request)
               ^^^^^^^^^^^^^^^^^^^^^
  File "/usr/share/nginx/toornoi/.venv/lib/python3.12/site-packages/django/utils/deprecation.py", line 128, in __call__
    response = self.process_request(request)
               ^^^^^^^^^^^^^^^^^^^^^^^^^^^^^
  File "/usr/share/nginx/toornoi/.venv/lib/python3.12/site-packages/django/middleware/common.py", line 48, in process_request
    host = request.get_host()
           ^^^^^^^^^^^^^^^^^^
  File "/usr/share/nginx/toornoi/.venv/lib/python3.12/site-packages/django/http/request.py", line 151, in get_host
    raise DisallowedHost(msg)
django.core.exceptions.DisallowedHost: Invalid HTTP_HOST header: '15.188.23.39'. You may need to add '15.188.23.39' to ALLOWED_HOSTS.
Bad Request: /
[09/Feb/2025 13:14:50] "GET / HTTP/1.1" 400 65353
Invalid HTTP_HOST header: '15.188.23.39'. You may need to add '15.188.23.39' to ALLOWED_HOSTS.
Traceback (most recent call last):
  File "/usr/share/nginx/toornoi/.venv/lib/python3.12/site-packages/django/core/handlers/exception.py", line 55, in inner
    response = get_response(request)
               ^^^^^^^^^^^^^^^^^^^^^
  File "/usr/share/nginx/toornoi/.venv/lib/python3.12/site-packages/django/utils/deprecation.py", line 128, in __call__
    response = self.process_request(request)
               ^^^^^^^^^^^^^^^^^^^^^^^^^^^^^
  File "/usr/share/nginx/toornoi/.venv/lib/python3.12/site-packages/django/middleware/common.py", line 48, in process_request
    host = request.get_host()
           ^^^^^^^^^^^^^^^^^^
  File "/usr/share/nginx/toornoi/.venv/lib/python3.12/site-packages/django/http/request.py", line 151, in get_host
    raise DisallowedHost(msg)
django.core.exceptions.DisallowedHost: Invalid HTTP_HOST header: '15.188.23.39'. You may need to add '15.188.23.39' to ALLOWED_HOSTS.
Bad Request: /
[09/Feb/2025 13:14:50] "GET / HTTP/1.1" 400 65353
Invalid HTTP_HOST header: '15.188.23.39'. You may need to add '15.188.23.39' to ALLOWED_HOSTS.
Traceback (most recent call last):
  File "/usr/share/nginx/toornoi/.venv/lib/python3.12/site-packages/django/core/handlers/exception.py", line 55, in inner
    response = get_response(request)
               ^^^^^^^^^^^^^^^^^^^^^
  File "/usr/share/nginx/toornoi/.venv/lib/python3.12/site-packages/django/utils/deprecation.py", line 128, in __call__
    response = self.process_request(request)
               ^^^^^^^^^^^^^^^^^^^^^^^^^^^^^
  File "/usr/share/nginx/toornoi/.venv/lib/python3.12/site-packages/django/middleware/common.py", line 48, in process_request
    host = request.get_host()
           ^^^^^^^^^^^^^^^^^^
  File "/usr/share/nginx/toornoi/.venv/lib/python3.12/site-packages/django/http/request.py", line 151, in get_host
    raise DisallowedHost(msg)
django.core.exceptions.DisallowedHost: Invalid HTTP_HOST header: '15.188.23.39'. You may need to add '15.188.23.39' to ALLOWED_HOSTS.
Bad Request: /
[09/Feb/2025 13:14:50] "GET / HTTP/1.1" 400 65353
Invalid HTTP_HOST header: '15.188.23.39'. You may need to add '15.188.23.39' to ALLOWED_HOSTS.
Traceback (most recent call last):
  File "/usr/share/nginx/toornoi/.venv/lib/python3.12/site-packages/django/core/handlers/exception.py", line 55, in inner
    response = get_response(request)
               ^^^^^^^^^^^^^^^^^^^^^
  File "/usr/share/nginx/toornoi/.venv/lib/python3.12/site-packages/django/utils/deprecation.py", line 128, in __call__
    response = self.process_request(request)
               ^^^^^^^^^^^^^^^^^^^^^^^^^^^^^
  File "/usr/share/nginx/toornoi/.venv/lib/python3.12/site-packages/django/middleware/common.py", line 48, in process_request
    host = request.get_host()
           ^^^^^^^^^^^^^^^^^^
  File "/usr/share/nginx/toornoi/.venv/lib/python3.12/site-packages/django/http/request.py", line 151, in get_host
    raise DisallowedHost(msg)
django.core.exceptions.DisallowedHost: Invalid HTTP_HOST header: '15.188.23.39'. You may need to add '15.188.23.39' to ALLOWED_HOSTS.
Bad Request: /.git/config
[09/Feb/2025 13:30:21] "GET /.git/config HTTP/1.1" 400 65410
Invalid HTTP_HOST header: '15.188.23.39'. You may need to add '15.188.23.39' to ALLOWED_HOSTS.
Traceback (most recent call last):
  File "/usr/share/nginx/toornoi/.venv/lib/python3.12/site-packages/django/core/handlers/exception.py", line 55, in inner
    response = get_response(request)
               ^^^^^^^^^^^^^^^^^^^^^
  File "/usr/share/nginx/toornoi/.venv/lib/python3.12/site-packages/django/utils/deprecation.py", line 128, in __call__
    response = self.process_request(request)
               ^^^^^^^^^^^^^^^^^^^^^^^^^^^^^
  File "/usr/share/nginx/toornoi/.venv/lib/python3.12/site-packages/django/middleware/common.py", line 48, in process_request
    host = request.get_host()
           ^^^^^^^^^^^^^^^^^^
  File "/usr/share/nginx/toornoi/.venv/lib/python3.12/site-packages/django/http/request.py", line 151, in get_host
    raise DisallowedHost(msg)
django.core.exceptions.DisallowedHost: Invalid HTTP_HOST header: '15.188.23.39'. You may need to add '15.188.23.39' to ALLOWED_HOSTS.
Bad Request: /
[09/Feb/2025 13:41:26] "GET / HTTP/1.1" 400 65305
Invalid HTTP_HOST header: '15.188.23.39'. You may need to add '15.188.23.39' to ALLOWED_HOSTS.
Traceback (most recent call last):
  File "/usr/share/nginx/toornoi/.venv/lib/python3.12/site-packages/django/core/handlers/exception.py", line 55, in inner
    response = get_response(request)
               ^^^^^^^^^^^^^^^^^^^^^
  File "/usr/share/nginx/toornoi/.venv/lib/python3.12/site-packages/django/utils/deprecation.py", line 128, in __call__
    response = self.process_request(request)
               ^^^^^^^^^^^^^^^^^^^^^^^^^^^^^
  File "/usr/share/nginx/toornoi/.venv/lib/python3.12/site-packages/django/middleware/common.py", line 48, in process_request
    host = request.get_host()
           ^^^^^^^^^^^^^^^^^^
  File "/usr/share/nginx/toornoi/.venv/lib/python3.12/site-packages/django/http/request.py", line 151, in get_host
    raise DisallowedHost(msg)
django.core.exceptions.DisallowedHost: Invalid HTTP_HOST header: '15.188.23.39'. You may need to add '15.188.23.39' to ALLOWED_HOSTS.
Bad Request: /
[09/Feb/2025 13:41:34] "GET / HTTP/1.1" 400 65305
Invalid HTTP_HOST header: '15.188.23.39'. You may need to add '15.188.23.39' to ALLOWED_HOSTS.
Traceback (most recent call last):
  File "/usr/share/nginx/toornoi/.venv/lib/python3.12/site-packages/django/core/handlers/exception.py", line 55, in inner
    response = get_response(request)
               ^^^^^^^^^^^^^^^^^^^^^
  File "/usr/share/nginx/toornoi/.venv/lib/python3.12/site-packages/django/utils/deprecation.py", line 128, in __call__
    response = self.process_request(request)
               ^^^^^^^^^^^^^^^^^^^^^^^^^^^^^
  File "/usr/share/nginx/toornoi/.venv/lib/python3.12/site-packages/django/middleware/common.py", line 48, in process_request
    host = request.get_host()
           ^^^^^^^^^^^^^^^^^^
  File "/usr/share/nginx/toornoi/.venv/lib/python3.12/site-packages/django/http/request.py", line 151, in get_host
    raise DisallowedHost(msg)
django.core.exceptions.DisallowedHost: Invalid HTTP_HOST header: '15.188.23.39'. You may need to add '15.188.23.39' to ALLOWED_HOSTS.
Bad Request: /manage/account/login
[09/Feb/2025 13:41:40] "GET /manage/account/login HTTP/1.1" 400 65413
Invalid HTTP_HOST header: '15.188.23.39'. You may need to add '15.188.23.39' to ALLOWED_HOSTS.
Traceback (most recent call last):
  File "/usr/share/nginx/toornoi/.venv/lib/python3.12/site-packages/django/core/handlers/exception.py", line 55, in inner
    response = get_response(request)
               ^^^^^^^^^^^^^^^^^^^^^
  File "/usr/share/nginx/toornoi/.venv/lib/python3.12/site-packages/django/utils/deprecation.py", line 128, in __call__
    response = self.process_request(request)
               ^^^^^^^^^^^^^^^^^^^^^^^^^^^^^
  File "/usr/share/nginx/toornoi/.venv/lib/python3.12/site-packages/django/middleware/common.py", line 48, in process_request
    host = request.get_host()
           ^^^^^^^^^^^^^^^^^^
  File "/usr/share/nginx/toornoi/.venv/lib/python3.12/site-packages/django/http/request.py", line 151, in get_host
    raise DisallowedHost(msg)
django.core.exceptions.DisallowedHost: Invalid HTTP_HOST header: '15.188.23.39'. You may need to add '15.188.23.39' to ALLOWED_HOSTS.
Bad Request: /manage/account/login
[09/Feb/2025 13:41:44] "GET /manage/account/login HTTP/1.1" 400 65413
Invalid HTTP_HOST header: '15.188.23.39'. You may need to add '15.188.23.39' to ALLOWED_HOSTS.
Traceback (most recent call last):
  File "/usr/share/nginx/toornoi/.venv/lib/python3.12/site-packages/django/core/handlers/exception.py", line 55, in inner
    response = get_response(request)
               ^^^^^^^^^^^^^^^^^^^^^
  File "/usr/share/nginx/toornoi/.venv/lib/python3.12/site-packages/django/utils/deprecation.py", line 128, in __call__
    response = self.process_request(request)
               ^^^^^^^^^^^^^^^^^^^^^^^^^^^^^
  File "/usr/share/nginx/toornoi/.venv/lib/python3.12/site-packages/django/middleware/common.py", line 48, in process_request
    host = request.get_host()
           ^^^^^^^^^^^^^^^^^^
  File "/usr/share/nginx/toornoi/.venv/lib/python3.12/site-packages/django/http/request.py", line 151, in get_host
    raise DisallowedHost(msg)
django.core.exceptions.DisallowedHost: Invalid HTTP_HOST header: '15.188.23.39'. You may need to add '15.188.23.39' to ALLOWED_HOSTS.
Bad Request: /admin/index.html
[09/Feb/2025 13:41:50] "GET /admin/index.html HTTP/1.1" 400 65488
Invalid HTTP_HOST header: '15.188.23.39'. You may need to add '15.188.23.39' to ALLOWED_HOSTS.
Traceback (most recent call last):
  File "/usr/share/nginx/toornoi/.venv/lib/python3.12/site-packages/django/core/handlers/exception.py", line 55, in inner
    response = get_response(request)
               ^^^^^^^^^^^^^^^^^^^^^
  File "/usr/share/nginx/toornoi/.venv/lib/python3.12/site-packages/django/utils/deprecation.py", line 128, in __call__
    response = self.process_request(request)
               ^^^^^^^^^^^^^^^^^^^^^^^^^^^^^
  File "/usr/share/nginx/toornoi/.venv/lib/python3.12/site-packages/django/middleware/common.py", line 48, in process_request
    host = request.get_host()
           ^^^^^^^^^^^^^^^^^^
  File "/usr/share/nginx/toornoi/.venv/lib/python3.12/site-packages/django/http/request.py", line 151, in get_host
    raise DisallowedHost(msg)
django.core.exceptions.DisallowedHost: Invalid HTTP_HOST header: '15.188.23.39'. You may need to add '15.188.23.39' to ALLOWED_HOSTS.
Bad Request: /admin/index.html
[09/Feb/2025 13:41:54] "GET /admin/index.html HTTP/1.1" 400 65488
Invalid HTTP_HOST header: '15.188.23.39'. You may need to add '15.188.23.39' to ALLOWED_HOSTS.
Traceback (most recent call last):
  File "/usr/share/nginx/toornoi/.venv/lib/python3.12/site-packages/django/core/handlers/exception.py", line 55, in inner
    response = get_response(request)
               ^^^^^^^^^^^^^^^^^^^^^
  File "/usr/share/nginx/toornoi/.venv/lib/python3.12/site-packages/django/utils/deprecation.py", line 128, in __call__
    response = self.process_request(request)
               ^^^^^^^^^^^^^^^^^^^^^^^^^^^^^
  File "/usr/share/nginx/toornoi/.venv/lib/python3.12/site-packages/django/middleware/common.py", line 48, in process_request
    host = request.get_host()
           ^^^^^^^^^^^^^^^^^^
  File "/usr/share/nginx/toornoi/.venv/lib/python3.12/site-packages/django/http/request.py", line 151, in get_host
    raise DisallowedHost(msg)
django.core.exceptions.DisallowedHost: Invalid HTTP_HOST header: '15.188.23.39'. You may need to add '15.188.23.39' to ALLOWED_HOSTS.
Bad Request: /index.html
[09/Feb/2025 13:41:58] "GET /index.html HTTP/1.1" 400 65303
Invalid HTTP_HOST header: '15.188.23.39'. You may need to add '15.188.23.39' to ALLOWED_HOSTS.
Traceback (most recent call last):
  File "/usr/share/nginx/toornoi/.venv/lib/python3.12/site-packages/django/core/handlers/exception.py", line 55, in inner
    response = get_response(request)
               ^^^^^^^^^^^^^^^^^^^^^
  File "/usr/share/nginx/toornoi/.venv/lib/python3.12/site-packages/django/utils/deprecation.py", line 128, in __call__
    response = self.process_request(request)
               ^^^^^^^^^^^^^^^^^^^^^^^^^^^^^
  File "/usr/share/nginx/toornoi/.venv/lib/python3.12/site-packages/django/middleware/common.py", line 48, in process_request
    host = request.get_host()
           ^^^^^^^^^^^^^^^^^^
  File "/usr/share/nginx/toornoi/.venv/lib/python3.12/site-packages/django/http/request.py", line 151, in get_host
    raise DisallowedHost(msg)
django.core.exceptions.DisallowedHost: Invalid HTTP_HOST header: '15.188.23.39'. You may need to add '15.188.23.39' to ALLOWED_HOSTS.
Bad Request: /index.html
[09/Feb/2025 13:42:02] "GET /index.html HTTP/1.1" 400 65303
Invalid HTTP_HOST header: '15.188.23.39'. You may need to add '15.188.23.39' to ALLOWED_HOSTS.
Traceback (most recent call last):
  File "/usr/share/nginx/toornoi/.venv/lib/python3.12/site-packages/django/core/handlers/exception.py", line 55, in inner
    response = get_response(request)
               ^^^^^^^^^^^^^^^^^^^^^
  File "/usr/share/nginx/toornoi/.venv/lib/python3.12/site-packages/django/utils/deprecation.py", line 128, in __call__
    response = self.process_request(request)
               ^^^^^^^^^^^^^^^^^^^^^^^^^^^^^
  File "/usr/share/nginx/toornoi/.venv/lib/python3.12/site-packages/django/middleware/common.py", line 48, in process_request
    host = request.get_host()
           ^^^^^^^^^^^^^^^^^^
  File "/usr/share/nginx/toornoi/.venv/lib/python3.12/site-packages/django/http/request.py", line 151, in get_host
    raise DisallowedHost(msg)
django.core.exceptions.DisallowedHost: Invalid HTTP_HOST header: '15.188.23.39'. You may need to add '15.188.23.39' to ALLOWED_HOSTS.
Bad Request: /+CSCOE+/logon.html
[09/Feb/2025 13:42:07] "GET /+CSCOE+/logon.html HTTP/1.1" 400 65391
Invalid HTTP_HOST header: '15.188.23.39'. You may need to add '15.188.23.39' to ALLOWED_HOSTS.
Traceback (most recent call last):
  File "/usr/share/nginx/toornoi/.venv/lib/python3.12/site-packages/django/core/handlers/exception.py", line 55, in inner
    response = get_response(request)
               ^^^^^^^^^^^^^^^^^^^^^
  File "/usr/share/nginx/toornoi/.venv/lib/python3.12/site-packages/django/utils/deprecation.py", line 128, in __call__
    response = self.process_request(request)
               ^^^^^^^^^^^^^^^^^^^^^^^^^^^^^
  File "/usr/share/nginx/toornoi/.venv/lib/python3.12/site-packages/django/middleware/common.py", line 48, in process_request
    host = request.get_host()
           ^^^^^^^^^^^^^^^^^^
  File "/usr/share/nginx/toornoi/.venv/lib/python3.12/site-packages/django/http/request.py", line 151, in get_host
    raise DisallowedHost(msg)
django.core.exceptions.DisallowedHost: Invalid HTTP_HOST header: '15.188.23.39'. You may need to add '15.188.23.39' to ALLOWED_HOSTS.
Bad Request: /+CSCOE+/logon.html
[09/Feb/2025 13:42:10] "GET /+CSCOE+/logon.html HTTP/1.1" 400 65391
Invalid HTTP_HOST header: '15.188.23.39'. You may need to add '15.188.23.39' to ALLOWED_HOSTS.
Traceback (most recent call last):
  File "/usr/share/nginx/toornoi/.venv/lib/python3.12/site-packages/django/core/handlers/exception.py", line 55, in inner
    response = get_response(request)
               ^^^^^^^^^^^^^^^^^^^^^
  File "/usr/share/nginx/toornoi/.venv/lib/python3.12/site-packages/django/utils/deprecation.py", line 128, in __call__
    response = self.process_request(request)
               ^^^^^^^^^^^^^^^^^^^^^^^^^^^^^
  File "/usr/share/nginx/toornoi/.venv/lib/python3.12/site-packages/django/middleware/common.py", line 48, in process_request
    host = request.get_host()
           ^^^^^^^^^^^^^^^^^^
  File "/usr/share/nginx/toornoi/.venv/lib/python3.12/site-packages/django/http/request.py", line 151, in get_host
    raise DisallowedHost(msg)
django.core.exceptions.DisallowedHost: Invalid HTTP_HOST header: '15.188.23.39'. You may need to add '15.188.23.39' to ALLOWED_HOSTS.
Bad Request: /cgi-bin/login.cgi
[09/Feb/2025 13:42:14] "GET /cgi-bin/login.cgi HTTP/1.1" 400 65380
Invalid HTTP_HOST header: '15.188.23.39'. You may need to add '15.188.23.39' to ALLOWED_HOSTS.
Traceback (most recent call last):
  File "/usr/share/nginx/toornoi/.venv/lib/python3.12/site-packages/django/core/handlers/exception.py", line 55, in inner
    response = get_response(request)
               ^^^^^^^^^^^^^^^^^^^^^
  File "/usr/share/nginx/toornoi/.venv/lib/python3.12/site-packages/django/utils/deprecation.py", line 128, in __call__
    response = self.process_request(request)
               ^^^^^^^^^^^^^^^^^^^^^^^^^^^^^
  File "/usr/share/nginx/toornoi/.venv/lib/python3.12/site-packages/django/middleware/common.py", line 48, in process_request
    host = request.get_host()
           ^^^^^^^^^^^^^^^^^^
  File "/usr/share/nginx/toornoi/.venv/lib/python3.12/site-packages/django/http/request.py", line 151, in get_host
    raise DisallowedHost(msg)
django.core.exceptions.DisallowedHost: Invalid HTTP_HOST header: '15.188.23.39'. You may need to add '15.188.23.39' to ALLOWED_HOSTS.
Bad Request: /cgi-bin/login.cgi
[09/Feb/2025 13:42:19] "GET /cgi-bin/login.cgi HTTP/1.1" 400 65380
Invalid HTTP_HOST header: '15.188.23.39'. You may need to add '15.188.23.39' to ALLOWED_HOSTS.
Traceback (most recent call last):
  File "/usr/share/nginx/toornoi/.venv/lib/python3.12/site-packages/django/core/handlers/exception.py", line 55, in inner
    response = get_response(request)
               ^^^^^^^^^^^^^^^^^^^^^
  File "/usr/share/nginx/toornoi/.venv/lib/python3.12/site-packages/django/utils/deprecation.py", line 128, in __call__
    response = self.process_request(request)
               ^^^^^^^^^^^^^^^^^^^^^^^^^^^^^
  File "/usr/share/nginx/toornoi/.venv/lib/python3.12/site-packages/django/middleware/common.py", line 48, in process_request
    host = request.get_host()
           ^^^^^^^^^^^^^^^^^^
  File "/usr/share/nginx/toornoi/.venv/lib/python3.12/site-packages/django/http/request.py", line 151, in get_host
    raise DisallowedHost(msg)
django.core.exceptions.DisallowedHost: Invalid HTTP_HOST header: '15.188.23.39'. You may need to add '15.188.23.39' to ALLOWED_HOSTS.
Bad Request: /login.htm
[09/Feb/2025 13:42:22] "GET /login.htm HTTP/1.1" 400 65292
Invalid HTTP_HOST header: '15.188.23.39'. You may need to add '15.188.23.39' to ALLOWED_HOSTS.
Traceback (most recent call last):
  File "/usr/share/nginx/toornoi/.venv/lib/python3.12/site-packages/django/core/handlers/exception.py", line 55, in inner
    response = get_response(request)
               ^^^^^^^^^^^^^^^^^^^^^
  File "/usr/share/nginx/toornoi/.venv/lib/python3.12/site-packages/django/utils/deprecation.py", line 128, in __call__
    response = self.process_request(request)
               ^^^^^^^^^^^^^^^^^^^^^^^^^^^^^
  File "/usr/share/nginx/toornoi/.venv/lib/python3.12/site-packages/django/middleware/common.py", line 48, in process_request
    host = request.get_host()
           ^^^^^^^^^^^^^^^^^^
  File "/usr/share/nginx/toornoi/.venv/lib/python3.12/site-packages/django/http/request.py", line 151, in get_host
    raise DisallowedHost(msg)
django.core.exceptions.DisallowedHost: Invalid HTTP_HOST header: '15.188.23.39'. You may need to add '15.188.23.39' to ALLOWED_HOSTS.
Bad Request: /login.htm
[09/Feb/2025 13:42:29] "GET /login.htm HTTP/1.1" 400 65292
Invalid HTTP_HOST header: '15.188.23.39'. You may need to add '15.188.23.39' to ALLOWED_HOSTS.
Traceback (most recent call last):
  File "/usr/share/nginx/toornoi/.venv/lib/python3.12/site-packages/django/core/handlers/exception.py", line 55, in inner
    response = get_response(request)
               ^^^^^^^^^^^^^^^^^^^^^
  File "/usr/share/nginx/toornoi/.venv/lib/python3.12/site-packages/django/utils/deprecation.py", line 128, in __call__
    response = self.process_request(request)
               ^^^^^^^^^^^^^^^^^^^^^^^^^^^^^
  File "/usr/share/nginx/toornoi/.venv/lib/python3.12/site-packages/django/middleware/common.py", line 48, in process_request
    host = request.get_host()
           ^^^^^^^^^^^^^^^^^^
  File "/usr/share/nginx/toornoi/.venv/lib/python3.12/site-packages/django/http/request.py", line 151, in get_host
    raise DisallowedHost(msg)
django.core.exceptions.DisallowedHost: Invalid HTTP_HOST header: '15.188.23.39'. You may need to add '15.188.23.39' to ALLOWED_HOSTS.
Bad Request: /login.jsp
[09/Feb/2025 13:42:35] "GET /login.jsp HTTP/1.1" 400 65292
Invalid HTTP_HOST header: '15.188.23.39'. You may need to add '15.188.23.39' to ALLOWED_HOSTS.
Traceback (most recent call last):
  File "/usr/share/nginx/toornoi/.venv/lib/python3.12/site-packages/django/core/handlers/exception.py", line 55, in inner
    response = get_response(request)
               ^^^^^^^^^^^^^^^^^^^^^
  File "/usr/share/nginx/toornoi/.venv/lib/python3.12/site-packages/django/utils/deprecation.py", line 128, in __call__
    response = self.process_request(request)
               ^^^^^^^^^^^^^^^^^^^^^^^^^^^^^
  File "/usr/share/nginx/toornoi/.venv/lib/python3.12/site-packages/django/middleware/common.py", line 48, in process_request
    host = request.get_host()
           ^^^^^^^^^^^^^^^^^^
  File "/usr/share/nginx/toornoi/.venv/lib/python3.12/site-packages/django/http/request.py", line 151, in get_host
    raise DisallowedHost(msg)
django.core.exceptions.DisallowedHost: Invalid HTTP_HOST header: '15.188.23.39'. You may need to add '15.188.23.39' to ALLOWED_HOSTS.
Bad Request: /login.jsp
[09/Feb/2025 13:42:42] "GET /login.jsp HTTP/1.1" 400 65292
Invalid HTTP_HOST header: '15.188.23.39'. You may need to add '15.188.23.39' to ALLOWED_HOSTS.
Traceback (most recent call last):
  File "/usr/share/nginx/toornoi/.venv/lib/python3.12/site-packages/django/core/handlers/exception.py", line 55, in inner
    response = get_response(request)
               ^^^^^^^^^^^^^^^^^^^^^
  File "/usr/share/nginx/toornoi/.venv/lib/python3.12/site-packages/django/utils/deprecation.py", line 128, in __call__
    response = self.process_request(request)
               ^^^^^^^^^^^^^^^^^^^^^^^^^^^^^
  File "/usr/share/nginx/toornoi/.venv/lib/python3.12/site-packages/django/middleware/common.py", line 48, in process_request
    host = request.get_host()
           ^^^^^^^^^^^^^^^^^^
  File "/usr/share/nginx/toornoi/.venv/lib/python3.12/site-packages/django/http/request.py", line 151, in get_host
    raise DisallowedHost(msg)
django.core.exceptions.DisallowedHost: Invalid HTTP_HOST header: '15.188.23.39'. You may need to add '15.188.23.39' to ALLOWED_HOSTS.
Bad Request: /doc/index.html
[09/Feb/2025 13:42:46] "GET /doc/index.html HTTP/1.1" 400 65347
Invalid HTTP_HOST header: '15.188.23.39'. You may need to add '15.188.23.39' to ALLOWED_HOSTS.
Traceback (most recent call last):
  File "/usr/share/nginx/toornoi/.venv/lib/python3.12/site-packages/django/core/handlers/exception.py", line 55, in inner
    response = get_response(request)
               ^^^^^^^^^^^^^^^^^^^^^
  File "/usr/share/nginx/toornoi/.venv/lib/python3.12/site-packages/django/utils/deprecation.py", line 128, in __call__
    response = self.process_request(request)
               ^^^^^^^^^^^^^^^^^^^^^^^^^^^^^
  File "/usr/share/nginx/toornoi/.venv/lib/python3.12/site-packages/django/middleware/common.py", line 48, in process_request
    host = request.get_host()
           ^^^^^^^^^^^^^^^^^^
  File "/usr/share/nginx/toornoi/.venv/lib/python3.12/site-packages/django/http/request.py", line 151, in get_host
    raise DisallowedHost(msg)
django.core.exceptions.DisallowedHost: Invalid HTTP_HOST header: '15.188.23.39'. You may need to add '15.188.23.39' to ALLOWED_HOSTS.
Bad Request: /doc/index.html
[09/Feb/2025 13:42:52] "GET /doc/index.html HTTP/1.1" 400 65347
Invalid HTTP_HOST header: '15.188.23.39'. You may need to add '15.188.23.39' to ALLOWED_HOSTS.
Traceback (most recent call last):
  File "/usr/share/nginx/toornoi/.venv/lib/python3.12/site-packages/django/core/handlers/exception.py", line 55, in inner
    response = get_response(request)
               ^^^^^^^^^^^^^^^^^^^^^
  File "/usr/share/nginx/toornoi/.venv/lib/python3.12/site-packages/django/utils/deprecation.py", line 128, in __call__
    response = self.process_request(request)
               ^^^^^^^^^^^^^^^^^^^^^^^^^^^^^
  File "/usr/share/nginx/toornoi/.venv/lib/python3.12/site-packages/django/middleware/common.py", line 48, in process_request
    host = request.get_host()
           ^^^^^^^^^^^^^^^^^^
  File "/usr/share/nginx/toornoi/.venv/lib/python3.12/site-packages/django/http/request.py", line 151, in get_host
    raise DisallowedHost(msg)
django.core.exceptions.DisallowedHost: Invalid HTTP_HOST header: '15.188.23.39'. You may need to add '15.188.23.39' to ALLOWED_HOSTS.
Bad Request: /remote/login
[09/Feb/2025 13:42:56] "GET /remote/login HTTP/1.1" 400 65325
Invalid HTTP_HOST header: '15.188.23.39'. You may need to add '15.188.23.39' to ALLOWED_HOSTS.
Traceback (most recent call last):
  File "/usr/share/nginx/toornoi/.venv/lib/python3.12/site-packages/django/core/handlers/exception.py", line 55, in inner
    response = get_response(request)
               ^^^^^^^^^^^^^^^^^^^^^
  File "/usr/share/nginx/toornoi/.venv/lib/python3.12/site-packages/django/utils/deprecation.py", line 128, in __call__
    response = self.process_request(request)
               ^^^^^^^^^^^^^^^^^^^^^^^^^^^^^
  File "/usr/share/nginx/toornoi/.venv/lib/python3.12/site-packages/django/middleware/common.py", line 48, in process_request
    host = request.get_host()
           ^^^^^^^^^^^^^^^^^^
  File "/usr/share/nginx/toornoi/.venv/lib/python3.12/site-packages/django/http/request.py", line 151, in get_host
    raise DisallowedHost(msg)
django.core.exceptions.DisallowedHost: Invalid HTTP_HOST header: '15.188.23.39'. You may need to add '15.188.23.39' to ALLOWED_HOSTS.
Bad Request: /remote/login
[09/Feb/2025 13:43:00] "GET /remote/login HTTP/1.1" 400 65325
Invalid HTTP_HOST header: '15.188.23.39'. You may need to add '15.188.23.39' to ALLOWED_HOSTS.
Traceback (most recent call last):
  File "/usr/share/nginx/toornoi/.venv/lib/python3.12/site-packages/django/core/handlers/exception.py", line 55, in inner
    response = get_response(request)
               ^^^^^^^^^^^^^^^^^^^^^
  File "/usr/share/nginx/toornoi/.venv/lib/python3.12/site-packages/django/utils/deprecation.py", line 128, in __call__
    response = self.process_request(request)
               ^^^^^^^^^^^^^^^^^^^^^^^^^^^^^
  File "/usr/share/nginx/toornoi/.venv/lib/python3.12/site-packages/django/middleware/common.py", line 48, in process_request
    host = request.get_host()
           ^^^^^^^^^^^^^^^^^^
  File "/usr/share/nginx/toornoi/.venv/lib/python3.12/site-packages/django/http/request.py", line 151, in get_host
    raise DisallowedHost(msg)
django.core.exceptions.DisallowedHost: Invalid HTTP_HOST header: '15.188.23.39'. You may need to add '15.188.23.39' to ALLOWED_HOSTS.
Bad Request: /admin/login.asp
[09/Feb/2025 13:43:03] "GET //admin/login.asp HTTP/1.1" 400 65477
Invalid HTTP_HOST header: '15.188.23.39'. You may need to add '15.188.23.39' to ALLOWED_HOSTS.
Traceback (most recent call last):
  File "/usr/share/nginx/toornoi/.venv/lib/python3.12/site-packages/django/core/handlers/exception.py", line 55, in inner
    response = get_response(request)
               ^^^^^^^^^^^^^^^^^^^^^
  File "/usr/share/nginx/toornoi/.venv/lib/python3.12/site-packages/django/utils/deprecation.py", line 128, in __call__
    response = self.process_request(request)
               ^^^^^^^^^^^^^^^^^^^^^^^^^^^^^
  File "/usr/share/nginx/toornoi/.venv/lib/python3.12/site-packages/django/middleware/common.py", line 48, in process_request
    host = request.get_host()
           ^^^^^^^^^^^^^^^^^^
  File "/usr/share/nginx/toornoi/.venv/lib/python3.12/site-packages/django/http/request.py", line 151, in get_host
    raise DisallowedHost(msg)
django.core.exceptions.DisallowedHost: Invalid HTTP_HOST header: '15.188.23.39'. You may need to add '15.188.23.39' to ALLOWED_HOSTS.
Bad Request: /admin/login.asp
[09/Feb/2025 13:43:07] "GET //admin/login.asp HTTP/1.1" 400 65477
Invalid HTTP_HOST header: '15.188.23.39'. You may need to add '15.188.23.39' to ALLOWED_HOSTS.
Traceback (most recent call last):
  File "/usr/share/nginx/toornoi/.venv/lib/python3.12/site-packages/django/core/handlers/exception.py", line 55, in inner
    response = get_response(request)
               ^^^^^^^^^^^^^^^^^^^^^
  File "/usr/share/nginx/toornoi/.venv/lib/python3.12/site-packages/django/utils/deprecation.py", line 128, in __call__
    response = self.process_request(request)
               ^^^^^^^^^^^^^^^^^^^^^^^^^^^^^
  File "/usr/share/nginx/toornoi/.venv/lib/python3.12/site-packages/django/middleware/common.py", line 48, in process_request
    host = request.get_host()
           ^^^^^^^^^^^^^^^^^^
  File "/usr/share/nginx/toornoi/.venv/lib/python3.12/site-packages/django/http/request.py", line 151, in get_host
    raise DisallowedHost(msg)
django.core.exceptions.DisallowedHost: Invalid HTTP_HOST header: '15.188.23.39'. You may need to add '15.188.23.39' to ALLOWED_HOSTS.
Bad Request: /
[09/Feb/2025 14:20:53] "GET / HTTP/1.1" 400 65353
Invalid HTTP_HOST header: '15.188.23.39'. You may need to add '15.188.23.39' to ALLOWED_HOSTS.
Traceback (most recent call last):
  File "/usr/share/nginx/toornoi/.venv/lib/python3.12/site-packages/django/core/handlers/exception.py", line 55, in inner
    response = get_response(request)
               ^^^^^^^^^^^^^^^^^^^^^
  File "/usr/share/nginx/toornoi/.venv/lib/python3.12/site-packages/django/utils/deprecation.py", line 128, in __call__
    response = self.process_request(request)
               ^^^^^^^^^^^^^^^^^^^^^^^^^^^^^
  File "/usr/share/nginx/toornoi/.venv/lib/python3.12/site-packages/django/middleware/common.py", line 48, in process_request
    host = request.get_host()
           ^^^^^^^^^^^^^^^^^^
  File "/usr/share/nginx/toornoi/.venv/lib/python3.12/site-packages/django/http/request.py", line 151, in get_host
    raise DisallowedHost(msg)
django.core.exceptions.DisallowedHost: Invalid HTTP_HOST header: '15.188.23.39'. You may need to add '15.188.23.39' to ALLOWED_HOSTS.
Bad Request: /
[09/Feb/2025 14:20:53] "GET / HTTP/1.1" 400 65353
Invalid HTTP_HOST header: '15.188.23.39'. You may need to add '15.188.23.39' to ALLOWED_HOSTS.
Traceback (most recent call last):
  File "/usr/share/nginx/toornoi/.venv/lib/python3.12/site-packages/django/core/handlers/exception.py", line 55, in inner
    response = get_response(request)
               ^^^^^^^^^^^^^^^^^^^^^
  File "/usr/share/nginx/toornoi/.venv/lib/python3.12/site-packages/django/utils/deprecation.py", line 128, in __call__
    response = self.process_request(request)
               ^^^^^^^^^^^^^^^^^^^^^^^^^^^^^
  File "/usr/share/nginx/toornoi/.venv/lib/python3.12/site-packages/django/middleware/common.py", line 48, in process_request
    host = request.get_host()
           ^^^^^^^^^^^^^^^^^^
  File "/usr/share/nginx/toornoi/.venv/lib/python3.12/site-packages/django/http/request.py", line 151, in get_host
    raise DisallowedHost(msg)
django.core.exceptions.DisallowedHost: Invalid HTTP_HOST header: '15.188.23.39'. You may need to add '15.188.23.39' to ALLOWED_HOSTS.
Bad Request: /
[09/Feb/2025 14:20:53] "GET / HTTP/1.1" 400 65353
Invalid HTTP_HOST header: '15.188.23.39'. You may need to add '15.188.23.39' to ALLOWED_HOSTS.
Traceback (most recent call last):
  File "/usr/share/nginx/toornoi/.venv/lib/python3.12/site-packages/django/core/handlers/exception.py", line 55, in inner
    response = get_response(request)
               ^^^^^^^^^^^^^^^^^^^^^
  File "/usr/share/nginx/toornoi/.venv/lib/python3.12/site-packages/django/utils/deprecation.py", line 128, in __call__
    response = self.process_request(request)
               ^^^^^^^^^^^^^^^^^^^^^^^^^^^^^
  File "/usr/share/nginx/toornoi/.venv/lib/python3.12/site-packages/django/middleware/common.py", line 48, in process_request
    host = request.get_host()
           ^^^^^^^^^^^^^^^^^^
  File "/usr/share/nginx/toornoi/.venv/lib/python3.12/site-packages/django/http/request.py", line 151, in get_host
    raise DisallowedHost(msg)
django.core.exceptions.DisallowedHost: Invalid HTTP_HOST header: '15.188.23.39'. You may need to add '15.188.23.39' to ALLOWED_HOSTS.
Bad Request: /.env
[09/Feb/2025 16:07:55] "GET /.env HTTP/1.1" 400 65404
[09/Feb/2025 16:56:28] "GET / HTTP/1.1" 200 199
Not Found: /.env
[09/Feb/2025 16:56:28] "GET /.env HTTP/1.1" 404 23
Not Found: /.remote
[09/Feb/2025 16:56:28] "GET /.remote HTTP/1.1" 404 23
Not Found: /.local
[09/Feb/2025 16:56:28] "GET /.local HTTP/1.1" 404 23
Not Found: /.production
[09/Feb/2025 16:56:28] "GET /.production HTTP/1.1" 404 23
Not Found: /vendor/.env
[09/Feb/2025 16:56:28] "GET /vendor/.env HTTP/1.1" 404 8624
Not Found: /lib/.env
[09/Feb/2025 16:56:28] "GET /lib/.env HTTP/1.1" 404 8615
Not Found: /lab/.env
[09/Feb/2025 16:56:29] "GET /lab/.env HTTP/1.1" 404 8615
Not Found: /cronlab/.env
[09/Feb/2025 16:56:29] "GET /cronlab/.env HTTP/1.1" 404 8627
Not Found: /cron/.env
[09/Feb/2025 16:56:29] "GET /cron/.env HTTP/1.1" 404 8618
Not Found: /core/.env
[09/Feb/2025 16:56:29] "GET /core/.env HTTP/1.1" 404 8618
Not Found: /core/app/.env
[09/Feb/2025 16:56:29] "GET /core/app/.env HTTP/1.1" 404 8630
Not Found: /core/Datavase/.env
[09/Feb/2025 16:56:29] "GET /core/Datavase/.env HTTP/1.1" 404 8645
Not Found: /database/.env
[09/Feb/2025 16:56:29] "GET /database/.env HTTP/1.1" 404 8630
Not Found: /config/.env
[09/Feb/2025 16:56:29] "GET /config/.env HTTP/1.1" 404 8624
Not Found: /assets/.env
[09/Feb/2025 16:56:29] "GET /assets/.env HTTP/1.1" 404 8624
Not Found: /app/.env
[09/Feb/2025 16:56:29] "GET /app/.env HTTP/1.1" 404 8615
Not Found: /apps/.env
[09/Feb/2025 16:56:29] "GET /apps/.env HTTP/1.1" 404 8618
Not Found: /uploads/.env
[09/Feb/2025 16:56:29] "GET /uploads/.env HTTP/1.1" 404 8627
Not Found: /sitemaps/.env
[09/Feb/2025 16:56:29] "GET /sitemaps/.env HTTP/1.1" 404 8630
Not Found: /saas/.env
[09/Feb/2025 16:56:29] "GET /saas/.env HTTP/1.1" 404 8618
Not Found: /api/.env
[09/Feb/2025 16:56:29] "GET /api/.env HTTP/1.1" 404 8615
Not Found: /psnlink/.env
[09/Feb/2025 16:56:29] "GET /psnlink/.env HTTP/1.1" 404 8627
Not Found: /exapi/.env
[09/Feb/2025 16:56:29] "GET /exapi/.env HTTP/1.1" 404 8621
Not Found: /site/.env
[09/Feb/2025 16:56:29] "GET /site/.env HTTP/1.1" 404 8618
[09/Feb/2025 16:56:29] "GET /admin/.env HTTP/1.1" 302 0
Not Found: /web/.env
[09/Feb/2025 16:56:29] "GET /web/.env HTTP/1.1" 404 8615
Not Found: /public/.env
[09/Feb/2025 16:56:29] "GET /public/.env HTTP/1.1" 404 8624
Not Found: /en/.env
[09/Feb/2025 16:56:29] "GET /en/.env HTTP/1.1" 404 8612
Not Found: /tools/.env
[09/Feb/2025 16:56:29] "GET /tools/.env HTTP/1.1" 404 8621
Not Found: /v1/.env
[09/Feb/2025 16:56:29] "GET /v1/.env HTTP/1.1" 404 8612
Not Found: /v2/.env
[09/Feb/2025 16:56:29] "GET /v2/.env HTTP/1.1" 404 8612
Not Found: /administrator/.env
[09/Feb/2025 16:56:29] "GET /administrator/.env HTTP/1.1" 404 8645
Not Found: /laravel/.env
[09/Feb/2025 16:56:30] "GET /laravel/.env HTTP/1.1" 404 8627
Not Found: /sendgrid.env
[09/Feb/2025 16:56:30] "GET /sendgrid.env HTTP/1.1" 404 8627
Not Found: /storage/.env
[09/Feb/2025 16:56:30] "GET /storage/.env HTTP/1.1" 404 8627
Not Found: /__tests__/test-become/.env
[09/Feb/2025 16:56:30] "GET /__tests__/test-become/.env HTTP/1.1" 404 8669
Not Found: /redmine/.env
[09/Feb/2025 16:56:30] "GET /redmine/.env HTTP/1.1" 404 8627
Not Found: /gists/cache
[09/Feb/2025 16:56:30] "GET /gists/cache HTTP/1.1" 404 8624
Not Found: /backend/.env
[09/Feb/2025 16:56:30] "GET /backend/.env HTTP/1.1" 404 8627
Not Found: /.env.example
[09/Feb/2025 16:56:30] "GET /.env.example HTTP/1.1" 404 8627
Not Found: /main/.env
[09/Feb/2025 16:56:30] "GET /main/.env HTTP/1.1" 404 8618
Not Found: /docs/.env
[09/Feb/2025 16:56:30] "GET /docs/.env HTTP/1.1" 404 8618
Not Found: /client/.env
[09/Feb/2025 16:56:30] "GET /client/.env HTTP/1.1" 404 8624
Not Found: /blog/.env
[09/Feb/2025 16:56:30] "GET /blog/.env HTTP/1.1" 404 8618
Not Found: /.env.dev
[09/Feb/2025 16:56:30] "GET /.env.dev HTTP/1.1" 404 8615
Not Found: /blogs/.env
[09/Feb/2025 16:56:30] "GET /blogs/.env HTTP/1.1" 404 8621
Not Found: /shared/.env
[09/Feb/2025 16:56:30] "GET /shared/.env HTTP/1.1" 404 8624
Not Found: /download/.env
[09/Feb/2025 16:56:30] "GET /download/.env HTTP/1.1" 404 8630
Not Found: /.env.php
[09/Feb/2025 16:56:30] "GET /.env.php HTTP/1.1" 404 8615
Not Found: /sites/.env
[09/Feb/2025 16:56:30] "GET /sites/.env HTTP/1.1" 404 8621
Not Found: /web/.env]
[09/Feb/2025 16:56:30] "GET /web/.env] HTTP/1.1" 404 8620
Not Found: /.env.bak
[09/Feb/2025 16:56:30] "GET /.env.bak HTTP/1.1" 404 8615
Not Found: /.env.live
[09/Feb/2025 16:56:30] "GET /.env.live HTTP/1.1" 404 8618
Not Found: /.env.swp
[09/Feb/2025 16:56:30] "GET /.env.swp HTTP/1.1" 404 8615
Not Found: /.env.uat
[09/Feb/2025 16:56:30] "GET /.env.uat HTTP/1.1" 404 8615
Not Found: /.aws/credentials
[09/Feb/2025 16:56:30] "GET /.aws/credentials HTTP/1.1" 404 8639
Not Found: /.env.old
[09/Feb/2025 16:56:30] "GET /.env.old HTTP/1.1" 404 8615
Not Found: /.env.www
[09/Feb/2025 16:56:30] "GET /.env.www HTTP/1.1" 404 8615
Not Found: /.env_1
[09/Feb/2025 16:56:31] "GET /.env_1 HTTP/1.1" 404 8609
Not Found: /.env_sample
[09/Feb/2025 16:56:31] "GET /.env_sample HTTP/1.1" 404 8624
Not Found: /_static/.env
[09/Feb/2025 16:56:31] "GET /_static/.env HTTP/1.1" 404 8627
Not Found: /.docker/.env
[09/Feb/2025 16:56:31] "GET /.docker/.env HTTP/1.1" 404 8627
Not Found: /.env.backup
[09/Feb/2025 16:56:31] "GET /.env.backup HTTP/1.1" 404 8624
Not Found: /product/.env.staging
[09/Feb/2025 16:56:31] "GET /product/.env.staging HTTP/1.1" 404 8651
Not Found: /content/.env
[09/Feb/2025 16:56:31] "GET /content/.env HTTP/1.1" 404 8627
Not Found: /storage/.env.local
[09/Feb/2025 16:56:31] "GET /storage/.env.local HTTP/1.1" 404 8645
Not Found: /.env.local
[09/Feb/2025 16:56:31] "GET /.env.local HTTP/1.1" 404 8621
Not Found: /media/.env
[09/Feb/2025 16:56:31] "GET /media/.env HTTP/1.1" 404 8621
Not Found: /.env.save
[09/Feb/2025 16:56:31] "GET /.env.save HTTP/1.1" 404 8618
Not Found: /user/.env.staging
[09/Feb/2025 16:56:31] "GET /user/.env.staging HTTP/1.1" 404 8642
Not Found: /files/.env
[09/Feb/2025 16:56:31] "GET /files/.env HTTP/1.1" 404 8621
Not Found: /.env.production
[09/Feb/2025 16:56:31] "GET /.env.production HTTP/1.1" 404 8636
Not Found: /env/.env
[09/Feb/2025 16:56:31] "GET /env/.env HTTP/1.1" 404 8615
Not Found: /icons/.env
[09/Feb/2025 16:56:31] "GET /icons/.env HTTP/1.1" 404 8621
Not Found: /index.js
[09/Feb/2025 16:56:31] "GET /index.js HTTP/1.1" 404 8615
Not Found: /index.json
[09/Feb/2025 16:56:31] "GET /index.json HTTP/1.1" 404 8621
Not Found: /index.php
[09/Feb/2025 16:56:31] "GET /index.php HTTP/1.1" 404 8618
Not Found: /index1.php
[09/Feb/2025 16:56:31] "GET /index1.php HTTP/1.1" 404 8621
Not Found: /.environment
[09/Feb/2025 16:56:31] "GET /.environment HTTP/1.1" 404 23
Not Found: /conf/.env
[09/Feb/2025 16:56:31] "GET /conf/.env HTTP/1.1" 404 8618
Not Found: /wp-content/.env
[09/Feb/2025 16:56:31] "GET /wp-content/.env HTTP/1.1" 404 8636
Not Found: /wp-admin/.env
[09/Feb/2025 16:56:31] "GET /wp-admin/.env HTTP/1.1" 404 8630
Not Found: /library/.env
[09/Feb/2025 16:56:31] "GET /library/.env HTTP/1.1" 404 8627
Not Found: /new/.env
[09/Feb/2025 16:56:32] "GET /new/.env HTTP/1.1" 404 8615
Not Found: /old/.env
[09/Feb/2025 16:56:32] "GET /old/.env HTTP/1.1" 404 8615
Not Found: /local/.env
[09/Feb/2025 16:56:32] "GET /local/.env HTTP/1.1" 404 8621
Not Found: /crm/.env
[09/Feb/2025 16:56:32] "GET /crm/.env HTTP/1.1" 404 8615
Not Found: /app/config/.env
[09/Feb/2025 16:56:32] "GET /app/config/.env HTTP/1.1" 404 8636
Not Found: /audio/.env
[09/Feb/2025 16:56:32] "GET /audio/.env HTTP/1.1" 404 8621
Not Found: /cgi-bin/.env
[09/Feb/2025 16:56:32] "GET /cgi-bin/.env HTTP/1.1" 404 8627
Not Found: /src/.env
[09/Feb/2025 16:56:32] "GET /src/.env HTTP/1.1" 404 8615
Not Found: /base/.env
[09/Feb/2025 16:56:32] "GET /base/.env HTTP/1.1" 404 8618
Not Found: /vendor/laravel/.env
[09/Feb/2025 16:56:32] "GET /vendor/laravel/.env HTTP/1.1" 404 8648
Not Found: /protected/.env
[09/Feb/2025 16:56:32] "GET /protected/.env HTTP/1.1" 404 8633
Not Found: /newsite/.env
[09/Feb/2025 16:56:32] "GET /newsite/.env HTTP/1.1" 404 8627
Not Found: /www/.env
[09/Feb/2025 16:56:32] "GET /www/.env HTTP/1.1" 404 8615
Invalid HTTP_HOST header: '15.188.23.39'. You may need to add '15.188.23.39' to ALLOWED_HOSTS.
Traceback (most recent call last):
  File "/usr/share/nginx/toornoi/.venv/lib/python3.12/site-packages/django/core/handlers/exception.py", line 55, in inner
    response = get_response(request)
               ^^^^^^^^^^^^^^^^^^^^^
  File "/usr/share/nginx/toornoi/.venv/lib/python3.12/site-packages/django/utils/deprecation.py", line 128, in __call__
    response = self.process_request(request)
               ^^^^^^^^^^^^^^^^^^^^^^^^^^^^^
  File "/usr/share/nginx/toornoi/.venv/lib/python3.12/site-packages/django/middleware/common.py", line 48, in process_request
    host = request.get_host()
           ^^^^^^^^^^^^^^^^^^
  File "/usr/share/nginx/toornoi/.venv/lib/python3.12/site-packages/django/http/request.py", line 151, in get_host
    raise DisallowedHost(msg)
django.core.exceptions.DisallowedHost: Invalid HTTP_HOST header: '15.188.23.39'. You may need to add '15.188.23.39' to ALLOWED_HOSTS.
Bad Request: /
[09/Feb/2025 17:08:07] "GET / HTTP/1.1" 400 65391
Invalid HTTP_HOST header: '15.188.23.39'. You may need to add '15.188.23.39' to ALLOWED_HOSTS.
Traceback (most recent call last):
  File "/usr/share/nginx/toornoi/.venv/lib/python3.12/site-packages/django/core/handlers/exception.py", line 55, in inner
    response = get_response(request)
               ^^^^^^^^^^^^^^^^^^^^^
  File "/usr/share/nginx/toornoi/.venv/lib/python3.12/site-packages/django/utils/deprecation.py", line 128, in __call__
    response = self.process_request(request)
               ^^^^^^^^^^^^^^^^^^^^^^^^^^^^^
  File "/usr/share/nginx/toornoi/.venv/lib/python3.12/site-packages/django/middleware/common.py", line 48, in process_request
    host = request.get_host()
           ^^^^^^^^^^^^^^^^^^
  File "/usr/share/nginx/toornoi/.venv/lib/python3.12/site-packages/django/http/request.py", line 151, in get_host
    raise DisallowedHost(msg)
django.core.exceptions.DisallowedHost: Invalid HTTP_HOST header: '15.188.23.39'. You may need to add '15.188.23.39' to ALLOWED_HOSTS.
Bad Request: /
[09/Feb/2025 17:23:58] "GET / HTTP/1.1" 400 65083
[09/Feb/2025 17:25:37] "GET / HTTP/1.1" 200 5660
Invalid HTTP_HOST header: '15.188.23.39'. You may need to add '15.188.23.39' to ALLOWED_HOSTS.
Traceback (most recent call last):
  File "/usr/share/nginx/toornoi/.venv/lib/python3.12/site-packages/django/core/handlers/exception.py", line 55, in inner
    response = get_response(request)
               ^^^^^^^^^^^^^^^^^^^^^
  File "/usr/share/nginx/toornoi/.venv/lib/python3.12/site-packages/django/utils/deprecation.py", line 128, in __call__
    response = self.process_request(request)
               ^^^^^^^^^^^^^^^^^^^^^^^^^^^^^
  File "/usr/share/nginx/toornoi/.venv/lib/python3.12/site-packages/django/middleware/common.py", line 48, in process_request
    host = request.get_host()
           ^^^^^^^^^^^^^^^^^^
  File "/usr/share/nginx/toornoi/.venv/lib/python3.12/site-packages/django/http/request.py", line 151, in get_host
    raise DisallowedHost(msg)
django.core.exceptions.DisallowedHost: Invalid HTTP_HOST header: '15.188.23.39'. You may need to add '15.188.23.39' to ALLOWED_HOSTS.
Bad Request: /.git/index
[09/Feb/2025 18:16:27] "GET /.git/index HTTP/1.1" 400 65437
Invalid HTTP_HOST header: '15.188.23.39'. You may need to add '15.188.23.39' to ALLOWED_HOSTS.
Traceback (most recent call last):
  File "/usr/share/nginx/toornoi/.venv/lib/python3.12/site-packages/django/core/handlers/exception.py", line 55, in inner
    response = get_response(request)
               ^^^^^^^^^^^^^^^^^^^^^
  File "/usr/share/nginx/toornoi/.venv/lib/python3.12/site-packages/django/utils/deprecation.py", line 128, in __call__
    response = self.process_request(request)
               ^^^^^^^^^^^^^^^^^^^^^^^^^^^^^
  File "/usr/share/nginx/toornoi/.venv/lib/python3.12/site-packages/django/middleware/common.py", line 48, in process_request
    host = request.get_host()
           ^^^^^^^^^^^^^^^^^^
  File "/usr/share/nginx/toornoi/.venv/lib/python3.12/site-packages/django/http/request.py", line 151, in get_host
    raise DisallowedHost(msg)
django.core.exceptions.DisallowedHost: Invalid HTTP_HOST header: '15.188.23.39'. You may need to add '15.188.23.39' to ALLOWED_HOSTS.
Bad Request: /
[09/Feb/2025 19:01:19] "GET / HTTP/1.1" 400 64696
Invalid HTTP_HOST header: '15.188.23.39'. You may need to add '15.188.23.39' to ALLOWED_HOSTS.
Traceback (most recent call last):
  File "/usr/share/nginx/toornoi/.venv/lib/python3.12/site-packages/django/core/handlers/exception.py", line 55, in inner
    response = get_response(request)
               ^^^^^^^^^^^^^^^^^^^^^
  File "/usr/share/nginx/toornoi/.venv/lib/python3.12/site-packages/django/utils/deprecation.py", line 128, in __call__
    response = self.process_request(request)
               ^^^^^^^^^^^^^^^^^^^^^^^^^^^^^
  File "/usr/share/nginx/toornoi/.venv/lib/python3.12/site-packages/django/middleware/common.py", line 48, in process_request
    host = request.get_host()
           ^^^^^^^^^^^^^^^^^^
  File "/usr/share/nginx/toornoi/.venv/lib/python3.12/site-packages/django/http/request.py", line 151, in get_host
    raise DisallowedHost(msg)
django.core.exceptions.DisallowedHost: Invalid HTTP_HOST header: '15.188.23.39'. You may need to add '15.188.23.39' to ALLOWED_HOSTS.
Bad Request: /
[09/Feb/2025 19:01:20] "GET / HTTP/1.1" 400 65629
Invalid HTTP_HOST header: '15.188.23.39'. You may need to add '15.188.23.39' to ALLOWED_HOSTS.
Traceback (most recent call last):
  File "/usr/share/nginx/toornoi/.venv/lib/python3.12/site-packages/django/core/handlers/exception.py", line 55, in inner
    response = get_response(request)
               ^^^^^^^^^^^^^^^^^^^^^
  File "/usr/share/nginx/toornoi/.venv/lib/python3.12/site-packages/django/utils/deprecation.py", line 128, in __call__
    response = self.process_request(request)
               ^^^^^^^^^^^^^^^^^^^^^^^^^^^^^
  File "/usr/share/nginx/toornoi/.venv/lib/python3.12/site-packages/django/middleware/common.py", line 48, in process_request
    host = request.get_host()
           ^^^^^^^^^^^^^^^^^^
  File "/usr/share/nginx/toornoi/.venv/lib/python3.12/site-packages/django/http/request.py", line 151, in get_host
    raise DisallowedHost(msg)
django.core.exceptions.DisallowedHost: Invalid HTTP_HOST header: '15.188.23.39'. You may need to add '15.188.23.39' to ALLOWED_HOSTS.
Bad Request: /favicon.ico
[09/Feb/2025 19:01:21] "GET /favicon.ico HTTP/1.1" 400 64854
Invalid HTTP_HOST header: '15.188.23.39'. You may need to add '15.188.23.39' to ALLOWED_HOSTS.
Traceback (most recent call last):
  File "/usr/share/nginx/toornoi/.venv/lib/python3.12/site-packages/django/core/handlers/exception.py", line 55, in inner
    response = get_response(request)
               ^^^^^^^^^^^^^^^^^^^^^
  File "/usr/share/nginx/toornoi/.venv/lib/python3.12/site-packages/django/utils/deprecation.py", line 128, in __call__
    response = self.process_request(request)
               ^^^^^^^^^^^^^^^^^^^^^^^^^^^^^
  File "/usr/share/nginx/toornoi/.venv/lib/python3.12/site-packages/django/middleware/common.py", line 48, in process_request
    host = request.get_host()
           ^^^^^^^^^^^^^^^^^^
  File "/usr/share/nginx/toornoi/.venv/lib/python3.12/site-packages/django/http/request.py", line 151, in get_host
    raise DisallowedHost(msg)
django.core.exceptions.DisallowedHost: Invalid HTTP_HOST header: '15.188.23.39'. You may need to add '15.188.23.39' to ALLOWED_HOSTS.
Bad Request: /
[09/Feb/2025 19:03:23] "GET / HTTP/1.1" 400 65227
Invalid HTTP_HOST header: '15.188.23.39'. You may need to add '15.188.23.39' to ALLOWED_HOSTS.
Traceback (most recent call last):
  File "/usr/share/nginx/toornoi/.venv/lib/python3.12/site-packages/django/core/handlers/exception.py", line 55, in inner
    response = get_response(request)
               ^^^^^^^^^^^^^^^^^^^^^
  File "/usr/share/nginx/toornoi/.venv/lib/python3.12/site-packages/django/utils/deprecation.py", line 128, in __call__
    response = self.process_request(request)
               ^^^^^^^^^^^^^^^^^^^^^^^^^^^^^
  File "/usr/share/nginx/toornoi/.venv/lib/python3.12/site-packages/django/middleware/common.py", line 48, in process_request
    host = request.get_host()
           ^^^^^^^^^^^^^^^^^^
  File "/usr/share/nginx/toornoi/.venv/lib/python3.12/site-packages/django/http/request.py", line 151, in get_host
    raise DisallowedHost(msg)
django.core.exceptions.DisallowedHost: Invalid HTTP_HOST header: '15.188.23.39'. You may need to add '15.188.23.39' to ALLOWED_HOSTS.
Bad Request: /
[09/Feb/2025 19:03:30] "GET / HTTP/1.1" 400 64696
Invalid HTTP_HOST header: '15.188.23.39'. You may need to add '15.188.23.39' to ALLOWED_HOSTS.
Traceback (most recent call last):
  File "/usr/share/nginx/toornoi/.venv/lib/python3.12/site-packages/django/core/handlers/exception.py", line 55, in inner
    response = get_response(request)
               ^^^^^^^^^^^^^^^^^^^^^
  File "/usr/share/nginx/toornoi/.venv/lib/python3.12/site-packages/django/utils/deprecation.py", line 128, in __call__
    response = self.process_request(request)
               ^^^^^^^^^^^^^^^^^^^^^^^^^^^^^
  File "/usr/share/nginx/toornoi/.venv/lib/python3.12/site-packages/django/middleware/common.py", line 48, in process_request
    host = request.get_host()
           ^^^^^^^^^^^^^^^^^^
  File "/usr/share/nginx/toornoi/.venv/lib/python3.12/site-packages/django/http/request.py", line 151, in get_host
    raise DisallowedHost(msg)
django.core.exceptions.DisallowedHost: Invalid HTTP_HOST header: '15.188.23.39'. You may need to add '15.188.23.39' to ALLOWED_HOSTS.
Bad Request: /
[09/Feb/2025 19:03:33] "GET / HTTP/1.1" 400 65227
Invalid HTTP_HOST header: '15.188.23.39'. You may need to add '15.188.23.39' to ALLOWED_HOSTS.
Traceback (most recent call last):
  File "/usr/share/nginx/toornoi/.venv/lib/python3.12/site-packages/django/core/handlers/exception.py", line 55, in inner
    response = get_response(request)
               ^^^^^^^^^^^^^^^^^^^^^
  File "/usr/share/nginx/toornoi/.venv/lib/python3.12/site-packages/django/utils/deprecation.py", line 128, in __call__
    response = self.process_request(request)
               ^^^^^^^^^^^^^^^^^^^^^^^^^^^^^
  File "/usr/share/nginx/toornoi/.venv/lib/python3.12/site-packages/django/middleware/common.py", line 48, in process_request
    host = request.get_host()
           ^^^^^^^^^^^^^^^^^^
  File "/usr/share/nginx/toornoi/.venv/lib/python3.12/site-packages/django/http/request.py", line 151, in get_host
    raise DisallowedHost(msg)
django.core.exceptions.DisallowedHost: Invalid HTTP_HOST header: '15.188.23.39'. You may need to add '15.188.23.39' to ALLOWED_HOSTS.
Bad Request: /
[09/Feb/2025 19:07:41] "GET / HTTP/1.1" 400 65243
Not Found: /.env
[09/Feb/2025 19:12:15] "GET /.env HTTP/1.1" 404 23
Invalid HTTP_HOST header: '15.188.23.39'. You may need to add '15.188.23.39' to ALLOWED_HOSTS.
Traceback (most recent call last):
  File "/usr/share/nginx/toornoi/.venv/lib/python3.12/site-packages/django/core/handlers/exception.py", line 55, in inner
    response = get_response(request)
               ^^^^^^^^^^^^^^^^^^^^^
  File "/usr/share/nginx/toornoi/.venv/lib/python3.12/site-packages/django/utils/deprecation.py", line 128, in __call__
    response = self.process_request(request)
               ^^^^^^^^^^^^^^^^^^^^^^^^^^^^^
  File "/usr/share/nginx/toornoi/.venv/lib/python3.12/site-packages/django/middleware/common.py", line 48, in process_request
    host = request.get_host()
           ^^^^^^^^^^^^^^^^^^
  File "/usr/share/nginx/toornoi/.venv/lib/python3.12/site-packages/django/http/request.py", line 151, in get_host
    raise DisallowedHost(msg)
django.core.exceptions.DisallowedHost: Invalid HTTP_HOST header: '15.188.23.39'. You may need to add '15.188.23.39' to ALLOWED_HOSTS.
Bad Request: /
[09/Feb/2025 19:15:14] "GET / HTTP/1.1" 400 65383
[09/Feb/2025 21:28:37] "GET /static/rest_framework/css/prettify.css HTTP/1.1" 200 817
[09/Feb/2025 21:28:37] "GET /static/rest_framework/css/bootstrap.min.css HTTP/1.1" 200 121457
[09/Feb/2025 21:28:38] "GET /static/rest_framework/css/bootstrap-tweaks.css HTTP/1.1" 200 3426
[09/Feb/2025 21:28:38] "GET /static/rest_framework/css/default.css HTTP/1.1" 200 1152
[09/Feb/2025 21:28:38] "GET /static/rest_framework/js/jquery-3.7.1.min.js HTTP/1.1" 200 87533
[09/Feb/2025 21:28:38] "GET /static/rest_framework/js/csrf.js HTTP/1.1" 200 1793
[09/Feb/2025 21:28:38] "GET /static/rest_framework/js/default.js HTTP/1.1" 200 1268
[09/Feb/2025 21:28:38] "GET /static/rest_framework/js/prettify-min.js HTTP/1.1" 200 13632
[09/Feb/2025 21:28:38] "GET /static/rest_framework/js/load-ajax-form.js HTTP/1.1" 200 59
[09/Feb/2025 21:28:38] "GET /static/rest_framework/js/ajax-form.js HTTP/1.1" 200 3796
[09/Feb/2025 21:28:38] "GET /static/rest_framework/js/bootstrap.min.js HTTP/1.1" 200 39680
Invalid HTTP_HOST header: '15.188.23.39'. You may need to add '15.188.23.39' to ALLOWED_HOSTS.
Traceback (most recent call last):
  File "/usr/share/nginx/toornoi/.venv/lib/python3.12/site-packages/django/core/handlers/exception.py", line 55, in inner
    response = get_response(request)
               ^^^^^^^^^^^^^^^^^^^^^
  File "/usr/share/nginx/toornoi/.venv/lib/python3.12/site-packages/django/utils/deprecation.py", line 128, in __call__
    response = self.process_request(request)
               ^^^^^^^^^^^^^^^^^^^^^^^^^^^^^
  File "/usr/share/nginx/toornoi/.venv/lib/python3.12/site-packages/django/middleware/common.py", line 48, in process_request
    host = request.get_host()
           ^^^^^^^^^^^^^^^^^^
  File "/usr/share/nginx/toornoi/.venv/lib/python3.12/site-packages/django/http/request.py", line 151, in get_host
    raise DisallowedHost(msg)
django.core.exceptions.DisallowedHost: Invalid HTTP_HOST header: '15.188.23.39'. You may need to add '15.188.23.39' to ALLOWED_HOSTS.
Bad Request: /
[09/Feb/2025 21:45:17] "GET / HTTP/1.1" 400 65083
Invalid HTTP_HOST header: '15.188.23.39'. You may need to add '15.188.23.39' to ALLOWED_HOSTS.
Traceback (most recent call last):
  File "/usr/share/nginx/toornoi/.venv/lib/python3.12/site-packages/django/core/handlers/exception.py", line 55, in inner
    response = get_response(request)
               ^^^^^^^^^^^^^^^^^^^^^
  File "/usr/share/nginx/toornoi/.venv/lib/python3.12/site-packages/django/utils/deprecation.py", line 128, in __call__
    response = self.process_request(request)
               ^^^^^^^^^^^^^^^^^^^^^^^^^^^^^
  File "/usr/share/nginx/toornoi/.venv/lib/python3.12/site-packages/django/middleware/common.py", line 48, in process_request
    host = request.get_host()
           ^^^^^^^^^^^^^^^^^^
  File "/usr/share/nginx/toornoi/.venv/lib/python3.12/site-packages/django/http/request.py", line 151, in get_host
    raise DisallowedHost(msg)
django.core.exceptions.DisallowedHost: Invalid HTTP_HOST header: '15.188.23.39'. You may need to add '15.188.23.39' to ALLOWED_HOSTS.
Bad Request: /.env
[09/Feb/2025 21:55:36] "GET /.env HTTP/1.1" 400 65404
Invalid HTTP_HOST header: '15.188.23.39'. You may need to add '15.188.23.39' to ALLOWED_HOSTS.
Traceback (most recent call last):
  File "/usr/share/nginx/toornoi/.venv/lib/python3.12/site-packages/django/core/handlers/exception.py", line 55, in inner
    response = get_response(request)
               ^^^^^^^^^^^^^^^^^^^^^
  File "/usr/share/nginx/toornoi/.venv/lib/python3.12/site-packages/django/utils/deprecation.py", line 128, in __call__
    response = self.process_request(request)
               ^^^^^^^^^^^^^^^^^^^^^^^^^^^^^
  File "/usr/share/nginx/toornoi/.venv/lib/python3.12/site-packages/django/middleware/common.py", line 48, in process_request
    host = request.get_host()
           ^^^^^^^^^^^^^^^^^^
  File "/usr/share/nginx/toornoi/.venv/lib/python3.12/site-packages/django/http/request.py", line 151, in get_host
    raise DisallowedHost(msg)
django.core.exceptions.DisallowedHost: Invalid HTTP_HOST header: '15.188.23.39'. You may need to add '15.188.23.39' to ALLOWED_HOSTS.
Bad Request: /version
[09/Feb/2025 22:22:08] "GET /version HTTP/1.1" 400 65094
Invalid HTTP_HOST header: '15.188.23.39'. You may need to add '15.188.23.39' to ALLOWED_HOSTS.
Traceback (most recent call last):
  File "/usr/share/nginx/toornoi/.venv/lib/python3.12/site-packages/django/core/handlers/exception.py", line 55, in inner
    response = get_response(request)
               ^^^^^^^^^^^^^^^^^^^^^
  File "/usr/share/nginx/toornoi/.venv/lib/python3.12/site-packages/django/utils/deprecation.py", line 128, in __call__
    response = self.process_request(request)
               ^^^^^^^^^^^^^^^^^^^^^^^^^^^^^
  File "/usr/share/nginx/toornoi/.venv/lib/python3.12/site-packages/django/middleware/common.py", line 48, in process_request
    host = request.get_host()
           ^^^^^^^^^^^^^^^^^^
  File "/usr/share/nginx/toornoi/.venv/lib/python3.12/site-packages/django/http/request.py", line 151, in get_host
    raise DisallowedHost(msg)
django.core.exceptions.DisallowedHost: Invalid HTTP_HOST header: '15.188.23.39'. You may need to add '15.188.23.39' to ALLOWED_HOSTS.
Bad Request: /.git/HEAD
[09/Feb/2025 23:03:36] "GET /.git/HEAD HTTP/1.1" 400 65384
Invalid HTTP_HOST header: '15-188-23-39.cprapid.com'. You may need to add '15-188-23-39.cprapid.com' to ALLOWED_HOSTS.
Traceback (most recent call last):
  File "/usr/share/nginx/toornoi/.venv/lib/python3.12/site-packages/django/core/handlers/exception.py", line 55, in inner
    response = get_response(request)
               ^^^^^^^^^^^^^^^^^^^^^
  File "/usr/share/nginx/toornoi/.venv/lib/python3.12/site-packages/django/utils/deprecation.py", line 128, in __call__
    response = self.process_request(request)
               ^^^^^^^^^^^^^^^^^^^^^^^^^^^^^
  File "/usr/share/nginx/toornoi/.venv/lib/python3.12/site-packages/django/middleware/common.py", line 48, in process_request
    host = request.get_host()
           ^^^^^^^^^^^^^^^^^^
  File "/usr/share/nginx/toornoi/.venv/lib/python3.12/site-packages/django/http/request.py", line 151, in get_host
    raise DisallowedHost(msg)
django.core.exceptions.DisallowedHost: Invalid HTTP_HOST header: '15-188-23-39.cprapid.com'. You may need to add '15-188-23-39.cprapid.com' to ALLOWED_HOSTS.
Bad Request: /wp-login.php
[09/Feb/2025 23:19:40] "GET /wp-login.php HTTP/1.1" 400 65417
Invalid HTTP_HOST header: '15.188.23.39'. You may need to add '15.188.23.39' to ALLOWED_HOSTS.
Traceback (most recent call last):
  File "/usr/share/nginx/toornoi/.venv/lib/python3.12/site-packages/django/core/handlers/exception.py", line 55, in inner
    response = get_response(request)
               ^^^^^^^^^^^^^^^^^^^^^
  File "/usr/share/nginx/toornoi/.venv/lib/python3.12/site-packages/django/utils/deprecation.py", line 128, in __call__
    response = self.process_request(request)
               ^^^^^^^^^^^^^^^^^^^^^^^^^^^^^
  File "/usr/share/nginx/toornoi/.venv/lib/python3.12/site-packages/django/middleware/common.py", line 48, in process_request
    host = request.get_host()
           ^^^^^^^^^^^^^^^^^^
  File "/usr/share/nginx/toornoi/.venv/lib/python3.12/site-packages/django/http/request.py", line 151, in get_host
    raise DisallowedHost(msg)
django.core.exceptions.DisallowedHost: Invalid HTTP_HOST header: '15.188.23.39'. You may need to add '15.188.23.39' to ALLOWED_HOSTS.
Bad Request: /
[09/Feb/2025 23:24:49] "GET / HTTP/1.1" 400 65129
Invalid HTTP_HOST header: '15.188.23.39'. You may need to add '15.188.23.39' to ALLOWED_HOSTS.
Traceback (most recent call last):
  File "/usr/share/nginx/toornoi/.venv/lib/python3.12/site-packages/django/core/handlers/exception.py", line 55, in inner
    response = get_response(request)
               ^^^^^^^^^^^^^^^^^^^^^
  File "/usr/share/nginx/toornoi/.venv/lib/python3.12/site-packages/django/utils/deprecation.py", line 128, in __call__
    response = self.process_request(request)
               ^^^^^^^^^^^^^^^^^^^^^^^^^^^^^
  File "/usr/share/nginx/toornoi/.venv/lib/python3.12/site-packages/django/middleware/common.py", line 48, in process_request
    host = request.get_host()
           ^^^^^^^^^^^^^^^^^^
  File "/usr/share/nginx/toornoi/.venv/lib/python3.12/site-packages/django/http/request.py", line 151, in get_host
    raise DisallowedHost(msg)
django.core.exceptions.DisallowedHost: Invalid HTTP_HOST header: '15.188.23.39'. You may need to add '15.188.23.39' to ALLOWED_HOSTS.
Bad Request: /.env
[10/Feb/2025 00:18:08] "GET /.env HTTP/1.1" 400 65404
[10/Feb/2025 00:27:06] "GET / HTTP/1.1" 200 199
Invalid HTTP_HOST header: '15.188.23.39'. You may need to add '15.188.23.39' to ALLOWED_HOSTS.
Traceback (most recent call last):
  File "/usr/share/nginx/toornoi/.venv/lib/python3.12/site-packages/django/core/handlers/exception.py", line 55, in inner
    response = get_response(request)
               ^^^^^^^^^^^^^^^^^^^^^
  File "/usr/share/nginx/toornoi/.venv/lib/python3.12/site-packages/django/utils/deprecation.py", line 128, in __call__
    response = self.process_request(request)
               ^^^^^^^^^^^^^^^^^^^^^^^^^^^^^
  File "/usr/share/nginx/toornoi/.venv/lib/python3.12/site-packages/django/middleware/common.py", line 48, in process_request
    host = request.get_host()
           ^^^^^^^^^^^^^^^^^^
  File "/usr/share/nginx/toornoi/.venv/lib/python3.12/site-packages/django/http/request.py", line 151, in get_host
    raise DisallowedHost(msg)
django.core.exceptions.DisallowedHost: Invalid HTTP_HOST header: '15.188.23.39'. You may need to add '15.188.23.39' to ALLOWED_HOSTS.
Bad Request: /.env
[10/Feb/2025 00:58:05] "GET /.env HTTP/1.1" 400 65437
Invalid HTTP_HOST header: '15.188.23.39'. You may need to add '15.188.23.39' to ALLOWED_HOSTS.
Traceback (most recent call last):
  File "/usr/share/nginx/toornoi/.venv/lib/python3.12/site-packages/django/core/handlers/exception.py", line 55, in inner
    response = get_response(request)
               ^^^^^^^^^^^^^^^^^^^^^
  File "/usr/share/nginx/toornoi/.venv/lib/python3.12/site-packages/django/utils/deprecation.py", line 128, in __call__
    response = self.process_request(request)
               ^^^^^^^^^^^^^^^^^^^^^^^^^^^^^
  File "/usr/share/nginx/toornoi/.venv/lib/python3.12/site-packages/django/middleware/common.py", line 48, in process_request
    host = request.get_host()
           ^^^^^^^^^^^^^^^^^^
  File "/usr/share/nginx/toornoi/.venv/lib/python3.12/site-packages/django/http/request.py", line 151, in get_host
    raise DisallowedHost(msg)
django.core.exceptions.DisallowedHost: Invalid HTTP_HOST header: '15.188.23.39'. You may need to add '15.188.23.39' to ALLOWED_HOSTS.
Bad Request: /.env
[10/Feb/2025 01:02:07] "GET /.env HTTP/1.1" 400 65499
Invalid HTTP_HOST header: '15.188.23.39'. You may need to add '15.188.23.39' to ALLOWED_HOSTS.
Traceback (most recent call last):
  File "/usr/share/nginx/toornoi/.venv/lib/python3.12/site-packages/django/core/handlers/exception.py", line 55, in inner
    response = get_response(request)
               ^^^^^^^^^^^^^^^^^^^^^
  File "/usr/share/nginx/toornoi/.venv/lib/python3.12/site-packages/django/utils/deprecation.py", line 128, in __call__
    response = self.process_request(request)
               ^^^^^^^^^^^^^^^^^^^^^^^^^^^^^
  File "/usr/share/nginx/toornoi/.venv/lib/python3.12/site-packages/django/middleware/common.py", line 48, in process_request
    host = request.get_host()
           ^^^^^^^^^^^^^^^^^^
  File "/usr/share/nginx/toornoi/.venv/lib/python3.12/site-packages/django/http/request.py", line 151, in get_host
    raise DisallowedHost(msg)
django.core.exceptions.DisallowedHost: Invalid HTTP_HOST header: '15.188.23.39'. You may need to add '15.188.23.39' to ALLOWED_HOSTS.
Bad Request: /
[10/Feb/2025 01:09:37] "GET / HTTP/1.1" 400 65349
Invalid HTTP_HOST header: '15.188.23.39'. You may need to add '15.188.23.39' to ALLOWED_HOSTS.
Traceback (most recent call last):
  File "/usr/share/nginx/toornoi/.venv/lib/python3.12/site-packages/django/core/handlers/exception.py", line 55, in inner
    response = get_response(request)
               ^^^^^^^^^^^^^^^^^^^^^
  File "/usr/share/nginx/toornoi/.venv/lib/python3.12/site-packages/django/utils/deprecation.py", line 128, in __call__
    response = self.process_request(request)
               ^^^^^^^^^^^^^^^^^^^^^^^^^^^^^
  File "/usr/share/nginx/toornoi/.venv/lib/python3.12/site-packages/django/middleware/common.py", line 48, in process_request
    host = request.get_host()
           ^^^^^^^^^^^^^^^^^^
  File "/usr/share/nginx/toornoi/.venv/lib/python3.12/site-packages/django/http/request.py", line 151, in get_host
    raise DisallowedHost(msg)
django.core.exceptions.DisallowedHost: Invalid HTTP_HOST header: '15.188.23.39'. You may need to add '15.188.23.39' to ALLOWED_HOSTS.
Bad Request: /
[10/Feb/2025 01:52:02] "GET / HTTP/1.1" 400 65545
Invalid HTTP_HOST header: '15.188.23.39'. You may need to add '15.188.23.39' to ALLOWED_HOSTS.
Traceback (most recent call last):
  File "/usr/share/nginx/toornoi/.venv/lib/python3.12/site-packages/django/core/handlers/exception.py", line 55, in inner
    response = get_response(request)
               ^^^^^^^^^^^^^^^^^^^^^
  File "/usr/share/nginx/toornoi/.venv/lib/python3.12/site-packages/django/utils/deprecation.py", line 128, in __call__
    response = self.process_request(request)
               ^^^^^^^^^^^^^^^^^^^^^^^^^^^^^
  File "/usr/share/nginx/toornoi/.venv/lib/python3.12/site-packages/django/middleware/common.py", line 48, in process_request
    host = request.get_host()
           ^^^^^^^^^^^^^^^^^^
  File "/usr/share/nginx/toornoi/.venv/lib/python3.12/site-packages/django/http/request.py", line 151, in get_host
    raise DisallowedHost(msg)
django.core.exceptions.DisallowedHost: Invalid HTTP_HOST header: '15.188.23.39'. You may need to add '15.188.23.39' to ALLOWED_HOSTS.
Bad Request: /.env
[10/Feb/2025 01:53:56] "GET /.env HTTP/1.1" 400 65404
Invalid HTTP_HOST header: '15.188.23.39'. You may need to add '15.188.23.39' to ALLOWED_HOSTS.
Traceback (most recent call last):
  File "/usr/share/nginx/toornoi/.venv/lib/python3.12/site-packages/django/core/handlers/exception.py", line 55, in inner
    response = get_response(request)
               ^^^^^^^^^^^^^^^^^^^^^
  File "/usr/share/nginx/toornoi/.venv/lib/python3.12/site-packages/django/utils/deprecation.py", line 128, in __call__
    response = self.process_request(request)
               ^^^^^^^^^^^^^^^^^^^^^^^^^^^^^
  File "/usr/share/nginx/toornoi/.venv/lib/python3.12/site-packages/django/middleware/common.py", line 48, in process_request
    host = request.get_host()
           ^^^^^^^^^^^^^^^^^^
  File "/usr/share/nginx/toornoi/.venv/lib/python3.12/site-packages/django/http/request.py", line 151, in get_host
    raise DisallowedHost(msg)
django.core.exceptions.DisallowedHost: Invalid HTTP_HOST header: '15.188.23.39'. You may need to add '15.188.23.39' to ALLOWED_HOSTS.
Bad Request: /
[10/Feb/2025 02:07:16] "GET / HTTP/1.1" 400 65140
Invalid HTTP_HOST header: '15.188.23.39'. You may need to add '15.188.23.39' to ALLOWED_HOSTS.
Traceback (most recent call last):
  File "/usr/share/nginx/toornoi/.venv/lib/python3.12/site-packages/django/core/handlers/exception.py", line 55, in inner
    response = get_response(request)
               ^^^^^^^^^^^^^^^^^^^^^
  File "/usr/share/nginx/toornoi/.venv/lib/python3.12/site-packages/django/utils/deprecation.py", line 128, in __call__
    response = self.process_request(request)
               ^^^^^^^^^^^^^^^^^^^^^^^^^^^^^
  File "/usr/share/nginx/toornoi/.venv/lib/python3.12/site-packages/django/middleware/common.py", line 48, in process_request
    host = request.get_host()
           ^^^^^^^^^^^^^^^^^^
  File "/usr/share/nginx/toornoi/.venv/lib/python3.12/site-packages/django/http/request.py", line 151, in get_host
    raise DisallowedHost(msg)
django.core.exceptions.DisallowedHost: Invalid HTTP_HOST header: '15.188.23.39'. You may need to add '15.188.23.39' to ALLOWED_HOSTS.
Bad Request: /autodiscover/autodiscover.json
[10/Feb/2025 02:23:30] "GET /autodiscover/autodiscover.json?@zdi/Powershell HTTP/1.1" 400 65778
[10/Feb/2025 02:28:52] "GET / HTTP/1.1" 200 199
Invalid HTTP_HOST header: '15.188.23.39'. You may need to add '15.188.23.39' to ALLOWED_HOSTS.
Traceback (most recent call last):
  File "/usr/share/nginx/toornoi/.venv/lib/python3.12/site-packages/django/core/handlers/exception.py", line 55, in inner
    response = get_response(request)
               ^^^^^^^^^^^^^^^^^^^^^
  File "/usr/share/nginx/toornoi/.venv/lib/python3.12/site-packages/django/utils/deprecation.py", line 128, in __call__
    response = self.process_request(request)
               ^^^^^^^^^^^^^^^^^^^^^^^^^^^^^
  File "/usr/share/nginx/toornoi/.venv/lib/python3.12/site-packages/django/middleware/common.py", line 48, in process_request
    host = request.get_host()
           ^^^^^^^^^^^^^^^^^^
  File "/usr/share/nginx/toornoi/.venv/lib/python3.12/site-packages/django/http/request.py", line 151, in get_host
    raise DisallowedHost(msg)
django.core.exceptions.DisallowedHost: Invalid HTTP_HOST header: '15.188.23.39'. You may need to add '15.188.23.39' to ALLOWED_HOSTS.
Bad Request: /
[10/Feb/2025 02:55:23] "GET / HTTP/1.1" 400 64696
Invalid HTTP_HOST header: '15.188.23.39'. You may need to add '15.188.23.39' to ALLOWED_HOSTS.
Traceback (most recent call last):
  File "/usr/share/nginx/toornoi/.venv/lib/python3.12/site-packages/django/core/handlers/exception.py", line 55, in inner
    response = get_response(request)
               ^^^^^^^^^^^^^^^^^^^^^
  File "/usr/share/nginx/toornoi/.venv/lib/python3.12/site-packages/django/utils/deprecation.py", line 128, in __call__
    response = self.process_request(request)
               ^^^^^^^^^^^^^^^^^^^^^^^^^^^^^
  File "/usr/share/nginx/toornoi/.venv/lib/python3.12/site-packages/django/middleware/common.py", line 48, in process_request
    host = request.get_host()
           ^^^^^^^^^^^^^^^^^^
  File "/usr/share/nginx/toornoi/.venv/lib/python3.12/site-packages/django/http/request.py", line 151, in get_host
    raise DisallowedHost(msg)
django.core.exceptions.DisallowedHost: Invalid HTTP_HOST header: '15.188.23.39'. You may need to add '15.188.23.39' to ALLOWED_HOSTS.
Bad Request: /
[10/Feb/2025 02:55:29] "GET / HTTP/1.1" 400 65227
Invalid HTTP_HOST header: '15.188.23.39'. You may need to add '15.188.23.39' to ALLOWED_HOSTS.
Traceback (most recent call last):
  File "/usr/share/nginx/toornoi/.venv/lib/python3.12/site-packages/django/core/handlers/exception.py", line 55, in inner
    response = get_response(request)
               ^^^^^^^^^^^^^^^^^^^^^
  File "/usr/share/nginx/toornoi/.venv/lib/python3.12/site-packages/django/utils/deprecation.py", line 128, in __call__
    response = self.process_request(request)
               ^^^^^^^^^^^^^^^^^^^^^^^^^^^^^
  File "/usr/share/nginx/toornoi/.venv/lib/python3.12/site-packages/django/middleware/common.py", line 48, in process_request
    host = request.get_host()
           ^^^^^^^^^^^^^^^^^^
  File "/usr/share/nginx/toornoi/.venv/lib/python3.12/site-packages/django/http/request.py", line 151, in get_host
    raise DisallowedHost(msg)
django.core.exceptions.DisallowedHost: Invalid HTTP_HOST header: '15.188.23.39'. You may need to add '15.188.23.39' to ALLOWED_HOSTS.
Bad Request: /
[10/Feb/2025 02:57:40] "GET / HTTP/1.1" 400 65389
Invalid HTTP_HOST header: '15.188.23.39'. You may need to add '15.188.23.39' to ALLOWED_HOSTS.
Traceback (most recent call last):
  File "/usr/share/nginx/toornoi/.venv/lib/python3.12/site-packages/django/core/handlers/exception.py", line 55, in inner
    response = get_response(request)
               ^^^^^^^^^^^^^^^^^^^^^
  File "/usr/share/nginx/toornoi/.venv/lib/python3.12/site-packages/django/utils/deprecation.py", line 128, in __call__
    response = self.process_request(request)
               ^^^^^^^^^^^^^^^^^^^^^^^^^^^^^
  File "/usr/share/nginx/toornoi/.venv/lib/python3.12/site-packages/django/middleware/common.py", line 48, in process_request
    host = request.get_host()
           ^^^^^^^^^^^^^^^^^^
  File "/usr/share/nginx/toornoi/.venv/lib/python3.12/site-packages/django/http/request.py", line 151, in get_host
    raise DisallowedHost(msg)
django.core.exceptions.DisallowedHost: Invalid HTTP_HOST header: '15.188.23.39'. You may need to add '15.188.23.39' to ALLOWED_HOSTS.
Bad Request: /favicon.ico
[10/Feb/2025 02:57:41] "GET /favicon.ico HTTP/1.1" 400 65398
Invalid HTTP_HOST header: '15.188.23.39'. You may need to add '15.188.23.39' to ALLOWED_HOSTS.
Traceback (most recent call last):
  File "/usr/share/nginx/toornoi/.venv/lib/python3.12/site-packages/django/core/handlers/exception.py", line 55, in inner
    response = get_response(request)
               ^^^^^^^^^^^^^^^^^^^^^
  File "/usr/share/nginx/toornoi/.venv/lib/python3.12/site-packages/django/utils/deprecation.py", line 128, in __call__
    response = self.process_request(request)
               ^^^^^^^^^^^^^^^^^^^^^^^^^^^^^
  File "/usr/share/nginx/toornoi/.venv/lib/python3.12/site-packages/django/middleware/common.py", line 48, in process_request
    host = request.get_host()
           ^^^^^^^^^^^^^^^^^^
  File "/usr/share/nginx/toornoi/.venv/lib/python3.12/site-packages/django/http/request.py", line 151, in get_host
    raise DisallowedHost(msg)
django.core.exceptions.DisallowedHost: Invalid HTTP_HOST header: '15.188.23.39'. You may need to add '15.188.23.39' to ALLOWED_HOSTS.
Bad Request: /
[10/Feb/2025 03:47:23] "GET / HTTP/1.1" 400 65685
Invalid HTTP_HOST header: '15.188.23.39'. You may need to add '15.188.23.39' to ALLOWED_HOSTS.
Traceback (most recent call last):
  File "/usr/share/nginx/toornoi/.venv/lib/python3.12/site-packages/django/core/handlers/exception.py", line 55, in inner
    response = get_response(request)
               ^^^^^^^^^^^^^^^^^^^^^
  File "/usr/share/nginx/toornoi/.venv/lib/python3.12/site-packages/django/utils/deprecation.py", line 128, in __call__
    response = self.process_request(request)
               ^^^^^^^^^^^^^^^^^^^^^^^^^^^^^
  File "/usr/share/nginx/toornoi/.venv/lib/python3.12/site-packages/django/middleware/common.py", line 48, in process_request
    host = request.get_host()
           ^^^^^^^^^^^^^^^^^^
  File "/usr/share/nginx/toornoi/.venv/lib/python3.12/site-packages/django/http/request.py", line 151, in get_host
    raise DisallowedHost(msg)
django.core.exceptions.DisallowedHost: Invalid HTTP_HOST header: '15.188.23.39'. You may need to add '15.188.23.39' to ALLOWED_HOSTS.
Bad Request: /favicon.ico
[10/Feb/2025 03:47:23] "GET /favicon.ico HTTP/1.1" 400 65837
Invalid HTTP_HOST header: '15.188.23.39'. You may need to add '15.188.23.39' to ALLOWED_HOSTS.
Traceback (most recent call last):
  File "/usr/share/nginx/toornoi/.venv/lib/python3.12/site-packages/django/core/handlers/exception.py", line 55, in inner
    response = get_response(request)
               ^^^^^^^^^^^^^^^^^^^^^
  File "/usr/share/nginx/toornoi/.venv/lib/python3.12/site-packages/django/utils/deprecation.py", line 128, in __call__
    response = self.process_request(request)
               ^^^^^^^^^^^^^^^^^^^^^^^^^^^^^
  File "/usr/share/nginx/toornoi/.venv/lib/python3.12/site-packages/django/middleware/common.py", line 48, in process_request
    host = request.get_host()
           ^^^^^^^^^^^^^^^^^^
  File "/usr/share/nginx/toornoi/.venv/lib/python3.12/site-packages/django/http/request.py", line 151, in get_host
    raise DisallowedHost(msg)
django.core.exceptions.DisallowedHost: Invalid HTTP_HOST header: '15.188.23.39'. You may need to add '15.188.23.39' to ALLOWED_HOSTS.
Bad Request: /.git/refs/
[10/Feb/2025 03:47:49] "GET /.git/refs/ HTTP/1.1" 400 65237
[10/Feb/2025 03:54:13] "GET / HTTP/1.1" 200 199
Invalid HTTP_HOST header: '15.188.23.39'. You may need to add '15.188.23.39' to ALLOWED_HOSTS.
Traceback (most recent call last):
  File "/usr/share/nginx/toornoi/.venv/lib/python3.12/site-packages/django/core/handlers/exception.py", line 55, in inner
    response = get_response(request)
               ^^^^^^^^^^^^^^^^^^^^^
  File "/usr/share/nginx/toornoi/.venv/lib/python3.12/site-packages/django/utils/deprecation.py", line 128, in __call__
    response = self.process_request(request)
               ^^^^^^^^^^^^^^^^^^^^^^^^^^^^^
  File "/usr/share/nginx/toornoi/.venv/lib/python3.12/site-packages/django/middleware/common.py", line 48, in process_request
    host = request.get_host()
           ^^^^^^^^^^^^^^^^^^
  File "/usr/share/nginx/toornoi/.venv/lib/python3.12/site-packages/django/http/request.py", line 151, in get_host
    raise DisallowedHost(msg)
django.core.exceptions.DisallowedHost: Invalid HTTP_HOST header: '15.188.23.39'. You may need to add '15.188.23.39' to ALLOWED_HOSTS.
Bad Request: /hello.world
[10/Feb/2025 05:04:55] "POST /hello.world?%ADd+allow_url_include%3d1+%ADd+auto_prepend_file%3dphp://input HTTP/1.1" 400 66545
Invalid HTTP_HOST header: '15.188.23.39'. You may need to add '15.188.23.39' to ALLOWED_HOSTS.
Traceback (most recent call last):
  File "/usr/share/nginx/toornoi/.venv/lib/python3.12/site-packages/django/core/handlers/exception.py", line 55, in inner
    response = get_response(request)
               ^^^^^^^^^^^^^^^^^^^^^
  File "/usr/share/nginx/toornoi/.venv/lib/python3.12/site-packages/django/utils/deprecation.py", line 128, in __call__
    response = self.process_request(request)
               ^^^^^^^^^^^^^^^^^^^^^^^^^^^^^
  File "/usr/share/nginx/toornoi/.venv/lib/python3.12/site-packages/django/middleware/common.py", line 48, in process_request
    host = request.get_host()
           ^^^^^^^^^^^^^^^^^^
  File "/usr/share/nginx/toornoi/.venv/lib/python3.12/site-packages/django/http/request.py", line 151, in get_host
    raise DisallowedHost(msg)
django.core.exceptions.DisallowedHost: Invalid HTTP_HOST header: '15.188.23.39'. You may need to add '15.188.23.39' to ALLOWED_HOSTS.
Bad Request: /vendor/phpunit/phpunit/src/Util/PHP/eval-stdin.php
[10/Feb/2025 05:04:57] "GET /vendor/phpunit/phpunit/src/Util/PHP/eval-stdin.php HTTP/1.1" 400 65578
Invalid HTTP_HOST header: '15.188.23.39'. You may need to add '15.188.23.39' to ALLOWED_HOSTS.
Traceback (most recent call last):
  File "/usr/share/nginx/toornoi/.venv/lib/python3.12/site-packages/django/core/handlers/exception.py", line 55, in inner
    response = get_response(request)
               ^^^^^^^^^^^^^^^^^^^^^
  File "/usr/share/nginx/toornoi/.venv/lib/python3.12/site-packages/django/utils/deprecation.py", line 128, in __call__
    response = self.process_request(request)
               ^^^^^^^^^^^^^^^^^^^^^^^^^^^^^
  File "/usr/share/nginx/toornoi/.venv/lib/python3.12/site-packages/django/middleware/common.py", line 48, in process_request
    host = request.get_host()
           ^^^^^^^^^^^^^^^^^^
  File "/usr/share/nginx/toornoi/.venv/lib/python3.12/site-packages/django/http/request.py", line 151, in get_host
    raise DisallowedHost(msg)
django.core.exceptions.DisallowedHost: Invalid HTTP_HOST header: '15.188.23.39'. You may need to add '15.188.23.39' to ALLOWED_HOSTS.
Bad Request: /vendor/phpunit/phpunit/Util/PHP/eval-stdin.php
[10/Feb/2025 05:04:58] "GET /vendor/phpunit/phpunit/Util/PHP/eval-stdin.php HTTP/1.1" 400 65534
Invalid HTTP_HOST header: '15.188.23.39'. You may need to add '15.188.23.39' to ALLOWED_HOSTS.
Traceback (most recent call last):
  File "/usr/share/nginx/toornoi/.venv/lib/python3.12/site-packages/django/core/handlers/exception.py", line 55, in inner
    response = get_response(request)
               ^^^^^^^^^^^^^^^^^^^^^
  File "/usr/share/nginx/toornoi/.venv/lib/python3.12/site-packages/django/utils/deprecation.py", line 128, in __call__
    response = self.process_request(request)
               ^^^^^^^^^^^^^^^^^^^^^^^^^^^^^
  File "/usr/share/nginx/toornoi/.venv/lib/python3.12/site-packages/django/middleware/common.py", line 48, in process_request
    host = request.get_host()
           ^^^^^^^^^^^^^^^^^^
  File "/usr/share/nginx/toornoi/.venv/lib/python3.12/site-packages/django/http/request.py", line 151, in get_host
    raise DisallowedHost(msg)
django.core.exceptions.DisallowedHost: Invalid HTTP_HOST header: '15.188.23.39'. You may need to add '15.188.23.39' to ALLOWED_HOSTS.
Bad Request: /vendor/phpunit/src/Util/PHP/eval-stdin.php
[10/Feb/2025 05:05:01] "GET /vendor/phpunit/src/Util/PHP/eval-stdin.php HTTP/1.1" 400 65490
Invalid HTTP_HOST header: '15.188.23.39'. You may need to add '15.188.23.39' to ALLOWED_HOSTS.
Traceback (most recent call last):
  File "/usr/share/nginx/toornoi/.venv/lib/python3.12/site-packages/django/core/handlers/exception.py", line 55, in inner
    response = get_response(request)
               ^^^^^^^^^^^^^^^^^^^^^
  File "/usr/share/nginx/toornoi/.venv/lib/python3.12/site-packages/django/utils/deprecation.py", line 128, in __call__
    response = self.process_request(request)
               ^^^^^^^^^^^^^^^^^^^^^^^^^^^^^
  File "/usr/share/nginx/toornoi/.venv/lib/python3.12/site-packages/django/middleware/common.py", line 48, in process_request
    host = request.get_host()
           ^^^^^^^^^^^^^^^^^^
  File "/usr/share/nginx/toornoi/.venv/lib/python3.12/site-packages/django/http/request.py", line 151, in get_host
    raise DisallowedHost(msg)
django.core.exceptions.DisallowedHost: Invalid HTTP_HOST header: '15.188.23.39'. You may need to add '15.188.23.39' to ALLOWED_HOSTS.
Bad Request: /vendor/phpunit/Util/PHP/eval-stdin.php
[10/Feb/2025 05:05:03] "GET /vendor/phpunit/Util/PHP/eval-stdin.php HTTP/1.1" 400 65446
Invalid HTTP_HOST header: '15.188.23.39'. You may need to add '15.188.23.39' to ALLOWED_HOSTS.
Traceback (most recent call last):
  File "/usr/share/nginx/toornoi/.venv/lib/python3.12/site-packages/django/core/handlers/exception.py", line 55, in inner
    response = get_response(request)
               ^^^^^^^^^^^^^^^^^^^^^
  File "/usr/share/nginx/toornoi/.venv/lib/python3.12/site-packages/django/utils/deprecation.py", line 128, in __call__
    response = self.process_request(request)
               ^^^^^^^^^^^^^^^^^^^^^^^^^^^^^
  File "/usr/share/nginx/toornoi/.venv/lib/python3.12/site-packages/django/middleware/common.py", line 48, in process_request
    host = request.get_host()
           ^^^^^^^^^^^^^^^^^^
  File "/usr/share/nginx/toornoi/.venv/lib/python3.12/site-packages/django/http/request.py", line 151, in get_host
    raise DisallowedHost(msg)
django.core.exceptions.DisallowedHost: Invalid HTTP_HOST header: '15.188.23.39'. You may need to add '15.188.23.39' to ALLOWED_HOSTS.
Bad Request: /vendor/phpunit/phpunit/LICENSE/eval-stdin.php
[10/Feb/2025 05:05:07] "GET /vendor/phpunit/phpunit/LICENSE/eval-stdin.php HTTP/1.1" 400 65523
Invalid HTTP_HOST header: '15.188.23.39'. You may need to add '15.188.23.39' to ALLOWED_HOSTS.
Traceback (most recent call last):
  File "/usr/share/nginx/toornoi/.venv/lib/python3.12/site-packages/django/core/handlers/exception.py", line 55, in inner
    response = get_response(request)
               ^^^^^^^^^^^^^^^^^^^^^
  File "/usr/share/nginx/toornoi/.venv/lib/python3.12/site-packages/django/utils/deprecation.py", line 128, in __call__
    response = self.process_request(request)
               ^^^^^^^^^^^^^^^^^^^^^^^^^^^^^
  File "/usr/share/nginx/toornoi/.venv/lib/python3.12/site-packages/django/middleware/common.py", line 48, in process_request
    host = request.get_host()
           ^^^^^^^^^^^^^^^^^^
  File "/usr/share/nginx/toornoi/.venv/lib/python3.12/site-packages/django/http/request.py", line 151, in get_host
    raise DisallowedHost(msg)
django.core.exceptions.DisallowedHost: Invalid HTTP_HOST header: '15.188.23.39'. You may need to add '15.188.23.39' to ALLOWED_HOSTS.
Bad Request: /vendor/vendor/phpunit/phpunit/src/Util/PHP/eval-stdin.php
[10/Feb/2025 05:05:08] "GET /vendor/vendor/phpunit/phpunit/src/Util/PHP/eval-stdin.php HTTP/1.1" 400 65655
Invalid HTTP_HOST header: '15.188.23.39'. You may need to add '15.188.23.39' to ALLOWED_HOSTS.
Traceback (most recent call last):
  File "/usr/share/nginx/toornoi/.venv/lib/python3.12/site-packages/django/core/handlers/exception.py", line 55, in inner
    response = get_response(request)
               ^^^^^^^^^^^^^^^^^^^^^
  File "/usr/share/nginx/toornoi/.venv/lib/python3.12/site-packages/django/utils/deprecation.py", line 128, in __call__
    response = self.process_request(request)
               ^^^^^^^^^^^^^^^^^^^^^^^^^^^^^
  File "/usr/share/nginx/toornoi/.venv/lib/python3.12/site-packages/django/middleware/common.py", line 48, in process_request
    host = request.get_host()
           ^^^^^^^^^^^^^^^^^^
  File "/usr/share/nginx/toornoi/.venv/lib/python3.12/site-packages/django/http/request.py", line 151, in get_host
    raise DisallowedHost(msg)
django.core.exceptions.DisallowedHost: Invalid HTTP_HOST header: '15.188.23.39'. You may need to add '15.188.23.39' to ALLOWED_HOSTS.
Bad Request: /phpunit/phpunit/src/Util/PHP/eval-stdin.php
[10/Feb/2025 05:05:10] "GET /phpunit/phpunit/src/Util/PHP/eval-stdin.php HTTP/1.1" 400 65501
Invalid HTTP_HOST header: '15.188.23.39'. You may need to add '15.188.23.39' to ALLOWED_HOSTS.
Traceback (most recent call last):
  File "/usr/share/nginx/toornoi/.venv/lib/python3.12/site-packages/django/core/handlers/exception.py", line 55, in inner
    response = get_response(request)
               ^^^^^^^^^^^^^^^^^^^^^
  File "/usr/share/nginx/toornoi/.venv/lib/python3.12/site-packages/django/utils/deprecation.py", line 128, in __call__
    response = self.process_request(request)
               ^^^^^^^^^^^^^^^^^^^^^^^^^^^^^
  File "/usr/share/nginx/toornoi/.venv/lib/python3.12/site-packages/django/middleware/common.py", line 48, in process_request
    host = request.get_host()
           ^^^^^^^^^^^^^^^^^^
  File "/usr/share/nginx/toornoi/.venv/lib/python3.12/site-packages/django/http/request.py", line 151, in get_host
    raise DisallowedHost(msg)
django.core.exceptions.DisallowedHost: Invalid HTTP_HOST header: '15.188.23.39'. You may need to add '15.188.23.39' to ALLOWED_HOSTS.
Bad Request: /phpunit/phpunit/Util/PHP/eval-stdin.php
[10/Feb/2025 05:05:12] "GET /phpunit/phpunit/Util/PHP/eval-stdin.php HTTP/1.1" 400 65457
Invalid HTTP_HOST header: '15.188.23.39'. You may need to add '15.188.23.39' to ALLOWED_HOSTS.
Traceback (most recent call last):
  File "/usr/share/nginx/toornoi/.venv/lib/python3.12/site-packages/django/core/handlers/exception.py", line 55, in inner
    response = get_response(request)
               ^^^^^^^^^^^^^^^^^^^^^
  File "/usr/share/nginx/toornoi/.venv/lib/python3.12/site-packages/django/utils/deprecation.py", line 128, in __call__
    response = self.process_request(request)
               ^^^^^^^^^^^^^^^^^^^^^^^^^^^^^
  File "/usr/share/nginx/toornoi/.venv/lib/python3.12/site-packages/django/middleware/common.py", line 48, in process_request
    host = request.get_host()
           ^^^^^^^^^^^^^^^^^^
  File "/usr/share/nginx/toornoi/.venv/lib/python3.12/site-packages/django/http/request.py", line 151, in get_host
    raise DisallowedHost(msg)
django.core.exceptions.DisallowedHost: Invalid HTTP_HOST header: '15.188.23.39'. You may need to add '15.188.23.39' to ALLOWED_HOSTS.
Bad Request: /phpunit/src/Util/PHP/eval-stdin.php
[10/Feb/2025 05:05:14] "GET /phpunit/src/Util/PHP/eval-stdin.php HTTP/1.1" 400 65413
Invalid HTTP_HOST header: '15.188.23.39'. You may need to add '15.188.23.39' to ALLOWED_HOSTS.
Traceback (most recent call last):
  File "/usr/share/nginx/toornoi/.venv/lib/python3.12/site-packages/django/core/handlers/exception.py", line 55, in inner
    response = get_response(request)
               ^^^^^^^^^^^^^^^^^^^^^
  File "/usr/share/nginx/toornoi/.venv/lib/python3.12/site-packages/django/utils/deprecation.py", line 128, in __call__
    response = self.process_request(request)
               ^^^^^^^^^^^^^^^^^^^^^^^^^^^^^
  File "/usr/share/nginx/toornoi/.venv/lib/python3.12/site-packages/django/middleware/common.py", line 48, in process_request
    host = request.get_host()
           ^^^^^^^^^^^^^^^^^^
  File "/usr/share/nginx/toornoi/.venv/lib/python3.12/site-packages/django/http/request.py", line 151, in get_host
    raise DisallowedHost(msg)
django.core.exceptions.DisallowedHost: Invalid HTTP_HOST header: '15.188.23.39'. You may need to add '15.188.23.39' to ALLOWED_HOSTS.
Bad Request: /phpunit/Util/PHP/eval-stdin.php
[10/Feb/2025 05:05:16] "GET /phpunit/Util/PHP/eval-stdin.php HTTP/1.1" 400 65369
Invalid HTTP_HOST header: '15.188.23.39'. You may need to add '15.188.23.39' to ALLOWED_HOSTS.
Traceback (most recent call last):
  File "/usr/share/nginx/toornoi/.venv/lib/python3.12/site-packages/django/core/handlers/exception.py", line 55, in inner
    response = get_response(request)
               ^^^^^^^^^^^^^^^^^^^^^
  File "/usr/share/nginx/toornoi/.venv/lib/python3.12/site-packages/django/utils/deprecation.py", line 128, in __call__
    response = self.process_request(request)
               ^^^^^^^^^^^^^^^^^^^^^^^^^^^^^
  File "/usr/share/nginx/toornoi/.venv/lib/python3.12/site-packages/django/middleware/common.py", line 48, in process_request
    host = request.get_host()
           ^^^^^^^^^^^^^^^^^^
  File "/usr/share/nginx/toornoi/.venv/lib/python3.12/site-packages/django/http/request.py", line 151, in get_host
    raise DisallowedHost(msg)
django.core.exceptions.DisallowedHost: Invalid HTTP_HOST header: '15.188.23.39'. You may need to add '15.188.23.39' to ALLOWED_HOSTS.
Bad Request: /lib/phpunit/phpunit/src/Util/PHP/eval-stdin.php
[10/Feb/2025 05:05:18] "GET /lib/phpunit/phpunit/src/Util/PHP/eval-stdin.php HTTP/1.1" 400 65545
Invalid HTTP_HOST header: '15.188.23.39'. You may need to add '15.188.23.39' to ALLOWED_HOSTS.
Traceback (most recent call last):
  File "/usr/share/nginx/toornoi/.venv/lib/python3.12/site-packages/django/core/handlers/exception.py", line 55, in inner
    response = get_response(request)
               ^^^^^^^^^^^^^^^^^^^^^
  File "/usr/share/nginx/toornoi/.venv/lib/python3.12/site-packages/django/utils/deprecation.py", line 128, in __call__
    response = self.process_request(request)
               ^^^^^^^^^^^^^^^^^^^^^^^^^^^^^
  File "/usr/share/nginx/toornoi/.venv/lib/python3.12/site-packages/django/middleware/common.py", line 48, in process_request
    host = request.get_host()
           ^^^^^^^^^^^^^^^^^^
  File "/usr/share/nginx/toornoi/.venv/lib/python3.12/site-packages/django/http/request.py", line 151, in get_host
    raise DisallowedHost(msg)
django.core.exceptions.DisallowedHost: Invalid HTTP_HOST header: '15.188.23.39'. You may need to add '15.188.23.39' to ALLOWED_HOSTS.
Bad Request: /lib/phpunit/phpunit/Util/PHP/eval-stdin.php
[10/Feb/2025 05:05:21] "GET /lib/phpunit/phpunit/Util/PHP/eval-stdin.php HTTP/1.1" 400 65501
Invalid HTTP_HOST header: '15.188.23.39'. You may need to add '15.188.23.39' to ALLOWED_HOSTS.
Traceback (most recent call last):
  File "/usr/share/nginx/toornoi/.venv/lib/python3.12/site-packages/django/core/handlers/exception.py", line 55, in inner
    response = get_response(request)
               ^^^^^^^^^^^^^^^^^^^^^
  File "/usr/share/nginx/toornoi/.venv/lib/python3.12/site-packages/django/utils/deprecation.py", line 128, in __call__
    response = self.process_request(request)
               ^^^^^^^^^^^^^^^^^^^^^^^^^^^^^
  File "/usr/share/nginx/toornoi/.venv/lib/python3.12/site-packages/django/middleware/common.py", line 48, in process_request
    host = request.get_host()
           ^^^^^^^^^^^^^^^^^^
  File "/usr/share/nginx/toornoi/.venv/lib/python3.12/site-packages/django/http/request.py", line 151, in get_host
    raise DisallowedHost(msg)
django.core.exceptions.DisallowedHost: Invalid HTTP_HOST header: '15.188.23.39'. You may need to add '15.188.23.39' to ALLOWED_HOSTS.
Bad Request: /lib/phpunit/src/Util/PHP/eval-stdin.php
[10/Feb/2025 05:05:23] "GET /lib/phpunit/src/Util/PHP/eval-stdin.php HTTP/1.1" 400 65457
Invalid HTTP_HOST header: '15.188.23.39'. You may need to add '15.188.23.39' to ALLOWED_HOSTS.
Traceback (most recent call last):
  File "/usr/share/nginx/toornoi/.venv/lib/python3.12/site-packages/django/core/handlers/exception.py", line 55, in inner
    response = get_response(request)
               ^^^^^^^^^^^^^^^^^^^^^
  File "/usr/share/nginx/toornoi/.venv/lib/python3.12/site-packages/django/utils/deprecation.py", line 128, in __call__
    response = self.process_request(request)
               ^^^^^^^^^^^^^^^^^^^^^^^^^^^^^
  File "/usr/share/nginx/toornoi/.venv/lib/python3.12/site-packages/django/middleware/common.py", line 48, in process_request
    host = request.get_host()
           ^^^^^^^^^^^^^^^^^^
  File "/usr/share/nginx/toornoi/.venv/lib/python3.12/site-packages/django/http/request.py", line 151, in get_host
    raise DisallowedHost(msg)
django.core.exceptions.DisallowedHost: Invalid HTTP_HOST header: '15.188.23.39'. You may need to add '15.188.23.39' to ALLOWED_HOSTS.
Bad Request: /lib/phpunit/Util/PHP/eval-stdin.php
[10/Feb/2025 05:05:26] "GET /lib/phpunit/Util/PHP/eval-stdin.php HTTP/1.1" 400 65413
Invalid HTTP_HOST header: '15.188.23.39'. You may need to add '15.188.23.39' to ALLOWED_HOSTS.
Traceback (most recent call last):
  File "/usr/share/nginx/toornoi/.venv/lib/python3.12/site-packages/django/core/handlers/exception.py", line 55, in inner
    response = get_response(request)
               ^^^^^^^^^^^^^^^^^^^^^
  File "/usr/share/nginx/toornoi/.venv/lib/python3.12/site-packages/django/utils/deprecation.py", line 128, in __call__
    response = self.process_request(request)
               ^^^^^^^^^^^^^^^^^^^^^^^^^^^^^
  File "/usr/share/nginx/toornoi/.venv/lib/python3.12/site-packages/django/middleware/common.py", line 48, in process_request
    host = request.get_host()
           ^^^^^^^^^^^^^^^^^^
  File "/usr/share/nginx/toornoi/.venv/lib/python3.12/site-packages/django/http/request.py", line 151, in get_host
    raise DisallowedHost(msg)
django.core.exceptions.DisallowedHost: Invalid HTTP_HOST header: '15.188.23.39'. You may need to add '15.188.23.39' to ALLOWED_HOSTS.
Bad Request: /lib/vendor/phpunit/phpunit/src/Util/PHP/eval-stdin.php
[10/Feb/2025 05:05:28] "GET /lib/vendor/phpunit/phpunit/src/Util/PHP/eval-stdin.php HTTP/1.1" 400 65622
Invalid HTTP_HOST header: '15.188.23.39'. You may need to add '15.188.23.39' to ALLOWED_HOSTS.
Traceback (most recent call last):
  File "/usr/share/nginx/toornoi/.venv/lib/python3.12/site-packages/django/core/handlers/exception.py", line 55, in inner
    response = get_response(request)
               ^^^^^^^^^^^^^^^^^^^^^
  File "/usr/share/nginx/toornoi/.venv/lib/python3.12/site-packages/django/utils/deprecation.py", line 128, in __call__
    response = self.process_request(request)
               ^^^^^^^^^^^^^^^^^^^^^^^^^^^^^
  File "/usr/share/nginx/toornoi/.venv/lib/python3.12/site-packages/django/middleware/common.py", line 48, in process_request
    host = request.get_host()
           ^^^^^^^^^^^^^^^^^^
  File "/usr/share/nginx/toornoi/.venv/lib/python3.12/site-packages/django/http/request.py", line 151, in get_host
    raise DisallowedHost(msg)
django.core.exceptions.DisallowedHost: Invalid HTTP_HOST header: '15.188.23.39'. You may need to add '15.188.23.39' to ALLOWED_HOSTS.
Bad Request: /laravel/vendor/phpunit/phpunit/src/Util/PHP/eval-stdin.php
[10/Feb/2025 05:05:29] "GET /laravel/vendor/phpunit/phpunit/src/Util/PHP/eval-stdin.php HTTP/1.1" 400 65666
Invalid HTTP_HOST header: '15.188.23.39'. You may need to add '15.188.23.39' to ALLOWED_HOSTS.
Traceback (most recent call last):
  File "/usr/share/nginx/toornoi/.venv/lib/python3.12/site-packages/django/core/handlers/exception.py", line 55, in inner
    response = get_response(request)
               ^^^^^^^^^^^^^^^^^^^^^
  File "/usr/share/nginx/toornoi/.venv/lib/python3.12/site-packages/django/utils/deprecation.py", line 128, in __call__
    response = self.process_request(request)
               ^^^^^^^^^^^^^^^^^^^^^^^^^^^^^
  File "/usr/share/nginx/toornoi/.venv/lib/python3.12/site-packages/django/middleware/common.py", line 48, in process_request
    host = request.get_host()
           ^^^^^^^^^^^^^^^^^^
  File "/usr/share/nginx/toornoi/.venv/lib/python3.12/site-packages/django/http/request.py", line 151, in get_host
    raise DisallowedHost(msg)
django.core.exceptions.DisallowedHost: Invalid HTTP_HOST header: '15.188.23.39'. You may need to add '15.188.23.39' to ALLOWED_HOSTS.
Bad Request: /www/vendor/phpunit/phpunit/src/Util/PHP/eval-stdin.php
[10/Feb/2025 05:05:31] "GET /www/vendor/phpunit/phpunit/src/Util/PHP/eval-stdin.php HTTP/1.1" 400 65622
Invalid HTTP_HOST header: '15.188.23.39'. You may need to add '15.188.23.39' to ALLOWED_HOSTS.
Traceback (most recent call last):
  File "/usr/share/nginx/toornoi/.venv/lib/python3.12/site-packages/django/core/handlers/exception.py", line 55, in inner
    response = get_response(request)
               ^^^^^^^^^^^^^^^^^^^^^
  File "/usr/share/nginx/toornoi/.venv/lib/python3.12/site-packages/django/utils/deprecation.py", line 128, in __call__
    response = self.process_request(request)
               ^^^^^^^^^^^^^^^^^^^^^^^^^^^^^
  File "/usr/share/nginx/toornoi/.venv/lib/python3.12/site-packages/django/middleware/common.py", line 48, in process_request
    host = request.get_host()
           ^^^^^^^^^^^^^^^^^^
  File "/usr/share/nginx/toornoi/.venv/lib/python3.12/site-packages/django/http/request.py", line 151, in get_host
    raise DisallowedHost(msg)
django.core.exceptions.DisallowedHost: Invalid HTTP_HOST header: '15.188.23.39'. You may need to add '15.188.23.39' to ALLOWED_HOSTS.
Bad Request: /ws/vendor/phpunit/phpunit/src/Util/PHP/eval-stdin.php
[10/Feb/2025 05:05:33] "GET /ws/vendor/phpunit/phpunit/src/Util/PHP/eval-stdin.php HTTP/1.1" 400 65611
Invalid HTTP_HOST header: '15.188.23.39'. You may need to add '15.188.23.39' to ALLOWED_HOSTS.
Traceback (most recent call last):
  File "/usr/share/nginx/toornoi/.venv/lib/python3.12/site-packages/django/core/handlers/exception.py", line 55, in inner
    response = get_response(request)
               ^^^^^^^^^^^^^^^^^^^^^
  File "/usr/share/nginx/toornoi/.venv/lib/python3.12/site-packages/django/utils/deprecation.py", line 128, in __call__
    response = self.process_request(request)
               ^^^^^^^^^^^^^^^^^^^^^^^^^^^^^
  File "/usr/share/nginx/toornoi/.venv/lib/python3.12/site-packages/django/middleware/common.py", line 48, in process_request
    host = request.get_host()
           ^^^^^^^^^^^^^^^^^^
  File "/usr/share/nginx/toornoi/.venv/lib/python3.12/site-packages/django/http/request.py", line 151, in get_host
    raise DisallowedHost(msg)
django.core.exceptions.DisallowedHost: Invalid HTTP_HOST header: '15.188.23.39'. You may need to add '15.188.23.39' to ALLOWED_HOSTS.
Bad Request: /yii/vendor/phpunit/phpunit/src/Util/PHP/eval-stdin.php
[10/Feb/2025 05:05:34] "GET /yii/vendor/phpunit/phpunit/src/Util/PHP/eval-stdin.php HTTP/1.1" 400 65622
Invalid HTTP_HOST header: '15.188.23.39'. You may need to add '15.188.23.39' to ALLOWED_HOSTS.
Traceback (most recent call last):
  File "/usr/share/nginx/toornoi/.venv/lib/python3.12/site-packages/django/core/handlers/exception.py", line 55, in inner
    response = get_response(request)
               ^^^^^^^^^^^^^^^^^^^^^
  File "/usr/share/nginx/toornoi/.venv/lib/python3.12/site-packages/django/utils/deprecation.py", line 128, in __call__
    response = self.process_request(request)
               ^^^^^^^^^^^^^^^^^^^^^^^^^^^^^
  File "/usr/share/nginx/toornoi/.venv/lib/python3.12/site-packages/django/middleware/common.py", line 48, in process_request
    host = request.get_host()
           ^^^^^^^^^^^^^^^^^^
  File "/usr/share/nginx/toornoi/.venv/lib/python3.12/site-packages/django/http/request.py", line 151, in get_host
    raise DisallowedHost(msg)
django.core.exceptions.DisallowedHost: Invalid HTTP_HOST header: '15.188.23.39'. You may need to add '15.188.23.39' to ALLOWED_HOSTS.
Bad Request: /zend/vendor/phpunit/phpunit/src/Util/PHP/eval-stdin.php
[10/Feb/2025 05:05:36] "GET /zend/vendor/phpunit/phpunit/src/Util/PHP/eval-stdin.php HTTP/1.1" 400 65633
Invalid HTTP_HOST header: '15.188.23.39'. You may need to add '15.188.23.39' to ALLOWED_HOSTS.
Traceback (most recent call last):
  File "/usr/share/nginx/toornoi/.venv/lib/python3.12/site-packages/django/core/handlers/exception.py", line 55, in inner
    response = get_response(request)
               ^^^^^^^^^^^^^^^^^^^^^
  File "/usr/share/nginx/toornoi/.venv/lib/python3.12/site-packages/django/utils/deprecation.py", line 128, in __call__
    response = self.process_request(request)
               ^^^^^^^^^^^^^^^^^^^^^^^^^^^^^
  File "/usr/share/nginx/toornoi/.venv/lib/python3.12/site-packages/django/middleware/common.py", line 48, in process_request
    host = request.get_host()
           ^^^^^^^^^^^^^^^^^^
  File "/usr/share/nginx/toornoi/.venv/lib/python3.12/site-packages/django/http/request.py", line 151, in get_host
    raise DisallowedHost(msg)
django.core.exceptions.DisallowedHost: Invalid HTTP_HOST header: '15.188.23.39'. You may need to add '15.188.23.39' to ALLOWED_HOSTS.
Bad Request: /ws/ec/vendor/phpunit/phpunit/src/Util/PHP/eval-stdin.php
[10/Feb/2025 05:05:38] "GET /ws/ec/vendor/phpunit/phpunit/src/Util/PHP/eval-stdin.php HTTP/1.1" 400 65644
Invalid HTTP_HOST header: '15.188.23.39'. You may need to add '15.188.23.39' to ALLOWED_HOSTS.
Traceback (most recent call last):
  File "/usr/share/nginx/toornoi/.venv/lib/python3.12/site-packages/django/core/handlers/exception.py", line 55, in inner
    response = get_response(request)
               ^^^^^^^^^^^^^^^^^^^^^
  File "/usr/share/nginx/toornoi/.venv/lib/python3.12/site-packages/django/utils/deprecation.py", line 128, in __call__
    response = self.process_request(request)
               ^^^^^^^^^^^^^^^^^^^^^^^^^^^^^
  File "/usr/share/nginx/toornoi/.venv/lib/python3.12/site-packages/django/middleware/common.py", line 48, in process_request
    host = request.get_host()
           ^^^^^^^^^^^^^^^^^^
  File "/usr/share/nginx/toornoi/.venv/lib/python3.12/site-packages/django/http/request.py", line 151, in get_host
    raise DisallowedHost(msg)
django.core.exceptions.DisallowedHost: Invalid HTTP_HOST header: '15.188.23.39'. You may need to add '15.188.23.39' to ALLOWED_HOSTS.
Bad Request: /V2/vendor/phpunit/phpunit/src/Util/PHP/eval-stdin.php
[10/Feb/2025 05:05:39] "GET /V2/vendor/phpunit/phpunit/src/Util/PHP/eval-stdin.php HTTP/1.1" 400 65611
Invalid HTTP_HOST header: '15.188.23.39'. You may need to add '15.188.23.39' to ALLOWED_HOSTS.
Traceback (most recent call last):
  File "/usr/share/nginx/toornoi/.venv/lib/python3.12/site-packages/django/core/handlers/exception.py", line 55, in inner
    response = get_response(request)
               ^^^^^^^^^^^^^^^^^^^^^
  File "/usr/share/nginx/toornoi/.venv/lib/python3.12/site-packages/django/utils/deprecation.py", line 128, in __call__
    response = self.process_request(request)
               ^^^^^^^^^^^^^^^^^^^^^^^^^^^^^
  File "/usr/share/nginx/toornoi/.venv/lib/python3.12/site-packages/django/middleware/common.py", line 48, in process_request
    host = request.get_host()
           ^^^^^^^^^^^^^^^^^^
  File "/usr/share/nginx/toornoi/.venv/lib/python3.12/site-packages/django/http/request.py", line 151, in get_host
    raise DisallowedHost(msg)
django.core.exceptions.DisallowedHost: Invalid HTTP_HOST header: '15.188.23.39'. You may need to add '15.188.23.39' to ALLOWED_HOSTS.
Bad Request: /tests/vendor/phpunit/phpunit/src/Util/PHP/eval-stdin.php
[10/Feb/2025 05:05:41] "GET /tests/vendor/phpunit/phpunit/src/Util/PHP/eval-stdin.php HTTP/1.1" 400 65644
Invalid HTTP_HOST header: '15.188.23.39'. You may need to add '15.188.23.39' to ALLOWED_HOSTS.
Traceback (most recent call last):
  File "/usr/share/nginx/toornoi/.venv/lib/python3.12/site-packages/django/core/handlers/exception.py", line 55, in inner
    response = get_response(request)
               ^^^^^^^^^^^^^^^^^^^^^
  File "/usr/share/nginx/toornoi/.venv/lib/python3.12/site-packages/django/utils/deprecation.py", line 128, in __call__
    response = self.process_request(request)
               ^^^^^^^^^^^^^^^^^^^^^^^^^^^^^
  File "/usr/share/nginx/toornoi/.venv/lib/python3.12/site-packages/django/middleware/common.py", line 48, in process_request
    host = request.get_host()
           ^^^^^^^^^^^^^^^^^^
  File "/usr/share/nginx/toornoi/.venv/lib/python3.12/site-packages/django/http/request.py", line 151, in get_host
    raise DisallowedHost(msg)
django.core.exceptions.DisallowedHost: Invalid HTTP_HOST header: '15.188.23.39'. You may need to add '15.188.23.39' to ALLOWED_HOSTS.
Bad Request: /test/vendor/phpunit/phpunit/src/Util/PHP/eval-stdin.php
[10/Feb/2025 05:05:43] "GET /test/vendor/phpunit/phpunit/src/Util/PHP/eval-stdin.php HTTP/1.1" 400 65633
Invalid HTTP_HOST header: '15.188.23.39'. You may need to add '15.188.23.39' to ALLOWED_HOSTS.
Traceback (most recent call last):
  File "/usr/share/nginx/toornoi/.venv/lib/python3.12/site-packages/django/core/handlers/exception.py", line 55, in inner
    response = get_response(request)
               ^^^^^^^^^^^^^^^^^^^^^
  File "/usr/share/nginx/toornoi/.venv/lib/python3.12/site-packages/django/utils/deprecation.py", line 128, in __call__
    response = self.process_request(request)
               ^^^^^^^^^^^^^^^^^^^^^^^^^^^^^
  File "/usr/share/nginx/toornoi/.venv/lib/python3.12/site-packages/django/middleware/common.py", line 48, in process_request
    host = request.get_host()
           ^^^^^^^^^^^^^^^^^^
  File "/usr/share/nginx/toornoi/.venv/lib/python3.12/site-packages/django/http/request.py", line 151, in get_host
    raise DisallowedHost(msg)
django.core.exceptions.DisallowedHost: Invalid HTTP_HOST header: '15.188.23.39'. You may need to add '15.188.23.39' to ALLOWED_HOSTS.
Bad Request: /testing/vendor/phpunit/phpunit/src/Util/PHP/eval-stdin.php
[10/Feb/2025 05:05:45] "GET /testing/vendor/phpunit/phpunit/src/Util/PHP/eval-stdin.php HTTP/1.1" 400 65666
Invalid HTTP_HOST header: '15.188.23.39'. You may need to add '15.188.23.39' to ALLOWED_HOSTS.
Traceback (most recent call last):
  File "/usr/share/nginx/toornoi/.venv/lib/python3.12/site-packages/django/core/handlers/exception.py", line 55, in inner
    response = get_response(request)
               ^^^^^^^^^^^^^^^^^^^^^
  File "/usr/share/nginx/toornoi/.venv/lib/python3.12/site-packages/django/utils/deprecation.py", line 128, in __call__
    response = self.process_request(request)
               ^^^^^^^^^^^^^^^^^^^^^^^^^^^^^
  File "/usr/share/nginx/toornoi/.venv/lib/python3.12/site-packages/django/middleware/common.py", line 48, in process_request
    host = request.get_host()
           ^^^^^^^^^^^^^^^^^^
  File "/usr/share/nginx/toornoi/.venv/lib/python3.12/site-packages/django/http/request.py", line 151, in get_host
    raise DisallowedHost(msg)
django.core.exceptions.DisallowedHost: Invalid HTTP_HOST header: '15.188.23.39'. You may need to add '15.188.23.39' to ALLOWED_HOSTS.
Bad Request: /api/vendor/phpunit/phpunit/src/Util/PHP/eval-stdin.php
[10/Feb/2025 05:05:46] "GET /api/vendor/phpunit/phpunit/src/Util/PHP/eval-stdin.php HTTP/1.1" 400 65622
Invalid HTTP_HOST header: '15.188.23.39'. You may need to add '15.188.23.39' to ALLOWED_HOSTS.
Traceback (most recent call last):
  File "/usr/share/nginx/toornoi/.venv/lib/python3.12/site-packages/django/core/handlers/exception.py", line 55, in inner
    response = get_response(request)
               ^^^^^^^^^^^^^^^^^^^^^
  File "/usr/share/nginx/toornoi/.venv/lib/python3.12/site-packages/django/utils/deprecation.py", line 128, in __call__
    response = self.process_request(request)
               ^^^^^^^^^^^^^^^^^^^^^^^^^^^^^
  File "/usr/share/nginx/toornoi/.venv/lib/python3.12/site-packages/django/middleware/common.py", line 48, in process_request
    host = request.get_host()
           ^^^^^^^^^^^^^^^^^^
  File "/usr/share/nginx/toornoi/.venv/lib/python3.12/site-packages/django/http/request.py", line 151, in get_host
    raise DisallowedHost(msg)
django.core.exceptions.DisallowedHost: Invalid HTTP_HOST header: '15.188.23.39'. You may need to add '15.188.23.39' to ALLOWED_HOSTS.
Bad Request: /demo/vendor/phpunit/phpunit/src/Util/PHP/eval-stdin.php
[10/Feb/2025 05:05:51] "GET /demo/vendor/phpunit/phpunit/src/Util/PHP/eval-stdin.php HTTP/1.1" 400 65633
Invalid HTTP_HOST header: '15.188.23.39'. You may need to add '15.188.23.39' to ALLOWED_HOSTS.
Traceback (most recent call last):
  File "/usr/share/nginx/toornoi/.venv/lib/python3.12/site-packages/django/core/handlers/exception.py", line 55, in inner
    response = get_response(request)
               ^^^^^^^^^^^^^^^^^^^^^
  File "/usr/share/nginx/toornoi/.venv/lib/python3.12/site-packages/django/utils/deprecation.py", line 128, in __call__
    response = self.process_request(request)
               ^^^^^^^^^^^^^^^^^^^^^^^^^^^^^
  File "/usr/share/nginx/toornoi/.venv/lib/python3.12/site-packages/django/middleware/common.py", line 48, in process_request
    host = request.get_host()
           ^^^^^^^^^^^^^^^^^^
  File "/usr/share/nginx/toornoi/.venv/lib/python3.12/site-packages/django/http/request.py", line 151, in get_host
    raise DisallowedHost(msg)
django.core.exceptions.DisallowedHost: Invalid HTTP_HOST header: '15.188.23.39'. You may need to add '15.188.23.39' to ALLOWED_HOSTS.
Bad Request: /cms/vendor/phpunit/phpunit/src/Util/PHP/eval-stdin.php
[10/Feb/2025 05:05:53] "GET /cms/vendor/phpunit/phpunit/src/Util/PHP/eval-stdin.php HTTP/1.1" 400 65622
Invalid HTTP_HOST header: '15.188.23.39'. You may need to add '15.188.23.39' to ALLOWED_HOSTS.
Traceback (most recent call last):
  File "/usr/share/nginx/toornoi/.venv/lib/python3.12/site-packages/django/core/handlers/exception.py", line 55, in inner
    response = get_response(request)
               ^^^^^^^^^^^^^^^^^^^^^
  File "/usr/share/nginx/toornoi/.venv/lib/python3.12/site-packages/django/utils/deprecation.py", line 128, in __call__
    response = self.process_request(request)
               ^^^^^^^^^^^^^^^^^^^^^^^^^^^^^
  File "/usr/share/nginx/toornoi/.venv/lib/python3.12/site-packages/django/middleware/common.py", line 48, in process_request
    host = request.get_host()
           ^^^^^^^^^^^^^^^^^^
  File "/usr/share/nginx/toornoi/.venv/lib/python3.12/site-packages/django/http/request.py", line 151, in get_host
    raise DisallowedHost(msg)
django.core.exceptions.DisallowedHost: Invalid HTTP_HOST header: '15.188.23.39'. You may need to add '15.188.23.39' to ALLOWED_HOSTS.
Bad Request: /crm/vendor/phpunit/phpunit/src/Util/PHP/eval-stdin.php
[10/Feb/2025 05:05:55] "GET /crm/vendor/phpunit/phpunit/src/Util/PHP/eval-stdin.php HTTP/1.1" 400 65622
Invalid HTTP_HOST header: '15.188.23.39'. You may need to add '15.188.23.39' to ALLOWED_HOSTS.
Traceback (most recent call last):
  File "/usr/share/nginx/toornoi/.venv/lib/python3.12/site-packages/django/core/handlers/exception.py", line 55, in inner
    response = get_response(request)
               ^^^^^^^^^^^^^^^^^^^^^
  File "/usr/share/nginx/toornoi/.venv/lib/python3.12/site-packages/django/utils/deprecation.py", line 128, in __call__
    response = self.process_request(request)
               ^^^^^^^^^^^^^^^^^^^^^^^^^^^^^
  File "/usr/share/nginx/toornoi/.venv/lib/python3.12/site-packages/django/middleware/common.py", line 48, in process_request
    host = request.get_host()
           ^^^^^^^^^^^^^^^^^^
  File "/usr/share/nginx/toornoi/.venv/lib/python3.12/site-packages/django/http/request.py", line 151, in get_host
    raise DisallowedHost(msg)
django.core.exceptions.DisallowedHost: Invalid HTTP_HOST header: '15.188.23.39'. You may need to add '15.188.23.39' to ALLOWED_HOSTS.
Bad Request: /admin/vendor/phpunit/phpunit/src/Util/PHP/eval-stdin.php
[10/Feb/2025 05:05:58] "GET /admin/vendor/phpunit/phpunit/src/Util/PHP/eval-stdin.php HTTP/1.1" 400 65763
Invalid HTTP_HOST header: '15.188.23.39'. You may need to add '15.188.23.39' to ALLOWED_HOSTS.
Traceback (most recent call last):
  File "/usr/share/nginx/toornoi/.venv/lib/python3.12/site-packages/django/core/handlers/exception.py", line 55, in inner
    response = get_response(request)
               ^^^^^^^^^^^^^^^^^^^^^
  File "/usr/share/nginx/toornoi/.venv/lib/python3.12/site-packages/django/utils/deprecation.py", line 128, in __call__
    response = self.process_request(request)
               ^^^^^^^^^^^^^^^^^^^^^^^^^^^^^
  File "/usr/share/nginx/toornoi/.venv/lib/python3.12/site-packages/django/middleware/common.py", line 48, in process_request
    host = request.get_host()
           ^^^^^^^^^^^^^^^^^^
  File "/usr/share/nginx/toornoi/.venv/lib/python3.12/site-packages/django/http/request.py", line 151, in get_host
    raise DisallowedHost(msg)
django.core.exceptions.DisallowedHost: Invalid HTTP_HOST header: '15.188.23.39'. You may need to add '15.188.23.39' to ALLOWED_HOSTS.
Bad Request: /backup/vendor/phpunit/phpunit/src/Util/PHP/eval-stdin.php
[10/Feb/2025 05:06:00] "GET /backup/vendor/phpunit/phpunit/src/Util/PHP/eval-stdin.php HTTP/1.1" 400 65655
Invalid HTTP_HOST header: '15.188.23.39'. You may need to add '15.188.23.39' to ALLOWED_HOSTS.
Traceback (most recent call last):
  File "/usr/share/nginx/toornoi/.venv/lib/python3.12/site-packages/django/core/handlers/exception.py", line 55, in inner
    response = get_response(request)
               ^^^^^^^^^^^^^^^^^^^^^
  File "/usr/share/nginx/toornoi/.venv/lib/python3.12/site-packages/django/utils/deprecation.py", line 128, in __call__
    response = self.process_request(request)
               ^^^^^^^^^^^^^^^^^^^^^^^^^^^^^
  File "/usr/share/nginx/toornoi/.venv/lib/python3.12/site-packages/django/middleware/common.py", line 48, in process_request
    host = request.get_host()
           ^^^^^^^^^^^^^^^^^^
  File "/usr/share/nginx/toornoi/.venv/lib/python3.12/site-packages/django/http/request.py", line 151, in get_host
    raise DisallowedHost(msg)
django.core.exceptions.DisallowedHost: Invalid HTTP_HOST header: '15.188.23.39'. You may need to add '15.188.23.39' to ALLOWED_HOSTS.
Bad Request: /blog/vendor/phpunit/phpunit/src/Util/PHP/eval-stdin.php
[10/Feb/2025 05:06:03] "GET /blog/vendor/phpunit/phpunit/src/Util/PHP/eval-stdin.php HTTP/1.1" 400 65633
Invalid HTTP_HOST header: '15.188.23.39'. You may need to add '15.188.23.39' to ALLOWED_HOSTS.
Traceback (most recent call last):
  File "/usr/share/nginx/toornoi/.venv/lib/python3.12/site-packages/django/core/handlers/exception.py", line 55, in inner
    response = get_response(request)
               ^^^^^^^^^^^^^^^^^^^^^
  File "/usr/share/nginx/toornoi/.venv/lib/python3.12/site-packages/django/utils/deprecation.py", line 128, in __call__
    response = self.process_request(request)
               ^^^^^^^^^^^^^^^^^^^^^^^^^^^^^
  File "/usr/share/nginx/toornoi/.venv/lib/python3.12/site-packages/django/middleware/common.py", line 48, in process_request
    host = request.get_host()
           ^^^^^^^^^^^^^^^^^^
  File "/usr/share/nginx/toornoi/.venv/lib/python3.12/site-packages/django/http/request.py", line 151, in get_host
    raise DisallowedHost(msg)
django.core.exceptions.DisallowedHost: Invalid HTTP_HOST header: '15.188.23.39'. You may need to add '15.188.23.39' to ALLOWED_HOSTS.
Bad Request: /workspace/drupal/vendor/phpunit/phpunit/src/Util/PHP/eval-stdin.php
[10/Feb/2025 05:06:05] "GET /workspace/drupal/vendor/phpunit/phpunit/src/Util/PHP/eval-stdin.php HTTP/1.1" 400 65765
Invalid HTTP_HOST header: '15.188.23.39'. You may need to add '15.188.23.39' to ALLOWED_HOSTS.
Traceback (most recent call last):
  File "/usr/share/nginx/toornoi/.venv/lib/python3.12/site-packages/django/core/handlers/exception.py", line 55, in inner
    response = get_response(request)
               ^^^^^^^^^^^^^^^^^^^^^
  File "/usr/share/nginx/toornoi/.venv/lib/python3.12/site-packages/django/utils/deprecation.py", line 128, in __call__
    response = self.process_request(request)
               ^^^^^^^^^^^^^^^^^^^^^^^^^^^^^
  File "/usr/share/nginx/toornoi/.venv/lib/python3.12/site-packages/django/middleware/common.py", line 48, in process_request
    host = request.get_host()
           ^^^^^^^^^^^^^^^^^^
  File "/usr/share/nginx/toornoi/.venv/lib/python3.12/site-packages/django/http/request.py", line 151, in get_host
    raise DisallowedHost(msg)
django.core.exceptions.DisallowedHost: Invalid HTTP_HOST header: '15.188.23.39'. You may need to add '15.188.23.39' to ALLOWED_HOSTS.
Bad Request: /panel/vendor/phpunit/phpunit/src/Util/PHP/eval-stdin.php
[10/Feb/2025 05:06:08] "GET /panel/vendor/phpunit/phpunit/src/Util/PHP/eval-stdin.php HTTP/1.1" 400 65644
Invalid HTTP_HOST header: '15.188.23.39'. You may need to add '15.188.23.39' to ALLOWED_HOSTS.
Traceback (most recent call last):
  File "/usr/share/nginx/toornoi/.venv/lib/python3.12/site-packages/django/core/handlers/exception.py", line 55, in inner
    response = get_response(request)
               ^^^^^^^^^^^^^^^^^^^^^
  File "/usr/share/nginx/toornoi/.venv/lib/python3.12/site-packages/django/utils/deprecation.py", line 128, in __call__
    response = self.process_request(request)
               ^^^^^^^^^^^^^^^^^^^^^^^^^^^^^
  File "/usr/share/nginx/toornoi/.venv/lib/python3.12/site-packages/django/middleware/common.py", line 48, in process_request
    host = request.get_host()
           ^^^^^^^^^^^^^^^^^^
  File "/usr/share/nginx/toornoi/.venv/lib/python3.12/site-packages/django/http/request.py", line 151, in get_host
    raise DisallowedHost(msg)
django.core.exceptions.DisallowedHost: Invalid HTTP_HOST header: '15.188.23.39'. You may need to add '15.188.23.39' to ALLOWED_HOSTS.
Bad Request: /public/vendor/phpunit/phpunit/src/Util/PHP/eval-stdin.php
[10/Feb/2025 05:06:10] "GET /public/vendor/phpunit/phpunit/src/Util/PHP/eval-stdin.php HTTP/1.1" 400 65655
Invalid HTTP_HOST header: '15.188.23.39'. You may need to add '15.188.23.39' to ALLOWED_HOSTS.
Traceback (most recent call last):
  File "/usr/share/nginx/toornoi/.venv/lib/python3.12/site-packages/django/core/handlers/exception.py", line 55, in inner
    response = get_response(request)
               ^^^^^^^^^^^^^^^^^^^^^
  File "/usr/share/nginx/toornoi/.venv/lib/python3.12/site-packages/django/utils/deprecation.py", line 128, in __call__
    response = self.process_request(request)
               ^^^^^^^^^^^^^^^^^^^^^^^^^^^^^
  File "/usr/share/nginx/toornoi/.venv/lib/python3.12/site-packages/django/middleware/common.py", line 48, in process_request
    host = request.get_host()
           ^^^^^^^^^^^^^^^^^^
  File "/usr/share/nginx/toornoi/.venv/lib/python3.12/site-packages/django/http/request.py", line 151, in get_host
    raise DisallowedHost(msg)
django.core.exceptions.DisallowedHost: Invalid HTTP_HOST header: '15.188.23.39'. You may need to add '15.188.23.39' to ALLOWED_HOSTS.
Bad Request: /apps/vendor/phpunit/phpunit/src/Util/PHP/eval-stdin.php
[10/Feb/2025 05:06:12] "GET /apps/vendor/phpunit/phpunit/src/Util/PHP/eval-stdin.php HTTP/1.1" 400 65633
Invalid HTTP_HOST header: '15.188.23.39'. You may need to add '15.188.23.39' to ALLOWED_HOSTS.
Traceback (most recent call last):
  File "/usr/share/nginx/toornoi/.venv/lib/python3.12/site-packages/django/core/handlers/exception.py", line 55, in inner
    response = get_response(request)
               ^^^^^^^^^^^^^^^^^^^^^
  File "/usr/share/nginx/toornoi/.venv/lib/python3.12/site-packages/django/utils/deprecation.py", line 128, in __call__
    response = self.process_request(request)
               ^^^^^^^^^^^^^^^^^^^^^^^^^^^^^
  File "/usr/share/nginx/toornoi/.venv/lib/python3.12/site-packages/django/middleware/common.py", line 48, in process_request
    host = request.get_host()
           ^^^^^^^^^^^^^^^^^^
  File "/usr/share/nginx/toornoi/.venv/lib/python3.12/site-packages/django/http/request.py", line 151, in get_host
    raise DisallowedHost(msg)
django.core.exceptions.DisallowedHost: Invalid HTTP_HOST header: '15.188.23.39'. You may need to add '15.188.23.39' to ALLOWED_HOSTS.
Bad Request: /app/vendor/phpunit/phpunit/src/Util/PHP/eval-stdin.php
[10/Feb/2025 05:06:13] "GET /app/vendor/phpunit/phpunit/src/Util/PHP/eval-stdin.php HTTP/1.1" 400 65622
Invalid HTTP_HOST header: '15.188.23.39'. You may need to add '15.188.23.39' to ALLOWED_HOSTS.
Traceback (most recent call last):
  File "/usr/share/nginx/toornoi/.venv/lib/python3.12/site-packages/django/core/handlers/exception.py", line 55, in inner
    response = get_response(request)
               ^^^^^^^^^^^^^^^^^^^^^
  File "/usr/share/nginx/toornoi/.venv/lib/python3.12/site-packages/django/utils/deprecation.py", line 128, in __call__
    response = self.process_request(request)
               ^^^^^^^^^^^^^^^^^^^^^^^^^^^^^
  File "/usr/share/nginx/toornoi/.venv/lib/python3.12/site-packages/django/middleware/common.py", line 48, in process_request
    host = request.get_host()
           ^^^^^^^^^^^^^^^^^^
  File "/usr/share/nginx/toornoi/.venv/lib/python3.12/site-packages/django/http/request.py", line 151, in get_host
    raise DisallowedHost(msg)
django.core.exceptions.DisallowedHost: Invalid HTTP_HOST header: '15.188.23.39'. You may need to add '15.188.23.39' to ALLOWED_HOSTS.
Bad Request: /index.php
[10/Feb/2025 05:06:16] "GET /index.php?s=/index/\think\app/invokefunction&function=call_user_func_array&vars[0]=md5&vars[1][]=Hello HTTP/1.1" 400 66637
Invalid HTTP_HOST header: '15.188.23.39'. You may need to add '15.188.23.39' to ALLOWED_HOSTS.
Traceback (most recent call last):
  File "/usr/share/nginx/toornoi/.venv/lib/python3.12/site-packages/django/core/handlers/exception.py", line 55, in inner
    response = get_response(request)
               ^^^^^^^^^^^^^^^^^^^^^
  File "/usr/share/nginx/toornoi/.venv/lib/python3.12/site-packages/django/utils/deprecation.py", line 128, in __call__
    response = self.process_request(request)
               ^^^^^^^^^^^^^^^^^^^^^^^^^^^^^
  File "/usr/share/nginx/toornoi/.venv/lib/python3.12/site-packages/django/middleware/common.py", line 48, in process_request
    host = request.get_host()
           ^^^^^^^^^^^^^^^^^^
  File "/usr/share/nginx/toornoi/.venv/lib/python3.12/site-packages/django/http/request.py", line 151, in get_host
    raise DisallowedHost(msg)
django.core.exceptions.DisallowedHost: Invalid HTTP_HOST header: '15.188.23.39'. You may need to add '15.188.23.39' to ALLOWED_HOSTS.
Bad Request: /public/index.php
[10/Feb/2025 05:06:19] "GET /public/index.php?s=/index/\think\app/invokefunction&function=call_user_func_array&vars[0]=md5&vars[1][]=Hello HTTP/1.1" 400 66714
Invalid HTTP_HOST header: '15.188.23.39'. You may need to add '15.188.23.39' to ALLOWED_HOSTS.
Traceback (most recent call last):
  File "/usr/share/nginx/toornoi/.venv/lib/python3.12/site-packages/django/core/handlers/exception.py", line 55, in inner
    response = get_response(request)
               ^^^^^^^^^^^^^^^^^^^^^
  File "/usr/share/nginx/toornoi/.venv/lib/python3.12/site-packages/django/utils/deprecation.py", line 128, in __call__
    response = self.process_request(request)
               ^^^^^^^^^^^^^^^^^^^^^^^^^^^^^
  File "/usr/share/nginx/toornoi/.venv/lib/python3.12/site-packages/django/middleware/common.py", line 48, in process_request
    host = request.get_host()
           ^^^^^^^^^^^^^^^^^^
  File "/usr/share/nginx/toornoi/.venv/lib/python3.12/site-packages/django/http/request.py", line 151, in get_host
    raise DisallowedHost(msg)
django.core.exceptions.DisallowedHost: Invalid HTTP_HOST header: '15.188.23.39'. You may need to add '15.188.23.39' to ALLOWED_HOSTS.
Bad Request: /index.php
[10/Feb/2025 05:06:21] "GET /index.php?lang=../../../../../../../../usr/local/lib/php/pearcmd&+config-create+/&/<?echo(md5("hi"));?>+/tmp/index1.php HTTP/1.1" 400 66681
Invalid HTTP_HOST header: '15.188.23.39'. You may need to add '15.188.23.39' to ALLOWED_HOSTS.
Traceback (most recent call last):
  File "/usr/share/nginx/toornoi/.venv/lib/python3.12/site-packages/django/core/handlers/exception.py", line 55, in inner
    response = get_response(request)
               ^^^^^^^^^^^^^^^^^^^^^
  File "/usr/share/nginx/toornoi/.venv/lib/python3.12/site-packages/django/utils/deprecation.py", line 128, in __call__
    response = self.process_request(request)
               ^^^^^^^^^^^^^^^^^^^^^^^^^^^^^
  File "/usr/share/nginx/toornoi/.venv/lib/python3.12/site-packages/django/middleware/common.py", line 48, in process_request
    host = request.get_host()
           ^^^^^^^^^^^^^^^^^^
  File "/usr/share/nginx/toornoi/.venv/lib/python3.12/site-packages/django/http/request.py", line 151, in get_host
    raise DisallowedHost(msg)
django.core.exceptions.DisallowedHost: Invalid HTTP_HOST header: '15.188.23.39'. You may need to add '15.188.23.39' to ALLOWED_HOSTS.
Bad Request: /index.php
[10/Feb/2025 05:06:25] "GET /index.php?lang=../../../../../../../../tmp/index1 HTTP/1.1" 400 65747
Invalid HTTP_HOST header: '15.188.23.39'. You may need to add '15.188.23.39' to ALLOWED_HOSTS.
Traceback (most recent call last):
  File "/usr/share/nginx/toornoi/.venv/lib/python3.12/site-packages/django/core/handlers/exception.py", line 55, in inner
    response = get_response(request)
               ^^^^^^^^^^^^^^^^^^^^^
  File "/usr/share/nginx/toornoi/.venv/lib/python3.12/site-packages/django/utils/deprecation.py", line 128, in __call__
    response = self.process_request(request)
               ^^^^^^^^^^^^^^^^^^^^^^^^^^^^^
  File "/usr/share/nginx/toornoi/.venv/lib/python3.12/site-packages/django/middleware/common.py", line 48, in process_request
    host = request.get_host()
           ^^^^^^^^^^^^^^^^^^
  File "/usr/share/nginx/toornoi/.venv/lib/python3.12/site-packages/django/http/request.py", line 151, in get_host
    raise DisallowedHost(msg)
django.core.exceptions.DisallowedHost: Invalid HTTP_HOST header: '15.188.23.39'. You may need to add '15.188.23.39' to ALLOWED_HOSTS.
Bad Request: /containers/json
[10/Feb/2025 05:06:27] "GET /containers/json HTTP/1.1" 400 65191
Invalid HTTP_HOST header: '15.188.23.39'. You may need to add '15.188.23.39' to ALLOWED_HOSTS.
Traceback (most recent call last):
  File "/usr/share/nginx/toornoi/.venv/lib/python3.12/site-packages/django/core/handlers/exception.py", line 55, in inner
    response = get_response(request)
               ^^^^^^^^^^^^^^^^^^^^^
  File "/usr/share/nginx/toornoi/.venv/lib/python3.12/site-packages/django/utils/deprecation.py", line 128, in __call__
    response = self.process_request(request)
               ^^^^^^^^^^^^^^^^^^^^^^^^^^^^^
  File "/usr/share/nginx/toornoi/.venv/lib/python3.12/site-packages/django/middleware/common.py", line 48, in process_request
    host = request.get_host()
           ^^^^^^^^^^^^^^^^^^
  File "/usr/share/nginx/toornoi/.venv/lib/python3.12/site-packages/django/http/request.py", line 151, in get_host
    raise DisallowedHost(msg)
django.core.exceptions.DisallowedHost: Invalid HTTP_HOST header: '15.188.23.39'. You may need to add '15.188.23.39' to ALLOWED_HOSTS.
Bad Request: /
[10/Feb/2025 05:33:50] "GET / HTTP/1.1" 400 64975
Invalid HTTP_HOST header: '15.188.23.39'. You may need to add '15.188.23.39' to ALLOWED_HOSTS.
Traceback (most recent call last):
  File "/usr/share/nginx/toornoi/.venv/lib/python3.12/site-packages/django/core/handlers/exception.py", line 55, in inner
    response = get_response(request)
               ^^^^^^^^^^^^^^^^^^^^^
  File "/usr/share/nginx/toornoi/.venv/lib/python3.12/site-packages/django/utils/deprecation.py", line 128, in __call__
    response = self.process_request(request)
               ^^^^^^^^^^^^^^^^^^^^^^^^^^^^^
  File "/usr/share/nginx/toornoi/.venv/lib/python3.12/site-packages/django/middleware/common.py", line 48, in process_request
    host = request.get_host()
           ^^^^^^^^^^^^^^^^^^
  File "/usr/share/nginx/toornoi/.venv/lib/python3.12/site-packages/django/http/request.py", line 151, in get_host
    raise DisallowedHost(msg)
django.core.exceptions.DisallowedHost: Invalid HTTP_HOST header: '15.188.23.39'. You may need to add '15.188.23.39' to ALLOWED_HOSTS.
Bad Request: /
[10/Feb/2025 05:38:12] "GET / HTTP/1.1" 400 66151
Invalid HTTP_HOST header: '15.188.23.39'. You may need to add '15.188.23.39' to ALLOWED_HOSTS.
Traceback (most recent call last):
  File "/usr/share/nginx/toornoi/.venv/lib/python3.12/site-packages/django/core/handlers/exception.py", line 55, in inner
    response = get_response(request)
               ^^^^^^^^^^^^^^^^^^^^^
  File "/usr/share/nginx/toornoi/.venv/lib/python3.12/site-packages/django/utils/deprecation.py", line 128, in __call__
    response = self.process_request(request)
               ^^^^^^^^^^^^^^^^^^^^^^^^^^^^^
  File "/usr/share/nginx/toornoi/.venv/lib/python3.12/site-packages/django/middleware/common.py", line 48, in process_request
    host = request.get_host()
           ^^^^^^^^^^^^^^^^^^
  File "/usr/share/nginx/toornoi/.venv/lib/python3.12/site-packages/django/http/request.py", line 151, in get_host
    raise DisallowedHost(msg)
django.core.exceptions.DisallowedHost: Invalid HTTP_HOST header: '15.188.23.39'. You may need to add '15.188.23.39' to ALLOWED_HOSTS.
Bad Request: /
[10/Feb/2025 05:38:13] "GET / HTTP/1.1" 400 65762
Invalid HTTP_HOST header: '15-188-23-39.cprapid.com'. You may need to add '15-188-23-39.cprapid.com' to ALLOWED_HOSTS.
Traceback (most recent call last):
  File "/usr/share/nginx/toornoi/.venv/lib/python3.12/site-packages/django/core/handlers/exception.py", line 55, in inner
    response = get_response(request)
               ^^^^^^^^^^^^^^^^^^^^^
  File "/usr/share/nginx/toornoi/.venv/lib/python3.12/site-packages/django/utils/deprecation.py", line 128, in __call__
    response = self.process_request(request)
               ^^^^^^^^^^^^^^^^^^^^^^^^^^^^^
  File "/usr/share/nginx/toornoi/.venv/lib/python3.12/site-packages/django/middleware/common.py", line 48, in process_request
    host = request.get_host()
           ^^^^^^^^^^^^^^^^^^
  File "/usr/share/nginx/toornoi/.venv/lib/python3.12/site-packages/django/http/request.py", line 151, in get_host
    raise DisallowedHost(msg)
django.core.exceptions.DisallowedHost: Invalid HTTP_HOST header: '15-188-23-39.cprapid.com'. You may need to add '15-188-23-39.cprapid.com' to ALLOWED_HOSTS.
Bad Request: /
[10/Feb/2025 05:40:09] "GET / HTTP/1.1" 400 66331
Invalid HTTP_HOST header: '15-188-23-39.cprapid.com'. You may need to add '15-188-23-39.cprapid.com' to ALLOWED_HOSTS.
Traceback (most recent call last):
  File "/usr/share/nginx/toornoi/.venv/lib/python3.12/site-packages/django/core/handlers/exception.py", line 55, in inner
    response = get_response(request)
               ^^^^^^^^^^^^^^^^^^^^^
  File "/usr/share/nginx/toornoi/.venv/lib/python3.12/site-packages/django/utils/deprecation.py", line 128, in __call__
    response = self.process_request(request)
               ^^^^^^^^^^^^^^^^^^^^^^^^^^^^^
  File "/usr/share/nginx/toornoi/.venv/lib/python3.12/site-packages/django/middleware/common.py", line 48, in process_request
    host = request.get_host()
           ^^^^^^^^^^^^^^^^^^
  File "/usr/share/nginx/toornoi/.venv/lib/python3.12/site-packages/django/http/request.py", line 151, in get_host
    raise DisallowedHost(msg)
django.core.exceptions.DisallowedHost: Invalid HTTP_HOST header: '15-188-23-39.cprapid.com'. You may need to add '15-188-23-39.cprapid.com' to ALLOWED_HOSTS.
Bad Request: /
[10/Feb/2025 05:40:10] "GET / HTTP/1.1" 400 65942
Invalid HTTP_HOST header: '15.188.23.39'. You may need to add '15.188.23.39' to ALLOWED_HOSTS.
Traceback (most recent call last):
  File "/usr/share/nginx/toornoi/.venv/lib/python3.12/site-packages/django/core/handlers/exception.py", line 55, in inner
    response = get_response(request)
               ^^^^^^^^^^^^^^^^^^^^^
  File "/usr/share/nginx/toornoi/.venv/lib/python3.12/site-packages/django/utils/deprecation.py", line 128, in __call__
    response = self.process_request(request)
               ^^^^^^^^^^^^^^^^^^^^^^^^^^^^^
  File "/usr/share/nginx/toornoi/.venv/lib/python3.12/site-packages/django/middleware/common.py", line 48, in process_request
    host = request.get_host()
           ^^^^^^^^^^^^^^^^^^
  File "/usr/share/nginx/toornoi/.venv/lib/python3.12/site-packages/django/http/request.py", line 151, in get_host
    raise DisallowedHost(msg)
django.core.exceptions.DisallowedHost: Invalid HTTP_HOST header: '15.188.23.39'. You may need to add '15.188.23.39' to ALLOWED_HOSTS.
Bad Request: /
[10/Feb/2025 06:19:18] "GET / HTTP/1.1" 400 65347
Invalid HTTP_HOST header: '15.188.23.39'. You may need to add '15.188.23.39' to ALLOWED_HOSTS.
Traceback (most recent call last):
  File "/usr/share/nginx/toornoi/.venv/lib/python3.12/site-packages/django/core/handlers/exception.py", line 55, in inner
    response = get_response(request)
               ^^^^^^^^^^^^^^^^^^^^^
  File "/usr/share/nginx/toornoi/.venv/lib/python3.12/site-packages/django/utils/deprecation.py", line 128, in __call__
    response = self.process_request(request)
               ^^^^^^^^^^^^^^^^^^^^^^^^^^^^^
  File "/usr/share/nginx/toornoi/.venv/lib/python3.12/site-packages/django/middleware/common.py", line 48, in process_request
    host = request.get_host()
           ^^^^^^^^^^^^^^^^^^
  File "/usr/share/nginx/toornoi/.venv/lib/python3.12/site-packages/django/http/request.py", line 151, in get_host
    raise DisallowedHost(msg)
django.core.exceptions.DisallowedHost: Invalid HTTP_HOST header: '15.188.23.39'. You may need to add '15.188.23.39' to ALLOWED_HOSTS.
Bad Request: /webui/
[10/Feb/2025 06:23:44] "GET /webui/ HTTP/1.1" 400 65295
Invalid HTTP_HOST header: '15.188.23.39'. You may need to add '15.188.23.39' to ALLOWED_HOSTS.
Traceback (most recent call last):
  File "/usr/share/nginx/toornoi/.venv/lib/python3.12/site-packages/django/core/handlers/exception.py", line 55, in inner
    response = get_response(request)
               ^^^^^^^^^^^^^^^^^^^^^
  File "/usr/share/nginx/toornoi/.venv/lib/python3.12/site-packages/django/utils/deprecation.py", line 128, in __call__
    response = self.process_request(request)
               ^^^^^^^^^^^^^^^^^^^^^^^^^^^^^
  File "/usr/share/nginx/toornoi/.venv/lib/python3.12/site-packages/django/middleware/common.py", line 48, in process_request
    host = request.get_host()
           ^^^^^^^^^^^^^^^^^^
  File "/usr/share/nginx/toornoi/.venv/lib/python3.12/site-packages/django/http/request.py", line 151, in get_host
    raise DisallowedHost(msg)
django.core.exceptions.DisallowedHost: Invalid HTTP_HOST header: '15.188.23.39'. You may need to add '15.188.23.39' to ALLOWED_HOSTS.
Bad Request: /
[10/Feb/2025 06:28:26] "GET / HTTP/1.1" 400 65347
Invalid HTTP_HOST header: '15.188.23.39'. You may need to add '15.188.23.39' to ALLOWED_HOSTS.
Traceback (most recent call last):
  File "/usr/share/nginx/toornoi/.venv/lib/python3.12/site-packages/django/core/handlers/exception.py", line 55, in inner
    response = get_response(request)
               ^^^^^^^^^^^^^^^^^^^^^
  File "/usr/share/nginx/toornoi/.venv/lib/python3.12/site-packages/django/utils/deprecation.py", line 128, in __call__
    response = self.process_request(request)
               ^^^^^^^^^^^^^^^^^^^^^^^^^^^^^
  File "/usr/share/nginx/toornoi/.venv/lib/python3.12/site-packages/django/middleware/common.py", line 48, in process_request
    host = request.get_host()
           ^^^^^^^^^^^^^^^^^^
  File "/usr/share/nginx/toornoi/.venv/lib/python3.12/site-packages/django/http/request.py", line 151, in get_host
    raise DisallowedHost(msg)
django.core.exceptions.DisallowedHost: Invalid HTTP_HOST header: '15.188.23.39'. You may need to add '15.188.23.39' to ALLOWED_HOSTS.
Bad Request: /geoserver/web/
[10/Feb/2025 06:32:36] "GET /geoserver/web/ HTTP/1.1" 400 65383
Invalid HTTP_HOST header: '15.188.23.39'. You may need to add '15.188.23.39' to ALLOWED_HOSTS.
Traceback (most recent call last):
  File "/usr/share/nginx/toornoi/.venv/lib/python3.12/site-packages/django/core/handlers/exception.py", line 55, in inner
    response = get_response(request)
               ^^^^^^^^^^^^^^^^^^^^^
  File "/usr/share/nginx/toornoi/.venv/lib/python3.12/site-packages/django/utils/deprecation.py", line 128, in __call__
    response = self.process_request(request)
               ^^^^^^^^^^^^^^^^^^^^^^^^^^^^^
  File "/usr/share/nginx/toornoi/.venv/lib/python3.12/site-packages/django/middleware/common.py", line 48, in process_request
    host = request.get_host()
           ^^^^^^^^^^^^^^^^^^
  File "/usr/share/nginx/toornoi/.venv/lib/python3.12/site-packages/django/http/request.py", line 151, in get_host
    raise DisallowedHost(msg)
django.core.exceptions.DisallowedHost: Invalid HTTP_HOST header: '15.188.23.39'. You may need to add '15.188.23.39' to ALLOWED_HOSTS.
Bad Request: /.git/config
[10/Feb/2025 06:34:43] "GET /.git/config HTTP/1.1" 400 65362
Invalid HTTP_HOST header: '15.188.23.39'. You may need to add '15.188.23.39' to ALLOWED_HOSTS.
Traceback (most recent call last):
  File "/usr/share/nginx/toornoi/.venv/lib/python3.12/site-packages/django/core/handlers/exception.py", line 55, in inner
    response = get_response(request)
               ^^^^^^^^^^^^^^^^^^^^^
  File "/usr/share/nginx/toornoi/.venv/lib/python3.12/site-packages/django/utils/deprecation.py", line 128, in __call__
    response = self.process_request(request)
               ^^^^^^^^^^^^^^^^^^^^^^^^^^^^^
  File "/usr/share/nginx/toornoi/.venv/lib/python3.12/site-packages/django/middleware/common.py", line 48, in process_request
    host = request.get_host()
           ^^^^^^^^^^^^^^^^^^
  File "/usr/share/nginx/toornoi/.venv/lib/python3.12/site-packages/django/http/request.py", line 151, in get_host
    raise DisallowedHost(msg)
django.core.exceptions.DisallowedHost: Invalid HTTP_HOST header: '15.188.23.39'. You may need to add '15.188.23.39' to ALLOWED_HOSTS.
Bad Request: /
[10/Feb/2025 06:48:10] "GET / HTTP/1.1" 400 66128
Invalid HTTP_HOST header: '15.188.23.39'. You may need to add '15.188.23.39' to ALLOWED_HOSTS.
Traceback (most recent call last):
  File "/usr/share/nginx/toornoi/.venv/lib/python3.12/site-packages/django/core/handlers/exception.py", line 55, in inner
    response = get_response(request)
               ^^^^^^^^^^^^^^^^^^^^^
  File "/usr/share/nginx/toornoi/.venv/lib/python3.12/site-packages/django/utils/deprecation.py", line 128, in __call__
    response = self.process_request(request)
               ^^^^^^^^^^^^^^^^^^^^^^^^^^^^^
  File "/usr/share/nginx/toornoi/.venv/lib/python3.12/site-packages/django/middleware/common.py", line 48, in process_request
    host = request.get_host()
           ^^^^^^^^^^^^^^^^^^
  File "/usr/share/nginx/toornoi/.venv/lib/python3.12/site-packages/django/http/request.py", line 151, in get_host
    raise DisallowedHost(msg)
django.core.exceptions.DisallowedHost: Invalid HTTP_HOST header: '15.188.23.39'. You may need to add '15.188.23.39' to ALLOWED_HOSTS.
Bad Request: /
[10/Feb/2025 06:50:54] "GET / HTTP/1.1" 400 65307
Invalid HTTP_HOST header: '15.188.23.39'. You may need to add '15.188.23.39' to ALLOWED_HOSTS.
Traceback (most recent call last):
  File "/usr/share/nginx/toornoi/.venv/lib/python3.12/site-packages/django/core/handlers/exception.py", line 55, in inner
    response = get_response(request)
               ^^^^^^^^^^^^^^^^^^^^^
  File "/usr/share/nginx/toornoi/.venv/lib/python3.12/site-packages/django/utils/deprecation.py", line 128, in __call__
    response = self.process_request(request)
               ^^^^^^^^^^^^^^^^^^^^^^^^^^^^^
  File "/usr/share/nginx/toornoi/.venv/lib/python3.12/site-packages/django/middleware/common.py", line 48, in process_request
    host = request.get_host()
           ^^^^^^^^^^^^^^^^^^
  File "/usr/share/nginx/toornoi/.venv/lib/python3.12/site-packages/django/http/request.py", line 151, in get_host
    raise DisallowedHost(msg)
django.core.exceptions.DisallowedHost: Invalid HTTP_HOST header: '15.188.23.39'. You may need to add '15.188.23.39' to ALLOWED_HOSTS.
Bad Request: /
[10/Feb/2025 06:51:05] "GET / HTTP/1.1" 400 65307
Invalid HTTP_HOST header: '15.188.23.39'. You may need to add '15.188.23.39' to ALLOWED_HOSTS.
Traceback (most recent call last):
  File "/usr/share/nginx/toornoi/.venv/lib/python3.12/site-packages/django/core/handlers/exception.py", line 55, in inner
    response = get_response(request)
               ^^^^^^^^^^^^^^^^^^^^^
  File "/usr/share/nginx/toornoi/.venv/lib/python3.12/site-packages/django/utils/deprecation.py", line 128, in __call__
    response = self.process_request(request)
               ^^^^^^^^^^^^^^^^^^^^^^^^^^^^^
  File "/usr/share/nginx/toornoi/.venv/lib/python3.12/site-packages/django/middleware/common.py", line 48, in process_request
    host = request.get_host()
           ^^^^^^^^^^^^^^^^^^
  File "/usr/share/nginx/toornoi/.venv/lib/python3.12/site-packages/django/http/request.py", line 151, in get_host
    raise DisallowedHost(msg)
django.core.exceptions.DisallowedHost: Invalid HTTP_HOST header: '15.188.23.39'. You may need to add '15.188.23.39' to ALLOWED_HOSTS.
Bad Request: /manage/account/login
[10/Feb/2025 06:51:11] "GET /manage/account/login HTTP/1.1" 400 65415
Invalid HTTP_HOST header: '15.188.23.39'. You may need to add '15.188.23.39' to ALLOWED_HOSTS.
Traceback (most recent call last):
  File "/usr/share/nginx/toornoi/.venv/lib/python3.12/site-packages/django/core/handlers/exception.py", line 55, in inner
    response = get_response(request)
               ^^^^^^^^^^^^^^^^^^^^^
  File "/usr/share/nginx/toornoi/.venv/lib/python3.12/site-packages/django/utils/deprecation.py", line 128, in __call__
    response = self.process_request(request)
               ^^^^^^^^^^^^^^^^^^^^^^^^^^^^^
  File "/usr/share/nginx/toornoi/.venv/lib/python3.12/site-packages/django/middleware/common.py", line 48, in process_request
    host = request.get_host()
           ^^^^^^^^^^^^^^^^^^
  File "/usr/share/nginx/toornoi/.venv/lib/python3.12/site-packages/django/http/request.py", line 151, in get_host
    raise DisallowedHost(msg)
django.core.exceptions.DisallowedHost: Invalid HTTP_HOST header: '15.188.23.39'. You may need to add '15.188.23.39' to ALLOWED_HOSTS.
Bad Request: /manage/account/login
[10/Feb/2025 06:51:17] "GET /manage/account/login HTTP/1.1" 400 65415
Invalid HTTP_HOST header: '15.188.23.39'. You may need to add '15.188.23.39' to ALLOWED_HOSTS.
Traceback (most recent call last):
  File "/usr/share/nginx/toornoi/.venv/lib/python3.12/site-packages/django/core/handlers/exception.py", line 55, in inner
    response = get_response(request)
               ^^^^^^^^^^^^^^^^^^^^^
  File "/usr/share/nginx/toornoi/.venv/lib/python3.12/site-packages/django/utils/deprecation.py", line 128, in __call__
    response = self.process_request(request)
               ^^^^^^^^^^^^^^^^^^^^^^^^^^^^^
  File "/usr/share/nginx/toornoi/.venv/lib/python3.12/site-packages/django/middleware/common.py", line 48, in process_request
    host = request.get_host()
           ^^^^^^^^^^^^^^^^^^
  File "/usr/share/nginx/toornoi/.venv/lib/python3.12/site-packages/django/http/request.py", line 151, in get_host
    raise DisallowedHost(msg)
django.core.exceptions.DisallowedHost: Invalid HTTP_HOST header: '15.188.23.39'. You may need to add '15.188.23.39' to ALLOWED_HOSTS.
Bad Request: /admin/index.html
[10/Feb/2025 06:51:22] "GET /admin/index.html HTTP/1.1" 400 65490
Invalid HTTP_HOST header: '15.188.23.39'. You may need to add '15.188.23.39' to ALLOWED_HOSTS.
Traceback (most recent call last):
  File "/usr/share/nginx/toornoi/.venv/lib/python3.12/site-packages/django/core/handlers/exception.py", line 55, in inner
    response = get_response(request)
               ^^^^^^^^^^^^^^^^^^^^^
  File "/usr/share/nginx/toornoi/.venv/lib/python3.12/site-packages/django/utils/deprecation.py", line 128, in __call__
    response = self.process_request(request)
               ^^^^^^^^^^^^^^^^^^^^^^^^^^^^^
  File "/usr/share/nginx/toornoi/.venv/lib/python3.12/site-packages/django/middleware/common.py", line 48, in process_request
    host = request.get_host()
           ^^^^^^^^^^^^^^^^^^
  File "/usr/share/nginx/toornoi/.venv/lib/python3.12/site-packages/django/http/request.py", line 151, in get_host
    raise DisallowedHost(msg)
django.core.exceptions.DisallowedHost: Invalid HTTP_HOST header: '15.188.23.39'. You may need to add '15.188.23.39' to ALLOWED_HOSTS.
Bad Request: /admin/index.html
[10/Feb/2025 06:51:30] "GET /admin/index.html HTTP/1.1" 400 65490
Invalid HTTP_HOST header: '15.188.23.39'. You may need to add '15.188.23.39' to ALLOWED_HOSTS.
Traceback (most recent call last):
  File "/usr/share/nginx/toornoi/.venv/lib/python3.12/site-packages/django/core/handlers/exception.py", line 55, in inner
    response = get_response(request)
               ^^^^^^^^^^^^^^^^^^^^^
  File "/usr/share/nginx/toornoi/.venv/lib/python3.12/site-packages/django/utils/deprecation.py", line 128, in __call__
    response = self.process_request(request)
               ^^^^^^^^^^^^^^^^^^^^^^^^^^^^^
  File "/usr/share/nginx/toornoi/.venv/lib/python3.12/site-packages/django/middleware/common.py", line 48, in process_request
    host = request.get_host()
           ^^^^^^^^^^^^^^^^^^
  File "/usr/share/nginx/toornoi/.venv/lib/python3.12/site-packages/django/http/request.py", line 151, in get_host
    raise DisallowedHost(msg)
django.core.exceptions.DisallowedHost: Invalid HTTP_HOST header: '15.188.23.39'. You may need to add '15.188.23.39' to ALLOWED_HOSTS.
Bad Request: /index.html
[10/Feb/2025 06:51:36] "GET /index.html HTTP/1.1" 400 65305
Invalid HTTP_HOST header: '15.188.23.39'. You may need to add '15.188.23.39' to ALLOWED_HOSTS.
Traceback (most recent call last):
  File "/usr/share/nginx/toornoi/.venv/lib/python3.12/site-packages/django/core/handlers/exception.py", line 55, in inner
    response = get_response(request)
               ^^^^^^^^^^^^^^^^^^^^^
  File "/usr/share/nginx/toornoi/.venv/lib/python3.12/site-packages/django/utils/deprecation.py", line 128, in __call__
    response = self.process_request(request)
               ^^^^^^^^^^^^^^^^^^^^^^^^^^^^^
  File "/usr/share/nginx/toornoi/.venv/lib/python3.12/site-packages/django/middleware/common.py", line 48, in process_request
    host = request.get_host()
           ^^^^^^^^^^^^^^^^^^
  File "/usr/share/nginx/toornoi/.venv/lib/python3.12/site-packages/django/http/request.py", line 151, in get_host
    raise DisallowedHost(msg)
django.core.exceptions.DisallowedHost: Invalid HTTP_HOST header: '15.188.23.39'. You may need to add '15.188.23.39' to ALLOWED_HOSTS.
Bad Request: /index.html
[10/Feb/2025 06:51:42] "GET /index.html HTTP/1.1" 400 65305
Invalid HTTP_HOST header: '15.188.23.39'. You may need to add '15.188.23.39' to ALLOWED_HOSTS.
Traceback (most recent call last):
  File "/usr/share/nginx/toornoi/.venv/lib/python3.12/site-packages/django/core/handlers/exception.py", line 55, in inner
    response = get_response(request)
               ^^^^^^^^^^^^^^^^^^^^^
  File "/usr/share/nginx/toornoi/.venv/lib/python3.12/site-packages/django/utils/deprecation.py", line 128, in __call__
    response = self.process_request(request)
               ^^^^^^^^^^^^^^^^^^^^^^^^^^^^^
  File "/usr/share/nginx/toornoi/.venv/lib/python3.12/site-packages/django/middleware/common.py", line 48, in process_request
    host = request.get_host()
           ^^^^^^^^^^^^^^^^^^
  File "/usr/share/nginx/toornoi/.venv/lib/python3.12/site-packages/django/http/request.py", line 151, in get_host
    raise DisallowedHost(msg)
django.core.exceptions.DisallowedHost: Invalid HTTP_HOST header: '15.188.23.39'. You may need to add '15.188.23.39' to ALLOWED_HOSTS.
Bad Request: /+CSCOE+/logon.html
[10/Feb/2025 06:51:47] "GET /+CSCOE+/logon.html HTTP/1.1" 400 65393
Invalid HTTP_HOST header: '15.188.23.39'. You may need to add '15.188.23.39' to ALLOWED_HOSTS.
Traceback (most recent call last):
  File "/usr/share/nginx/toornoi/.venv/lib/python3.12/site-packages/django/core/handlers/exception.py", line 55, in inner
    response = get_response(request)
               ^^^^^^^^^^^^^^^^^^^^^
  File "/usr/share/nginx/toornoi/.venv/lib/python3.12/site-packages/django/utils/deprecation.py", line 128, in __call__
    response = self.process_request(request)
               ^^^^^^^^^^^^^^^^^^^^^^^^^^^^^
  File "/usr/share/nginx/toornoi/.venv/lib/python3.12/site-packages/django/middleware/common.py", line 48, in process_request
    host = request.get_host()
           ^^^^^^^^^^^^^^^^^^
  File "/usr/share/nginx/toornoi/.venv/lib/python3.12/site-packages/django/http/request.py", line 151, in get_host
    raise DisallowedHost(msg)
django.core.exceptions.DisallowedHost: Invalid HTTP_HOST header: '15.188.23.39'. You may need to add '15.188.23.39' to ALLOWED_HOSTS.
Bad Request: /+CSCOE+/logon.html
[10/Feb/2025 06:51:53] "GET /+CSCOE+/logon.html HTTP/1.1" 400 65393
Invalid HTTP_HOST header: '15.188.23.39'. You may need to add '15.188.23.39' to ALLOWED_HOSTS.
Traceback (most recent call last):
  File "/usr/share/nginx/toornoi/.venv/lib/python3.12/site-packages/django/core/handlers/exception.py", line 55, in inner
    response = get_response(request)
               ^^^^^^^^^^^^^^^^^^^^^
  File "/usr/share/nginx/toornoi/.venv/lib/python3.12/site-packages/django/utils/deprecation.py", line 128, in __call__
    response = self.process_request(request)
               ^^^^^^^^^^^^^^^^^^^^^^^^^^^^^
  File "/usr/share/nginx/toornoi/.venv/lib/python3.12/site-packages/django/middleware/common.py", line 48, in process_request
    host = request.get_host()
           ^^^^^^^^^^^^^^^^^^
  File "/usr/share/nginx/toornoi/.venv/lib/python3.12/site-packages/django/http/request.py", line 151, in get_host
    raise DisallowedHost(msg)
django.core.exceptions.DisallowedHost: Invalid HTTP_HOST header: '15.188.23.39'. You may need to add '15.188.23.39' to ALLOWED_HOSTS.
Bad Request: /cgi-bin/login.cgi
[10/Feb/2025 06:52:00] "GET /cgi-bin/login.cgi HTTP/1.1" 400 65382
Invalid HTTP_HOST header: '15.188.23.39'. You may need to add '15.188.23.39' to ALLOWED_HOSTS.
Traceback (most recent call last):
  File "/usr/share/nginx/toornoi/.venv/lib/python3.12/site-packages/django/core/handlers/exception.py", line 55, in inner
    response = get_response(request)
               ^^^^^^^^^^^^^^^^^^^^^
  File "/usr/share/nginx/toornoi/.venv/lib/python3.12/site-packages/django/utils/deprecation.py", line 128, in __call__
    response = self.process_request(request)
               ^^^^^^^^^^^^^^^^^^^^^^^^^^^^^
  File "/usr/share/nginx/toornoi/.venv/lib/python3.12/site-packages/django/middleware/common.py", line 48, in process_request
    host = request.get_host()
           ^^^^^^^^^^^^^^^^^^
  File "/usr/share/nginx/toornoi/.venv/lib/python3.12/site-packages/django/http/request.py", line 151, in get_host
    raise DisallowedHost(msg)
django.core.exceptions.DisallowedHost: Invalid HTTP_HOST header: '15.188.23.39'. You may need to add '15.188.23.39' to ALLOWED_HOSTS.
Bad Request: /cgi-bin/login.cgi
[10/Feb/2025 06:52:06] "GET /cgi-bin/login.cgi HTTP/1.1" 400 65382
Invalid HTTP_HOST header: '15.188.23.39'. You may need to add '15.188.23.39' to ALLOWED_HOSTS.
Traceback (most recent call last):
  File "/usr/share/nginx/toornoi/.venv/lib/python3.12/site-packages/django/core/handlers/exception.py", line 55, in inner
    response = get_response(request)
               ^^^^^^^^^^^^^^^^^^^^^
  File "/usr/share/nginx/toornoi/.venv/lib/python3.12/site-packages/django/utils/deprecation.py", line 128, in __call__
    response = self.process_request(request)
               ^^^^^^^^^^^^^^^^^^^^^^^^^^^^^
  File "/usr/share/nginx/toornoi/.venv/lib/python3.12/site-packages/django/middleware/common.py", line 48, in process_request
    host = request.get_host()
           ^^^^^^^^^^^^^^^^^^
  File "/usr/share/nginx/toornoi/.venv/lib/python3.12/site-packages/django/http/request.py", line 151, in get_host
    raise DisallowedHost(msg)
django.core.exceptions.DisallowedHost: Invalid HTTP_HOST header: '15.188.23.39'. You may need to add '15.188.23.39' to ALLOWED_HOSTS.
Bad Request: /login.htm
[10/Feb/2025 06:52:11] "GET /login.htm HTTP/1.1" 400 65294
Invalid HTTP_HOST header: '15.188.23.39'. You may need to add '15.188.23.39' to ALLOWED_HOSTS.
Traceback (most recent call last):
  File "/usr/share/nginx/toornoi/.venv/lib/python3.12/site-packages/django/core/handlers/exception.py", line 55, in inner
    response = get_response(request)
               ^^^^^^^^^^^^^^^^^^^^^
  File "/usr/share/nginx/toornoi/.venv/lib/python3.12/site-packages/django/utils/deprecation.py", line 128, in __call__
    response = self.process_request(request)
               ^^^^^^^^^^^^^^^^^^^^^^^^^^^^^
  File "/usr/share/nginx/toornoi/.venv/lib/python3.12/site-packages/django/middleware/common.py", line 48, in process_request
    host = request.get_host()
           ^^^^^^^^^^^^^^^^^^
  File "/usr/share/nginx/toornoi/.venv/lib/python3.12/site-packages/django/http/request.py", line 151, in get_host
    raise DisallowedHost(msg)
django.core.exceptions.DisallowedHost: Invalid HTTP_HOST header: '15.188.23.39'. You may need to add '15.188.23.39' to ALLOWED_HOSTS.
Bad Request: /login.htm
[10/Feb/2025 06:52:16] "GET /login.htm HTTP/1.1" 400 65294
Invalid HTTP_HOST header: '15.188.23.39'. You may need to add '15.188.23.39' to ALLOWED_HOSTS.
Traceback (most recent call last):
  File "/usr/share/nginx/toornoi/.venv/lib/python3.12/site-packages/django/core/handlers/exception.py", line 55, in inner
    response = get_response(request)
               ^^^^^^^^^^^^^^^^^^^^^
  File "/usr/share/nginx/toornoi/.venv/lib/python3.12/site-packages/django/utils/deprecation.py", line 128, in __call__
    response = self.process_request(request)
               ^^^^^^^^^^^^^^^^^^^^^^^^^^^^^
  File "/usr/share/nginx/toornoi/.venv/lib/python3.12/site-packages/django/middleware/common.py", line 48, in process_request
    host = request.get_host()
           ^^^^^^^^^^^^^^^^^^
  File "/usr/share/nginx/toornoi/.venv/lib/python3.12/site-packages/django/http/request.py", line 151, in get_host
    raise DisallowedHost(msg)
django.core.exceptions.DisallowedHost: Invalid HTTP_HOST header: '15.188.23.39'. You may need to add '15.188.23.39' to ALLOWED_HOSTS.
Bad Request: /login.jsp
[10/Feb/2025 06:52:22] "GET /login.jsp HTTP/1.1" 400 65294
Invalid HTTP_HOST header: '15.188.23.39'. You may need to add '15.188.23.39' to ALLOWED_HOSTS.
Traceback (most recent call last):
  File "/usr/share/nginx/toornoi/.venv/lib/python3.12/site-packages/django/core/handlers/exception.py", line 55, in inner
    response = get_response(request)
               ^^^^^^^^^^^^^^^^^^^^^
  File "/usr/share/nginx/toornoi/.venv/lib/python3.12/site-packages/django/utils/deprecation.py", line 128, in __call__
    response = self.process_request(request)
               ^^^^^^^^^^^^^^^^^^^^^^^^^^^^^
  File "/usr/share/nginx/toornoi/.venv/lib/python3.12/site-packages/django/middleware/common.py", line 48, in process_request
    host = request.get_host()
           ^^^^^^^^^^^^^^^^^^
  File "/usr/share/nginx/toornoi/.venv/lib/python3.12/site-packages/django/http/request.py", line 151, in get_host
    raise DisallowedHost(msg)
django.core.exceptions.DisallowedHost: Invalid HTTP_HOST header: '15.188.23.39'. You may need to add '15.188.23.39' to ALLOWED_HOSTS.
Bad Request: /login.jsp
[10/Feb/2025 06:52:27] "GET /login.jsp HTTP/1.1" 400 65294
Invalid HTTP_HOST header: '15.188.23.39'. You may need to add '15.188.23.39' to ALLOWED_HOSTS.
Traceback (most recent call last):
  File "/usr/share/nginx/toornoi/.venv/lib/python3.12/site-packages/django/core/handlers/exception.py", line 55, in inner
    response = get_response(request)
               ^^^^^^^^^^^^^^^^^^^^^
  File "/usr/share/nginx/toornoi/.venv/lib/python3.12/site-packages/django/utils/deprecation.py", line 128, in __call__
    response = self.process_request(request)
               ^^^^^^^^^^^^^^^^^^^^^^^^^^^^^
  File "/usr/share/nginx/toornoi/.venv/lib/python3.12/site-packages/django/middleware/common.py", line 48, in process_request
    host = request.get_host()
           ^^^^^^^^^^^^^^^^^^
  File "/usr/share/nginx/toornoi/.venv/lib/python3.12/site-packages/django/http/request.py", line 151, in get_host
    raise DisallowedHost(msg)
django.core.exceptions.DisallowedHost: Invalid HTTP_HOST header: '15.188.23.39'. You may need to add '15.188.23.39' to ALLOWED_HOSTS.
Bad Request: /doc/index.html
[10/Feb/2025 06:52:31] "GET /doc/index.html HTTP/1.1" 400 65349
Invalid HTTP_HOST header: '15.188.23.39'. You may need to add '15.188.23.39' to ALLOWED_HOSTS.
Traceback (most recent call last):
  File "/usr/share/nginx/toornoi/.venv/lib/python3.12/site-packages/django/core/handlers/exception.py", line 55, in inner
    response = get_response(request)
               ^^^^^^^^^^^^^^^^^^^^^
  File "/usr/share/nginx/toornoi/.venv/lib/python3.12/site-packages/django/utils/deprecation.py", line 128, in __call__
    response = self.process_request(request)
               ^^^^^^^^^^^^^^^^^^^^^^^^^^^^^
  File "/usr/share/nginx/toornoi/.venv/lib/python3.12/site-packages/django/middleware/common.py", line 48, in process_request
    host = request.get_host()
           ^^^^^^^^^^^^^^^^^^
  File "/usr/share/nginx/toornoi/.venv/lib/python3.12/site-packages/django/http/request.py", line 151, in get_host
    raise DisallowedHost(msg)
django.core.exceptions.DisallowedHost: Invalid HTTP_HOST header: '15.188.23.39'. You may need to add '15.188.23.39' to ALLOWED_HOSTS.
Bad Request: /doc/index.html
[10/Feb/2025 06:52:37] "GET /doc/index.html HTTP/1.1" 400 65349
Invalid HTTP_HOST header: '15.188.23.39'. You may need to add '15.188.23.39' to ALLOWED_HOSTS.
Traceback (most recent call last):
  File "/usr/share/nginx/toornoi/.venv/lib/python3.12/site-packages/django/core/handlers/exception.py", line 55, in inner
    response = get_response(request)
               ^^^^^^^^^^^^^^^^^^^^^
  File "/usr/share/nginx/toornoi/.venv/lib/python3.12/site-packages/django/utils/deprecation.py", line 128, in __call__
    response = self.process_request(request)
               ^^^^^^^^^^^^^^^^^^^^^^^^^^^^^
  File "/usr/share/nginx/toornoi/.venv/lib/python3.12/site-packages/django/middleware/common.py", line 48, in process_request
    host = request.get_host()
           ^^^^^^^^^^^^^^^^^^
  File "/usr/share/nginx/toornoi/.venv/lib/python3.12/site-packages/django/http/request.py", line 151, in get_host
    raise DisallowedHost(msg)
django.core.exceptions.DisallowedHost: Invalid HTTP_HOST header: '15.188.23.39'. You may need to add '15.188.23.39' to ALLOWED_HOSTS.
Bad Request: /remote/login
[10/Feb/2025 06:52:40] "GET /remote/login HTTP/1.1" 400 65327
Invalid HTTP_HOST header: '15.188.23.39'. You may need to add '15.188.23.39' to ALLOWED_HOSTS.
Traceback (most recent call last):
  File "/usr/share/nginx/toornoi/.venv/lib/python3.12/site-packages/django/core/handlers/exception.py", line 55, in inner
    response = get_response(request)
               ^^^^^^^^^^^^^^^^^^^^^
  File "/usr/share/nginx/toornoi/.venv/lib/python3.12/site-packages/django/utils/deprecation.py", line 128, in __call__
    response = self.process_request(request)
               ^^^^^^^^^^^^^^^^^^^^^^^^^^^^^
  File "/usr/share/nginx/toornoi/.venv/lib/python3.12/site-packages/django/middleware/common.py", line 48, in process_request
    host = request.get_host()
           ^^^^^^^^^^^^^^^^^^
  File "/usr/share/nginx/toornoi/.venv/lib/python3.12/site-packages/django/http/request.py", line 151, in get_host
    raise DisallowedHost(msg)
django.core.exceptions.DisallowedHost: Invalid HTTP_HOST header: '15.188.23.39'. You may need to add '15.188.23.39' to ALLOWED_HOSTS.
Bad Request: /remote/login
[10/Feb/2025 06:52:47] "GET /remote/login HTTP/1.1" 400 65327
Invalid HTTP_HOST header: '15.188.23.39'. You may need to add '15.188.23.39' to ALLOWED_HOSTS.
Traceback (most recent call last):
  File "/usr/share/nginx/toornoi/.venv/lib/python3.12/site-packages/django/core/handlers/exception.py", line 55, in inner
    response = get_response(request)
               ^^^^^^^^^^^^^^^^^^^^^
  File "/usr/share/nginx/toornoi/.venv/lib/python3.12/site-packages/django/utils/deprecation.py", line 128, in __call__
    response = self.process_request(request)
               ^^^^^^^^^^^^^^^^^^^^^^^^^^^^^
  File "/usr/share/nginx/toornoi/.venv/lib/python3.12/site-packages/django/middleware/common.py", line 48, in process_request
    host = request.get_host()
           ^^^^^^^^^^^^^^^^^^
  File "/usr/share/nginx/toornoi/.venv/lib/python3.12/site-packages/django/http/request.py", line 151, in get_host
    raise DisallowedHost(msg)
django.core.exceptions.DisallowedHost: Invalid HTTP_HOST header: '15.188.23.39'. You may need to add '15.188.23.39' to ALLOWED_HOSTS.
Bad Request: /admin/login.asp
[10/Feb/2025 06:52:52] "GET //admin/login.asp HTTP/1.1" 400 65479
Invalid HTTP_HOST header: '15.188.23.39'. You may need to add '15.188.23.39' to ALLOWED_HOSTS.
Traceback (most recent call last):
  File "/usr/share/nginx/toornoi/.venv/lib/python3.12/site-packages/django/core/handlers/exception.py", line 55, in inner
    response = get_response(request)
               ^^^^^^^^^^^^^^^^^^^^^
  File "/usr/share/nginx/toornoi/.venv/lib/python3.12/site-packages/django/utils/deprecation.py", line 128, in __call__
    response = self.process_request(request)
               ^^^^^^^^^^^^^^^^^^^^^^^^^^^^^
  File "/usr/share/nginx/toornoi/.venv/lib/python3.12/site-packages/django/middleware/common.py", line 48, in process_request
    host = request.get_host()
           ^^^^^^^^^^^^^^^^^^
  File "/usr/share/nginx/toornoi/.venv/lib/python3.12/site-packages/django/http/request.py", line 151, in get_host
    raise DisallowedHost(msg)
django.core.exceptions.DisallowedHost: Invalid HTTP_HOST header: '15.188.23.39'. You may need to add '15.188.23.39' to ALLOWED_HOSTS.
Bad Request: /admin/login.asp
[10/Feb/2025 06:52:59] "GET //admin/login.asp HTTP/1.1" 400 65479
Invalid HTTP_HOST header: '15.188.23.39'. You may need to add '15.188.23.39' to ALLOWED_HOSTS.
Traceback (most recent call last):
  File "/usr/share/nginx/toornoi/.venv/lib/python3.12/site-packages/django/core/handlers/exception.py", line 55, in inner
    response = get_response(request)
               ^^^^^^^^^^^^^^^^^^^^^
  File "/usr/share/nginx/toornoi/.venv/lib/python3.12/site-packages/django/utils/deprecation.py", line 128, in __call__
    response = self.process_request(request)
               ^^^^^^^^^^^^^^^^^^^^^^^^^^^^^
  File "/usr/share/nginx/toornoi/.venv/lib/python3.12/site-packages/django/middleware/common.py", line 48, in process_request
    host = request.get_host()
           ^^^^^^^^^^^^^^^^^^
  File "/usr/share/nginx/toornoi/.venv/lib/python3.12/site-packages/django/http/request.py", line 151, in get_host
    raise DisallowedHost(msg)
django.core.exceptions.DisallowedHost: Invalid HTTP_HOST header: '15.188.23.39'. You may need to add '15.188.23.39' to ALLOWED_HOSTS.
Bad Request: /.env
[10/Feb/2025 07:28:12] "GET /.env HTTP/1.1" 400 65404
Invalid HTTP_HOST header: '15.188.23.39'. You may need to add '15.188.23.39' to ALLOWED_HOSTS.
Traceback (most recent call last):
  File "/usr/share/nginx/toornoi/.venv/lib/python3.12/site-packages/django/core/handlers/exception.py", line 55, in inner
    response = get_response(request)
               ^^^^^^^^^^^^^^^^^^^^^
  File "/usr/share/nginx/toornoi/.venv/lib/python3.12/site-packages/django/utils/deprecation.py", line 128, in __call__
    response = self.process_request(request)
               ^^^^^^^^^^^^^^^^^^^^^^^^^^^^^
  File "/usr/share/nginx/toornoi/.venv/lib/python3.12/site-packages/django/middleware/common.py", line 48, in process_request
    host = request.get_host()
           ^^^^^^^^^^^^^^^^^^
  File "/usr/share/nginx/toornoi/.venv/lib/python3.12/site-packages/django/http/request.py", line 151, in get_host
    raise DisallowedHost(msg)
django.core.exceptions.DisallowedHost: Invalid HTTP_HOST header: '15.188.23.39'. You may need to add '15.188.23.39' to ALLOWED_HOSTS.
Bad Request: /
[10/Feb/2025 07:43:21] "GET /?XDEBUG_SESSION_START=phpstorm HTTP/1.1" 400 65767
Invalid HTTP_HOST header: '15.188.23.39'. You may need to add '15.188.23.39' to ALLOWED_HOSTS.
Traceback (most recent call last):
  File "/usr/share/nginx/toornoi/.venv/lib/python3.12/site-packages/django/core/handlers/exception.py", line 55, in inner
    response = get_response(request)
               ^^^^^^^^^^^^^^^^^^^^^
  File "/usr/share/nginx/toornoi/.venv/lib/python3.12/site-packages/django/utils/deprecation.py", line 128, in __call__
    response = self.process_request(request)
               ^^^^^^^^^^^^^^^^^^^^^^^^^^^^^
  File "/usr/share/nginx/toornoi/.venv/lib/python3.12/site-packages/django/middleware/common.py", line 48, in process_request
    host = request.get_host()
           ^^^^^^^^^^^^^^^^^^
  File "/usr/share/nginx/toornoi/.venv/lib/python3.12/site-packages/django/http/request.py", line 151, in get_host
    raise DisallowedHost(msg)
django.core.exceptions.DisallowedHost: Invalid HTTP_HOST header: '15.188.23.39'. You may need to add '15.188.23.39' to ALLOWED_HOSTS.
Bad Request: /
[10/Feb/2025 07:44:49] "GET / HTTP/1.1" 400 65283
Invalid HTTP_HOST header: '15.188.23.39'. You may need to add '15.188.23.39' to ALLOWED_HOSTS.
Traceback (most recent call last):
  File "/usr/share/nginx/toornoi/.venv/lib/python3.12/site-packages/django/core/handlers/exception.py", line 55, in inner
    response = get_response(request)
               ^^^^^^^^^^^^^^^^^^^^^
  File "/usr/share/nginx/toornoi/.venv/lib/python3.12/site-packages/django/utils/deprecation.py", line 128, in __call__
    response = self.process_request(request)
               ^^^^^^^^^^^^^^^^^^^^^^^^^^^^^
  File "/usr/share/nginx/toornoi/.venv/lib/python3.12/site-packages/django/middleware/common.py", line 48, in process_request
    host = request.get_host()
           ^^^^^^^^^^^^^^^^^^
  File "/usr/share/nginx/toornoi/.venv/lib/python3.12/site-packages/django/http/request.py", line 151, in get_host
    raise DisallowedHost(msg)
django.core.exceptions.DisallowedHost: Invalid HTTP_HOST header: '15.188.23.39'. You may need to add '15.188.23.39' to ALLOWED_HOSTS.
Bad Request: /
[10/Feb/2025 07:55:34] "GET / HTTP/1.1" 400 65465
Invalid HTTP_HOST header: '15.188.23.39'. You may need to add '15.188.23.39' to ALLOWED_HOSTS.
Traceback (most recent call last):
  File "/usr/share/nginx/toornoi/.venv/lib/python3.12/site-packages/django/core/handlers/exception.py", line 55, in inner
    response = get_response(request)
               ^^^^^^^^^^^^^^^^^^^^^
  File "/usr/share/nginx/toornoi/.venv/lib/python3.12/site-packages/django/utils/deprecation.py", line 128, in __call__
    response = self.process_request(request)
               ^^^^^^^^^^^^^^^^^^^^^^^^^^^^^
  File "/usr/share/nginx/toornoi/.venv/lib/python3.12/site-packages/django/middleware/common.py", line 48, in process_request
    host = request.get_host()
           ^^^^^^^^^^^^^^^^^^
  File "/usr/share/nginx/toornoi/.venv/lib/python3.12/site-packages/django/http/request.py", line 151, in get_host
    raise DisallowedHost(msg)
django.core.exceptions.DisallowedHost: Invalid HTTP_HOST header: '15.188.23.39'. You may need to add '15.188.23.39' to ALLOWED_HOSTS.
Bad Request: /
[10/Feb/2025 07:55:38] "GET / HTTP/1.1" 400 65295
[10/Feb/2025 08:02:34] "OPTIONS /loge/superadmin/login/ HTTP/1.1" 200 0
[10/Feb/2025 08:02:35] "POST /loge/superadmin/login/ HTTP/1.1" 200 82
[10/Feb/2025 08:03:21] "OPTIONS /loge/superadmin/profile HTTP/1.1" 200 0
[10/Feb/2025 08:03:21] "OPTIONS /loge/superadmin/profile/ HTTP/1.1" 200 0
[10/Feb/2025 08:03:22] "GET /loge/superadmin/profile/ HTTP/1.1" 200 251
[10/Feb/2025 08:03:27] "GET /loge/superadmin/profile/ HTTP/1.1" 200 251
Internal Server Error: /tournaments/
Traceback (most recent call last):
  File "/usr/share/nginx/toornoi/.venv/lib/python3.12/site-packages/django/core/handlers/exception.py", line 55, in inner
    response = get_response(request)
               ^^^^^^^^^^^^^^^^^^^^^
  File "/usr/share/nginx/toornoi/.venv/lib/python3.12/site-packages/django/core/handlers/base.py", line 197, in _get_response
    response = wrapped_callback(request, *callback_args, **callback_kwargs)
               ^^^^^^^^^^^^^^^^^^^^^^^^^^^^^^^^^^^^^^^^^^^^^^^^^^^^^^^^^^^^
  File "/usr/share/nginx/toornoi/.venv/lib/python3.12/site-packages/django/views/decorators/csrf.py", line 65, in _view_wrapper
    return view_func(request, *args, **kwargs)
           ^^^^^^^^^^^^^^^^^^^^^^^^^^^^^^^^^^^
  File "/usr/share/nginx/toornoi/.venv/lib/python3.12/site-packages/rest_framework/viewsets.py", line 124, in view
    return self.dispatch(request, *args, **kwargs)
           ^^^^^^^^^^^^^^^^^^^^^^^^^^^^^^^^^^^^^^^
  File "/usr/share/nginx/toornoi/.venv/lib/python3.12/site-packages/rest_framework/views.py", line 509, in dispatch
    response = self.handle_exception(exc)
               ^^^^^^^^^^^^^^^^^^^^^^^^^^
  File "/usr/share/nginx/toornoi/.venv/lib/python3.12/site-packages/rest_framework/views.py", line 469, in handle_exception
    self.raise_uncaught_exception(exc)
  File "/usr/share/nginx/toornoi/.venv/lib/python3.12/site-packages/rest_framework/views.py", line 480, in raise_uncaught_exception
    raise exc
  File "/usr/share/nginx/toornoi/.venv/lib/python3.12/site-packages/rest_framework/views.py", line 506, in dispatch
    response = handler(request, *args, **kwargs)
               ^^^^^^^^^^^^^^^^^^^^^^^^^^^^^^^^^
  File "/usr/share/nginx/toornoi/.venv/lib/python3.12/site-packages/rest_framework/mixins.py", line 46, in list
    return Response(serializer.data)
                    ^^^^^^^^^^^^^^^
  File "/usr/share/nginx/toornoi/.venv/lib/python3.12/site-packages/rest_framework/serializers.py", line 795, in data
    ret = super().data
          ^^^^^^^^^^^^
  File "/usr/share/nginx/toornoi/.venv/lib/python3.12/site-packages/rest_framework/serializers.py", line 249, in data
    self._data = self.to_representation(self.instance)
                 ^^^^^^^^^^^^^^^^^^^^^^^^^^^^^^^^^^^^^
  File "/usr/share/nginx/toornoi/.venv/lib/python3.12/site-packages/rest_framework/serializers.py", line 714, in to_representation
    self.child.to_representation(item) for item in iterable
    ^^^^^^^^^^^^^^^^^^^^^^^^^^^^^^^^^^
  File "/usr/share/nginx/toornoi/.venv/lib/python3.12/site-packages/rest_framework/serializers.py", line 538, in to_representation
    ret[field.field_name] = field.to_representation(attribute)
                            ^^^^^^^^^^^^^^^^^^^^^^^^^^^^^^^^^^
  File "/usr/share/nginx/toornoi/.venv/lib/python3.12/site-packages/rest_framework/fields.py", line 1094, in to_representation
    value = decimal.Decimal(str(value).strip())
            ^^^^^^^^^^^^^^^^^^^^^^^^^^^^^^^^^^^
decimal.InvalidOperation: [<class 'decimal.ConversionSyntax'>]
[10/Feb/2025 08:03:42] "GET /tournaments/ HTTP/1.1" 500 129900
Internal Server Error: /tournaments/
Traceback (most recent call last):
  File "/usr/share/nginx/toornoi/.venv/lib/python3.12/site-packages/django/core/handlers/exception.py", line 55, in inner
    response = get_response(request)
               ^^^^^^^^^^^^^^^^^^^^^
  File "/usr/share/nginx/toornoi/.venv/lib/python3.12/site-packages/django/core/handlers/base.py", line 197, in _get_response
    response = wrapped_callback(request, *callback_args, **callback_kwargs)
               ^^^^^^^^^^^^^^^^^^^^^^^^^^^^^^^^^^^^^^^^^^^^^^^^^^^^^^^^^^^^
  File "/usr/share/nginx/toornoi/.venv/lib/python3.12/site-packages/django/views/decorators/csrf.py", line 65, in _view_wrapper
    return view_func(request, *args, **kwargs)
           ^^^^^^^^^^^^^^^^^^^^^^^^^^^^^^^^^^^
  File "/usr/share/nginx/toornoi/.venv/lib/python3.12/site-packages/rest_framework/viewsets.py", line 124, in view
    return self.dispatch(request, *args, **kwargs)
           ^^^^^^^^^^^^^^^^^^^^^^^^^^^^^^^^^^^^^^^
  File "/usr/share/nginx/toornoi/.venv/lib/python3.12/site-packages/rest_framework/views.py", line 509, in dispatch
    response = self.handle_exception(exc)
               ^^^^^^^^^^^^^^^^^^^^^^^^^^
  File "/usr/share/nginx/toornoi/.venv/lib/python3.12/site-packages/rest_framework/views.py", line 469, in handle_exception
    self.raise_uncaught_exception(exc)
  File "/usr/share/nginx/toornoi/.venv/lib/python3.12/site-packages/rest_framework/views.py", line 480, in raise_uncaught_exception
    raise exc
  File "/usr/share/nginx/toornoi/.venv/lib/python3.12/site-packages/rest_framework/views.py", line 506, in dispatch
    response = handler(request, *args, **kwargs)
               ^^^^^^^^^^^^^^^^^^^^^^^^^^^^^^^^^
  File "/usr/share/nginx/toornoi/.venv/lib/python3.12/site-packages/rest_framework/mixins.py", line 46, in list
    return Response(serializer.data)
                    ^^^^^^^^^^^^^^^
  File "/usr/share/nginx/toornoi/.venv/lib/python3.12/site-packages/rest_framework/serializers.py", line 795, in data
    ret = super().data
          ^^^^^^^^^^^^
  File "/usr/share/nginx/toornoi/.venv/lib/python3.12/site-packages/rest_framework/serializers.py", line 249, in data
    self._data = self.to_representation(self.instance)
                 ^^^^^^^^^^^^^^^^^^^^^^^^^^^^^^^^^^^^^
  File "/usr/share/nginx/toornoi/.venv/lib/python3.12/site-packages/rest_framework/serializers.py", line 714, in to_representation
    self.child.to_representation(item) for item in iterable
    ^^^^^^^^^^^^^^^^^^^^^^^^^^^^^^^^^^
  File "/usr/share/nginx/toornoi/.venv/lib/python3.12/site-packages/rest_framework/serializers.py", line 538, in to_representation
    ret[field.field_name] = field.to_representation(attribute)
                            ^^^^^^^^^^^^^^^^^^^^^^^^^^^^^^^^^^
  File "/usr/share/nginx/toornoi/.venv/lib/python3.12/site-packages/rest_framework/fields.py", line 1094, in to_representation
    value = decimal.Decimal(str(value).strip())
            ^^^^^^^^^^^^^^^^^^^^^^^^^^^^^^^^^^^
decimal.InvalidOperation: [<class 'decimal.ConversionSyntax'>]
[10/Feb/2025 08:03:43] "GET /tournaments/ HTTP/1.1" 500 129900
[10/Feb/2025 08:03:44] "GET /loge/superadmin/profile/ HTTP/1.1" 200 251
[10/Feb/2025 08:03:46] "GET /loge/superadmin/profile/ HTTP/1.1" 200 251
Bad Request: /loge/superadmin/login/
[10/Feb/2025 08:04:26] "POST /loge/superadmin/login/ HTTP/1.1" 400 51
Invalid HTTP_HOST header: '15.188.23.39'. You may need to add '15.188.23.39' to ALLOWED_HOSTS.
Traceback (most recent call last):
  File "/usr/share/nginx/toornoi/.venv/lib/python3.12/site-packages/django/core/handlers/exception.py", line 55, in inner
    response = get_response(request)
               ^^^^^^^^^^^^^^^^^^^^^
  File "/usr/share/nginx/toornoi/.venv/lib/python3.12/site-packages/django/utils/deprecation.py", line 128, in __call__
    response = self.process_request(request)
               ^^^^^^^^^^^^^^^^^^^^^^^^^^^^^
  File "/usr/share/nginx/toornoi/.venv/lib/python3.12/site-packages/django/middleware/common.py", line 48, in process_request
    host = request.get_host()
           ^^^^^^^^^^^^^^^^^^
  File "/usr/share/nginx/toornoi/.venv/lib/python3.12/site-packages/django/http/request.py", line 151, in get_host
    raise DisallowedHost(msg)
django.core.exceptions.DisallowedHost: Invalid HTTP_HOST header: '15.188.23.39'. You may need to add '15.188.23.39' to ALLOWED_HOSTS.
Bad Request: /
[10/Feb/2025 08:09:10] "GET / HTTP/1.1" 400 65181
[10/Feb/2025 08:13:34] "POST /loge/superadmin/login/ HTTP/1.1" 200 82
[10/Feb/2025 08:15:51] "POST /loge/superadmin/login/ HTTP/1.1" 200 82
[10/Feb/2025 08:15:58] "GET /loge/superadmin/profile/ HTTP/1.1" 200 251
[10/Feb/2025 08:16:02] "GET /loge/superadmin/profile/ HTTP/1.1" 200 251
[10/Feb/2025 08:22:14] "OPTIONS /loge/register/ HTTP/1.1" 200 0
[10/Feb/2025 08:22:15] "POST /loge/register/ HTTP/1.1" 201 57
[10/Feb/2025 08:22:34] "GET /loge/verify-email/?token=17f59a1b1bee44aeba1d84b9f110865e HTTP/1.1" 200 45
Bad Request: /loge/verify-email/
[10/Feb/2025 08:22:41] "GET /loge/verify-email/?token=17f59a1b1bee44aeba1d84b9f110865e HTTP/1.1" 400 78
[10/Feb/2025 08:23:12] "OPTIONS /loge/login/ HTTP/1.1" 200 0
[10/Feb/2025 08:23:12] "POST /loge/login/ HTTP/1.1" 200 82
Invalid HTTP_HOST header: '15.188.23.39'. You may need to add '15.188.23.39' to ALLOWED_HOSTS.
Traceback (most recent call last):
  File "/usr/share/nginx/toornoi/.venv/lib/python3.12/site-packages/django/core/handlers/exception.py", line 55, in inner
    response = get_response(request)
               ^^^^^^^^^^^^^^^^^^^^^
  File "/usr/share/nginx/toornoi/.venv/lib/python3.12/site-packages/django/utils/deprecation.py", line 128, in __call__
    response = self.process_request(request)
               ^^^^^^^^^^^^^^^^^^^^^^^^^^^^^
  File "/usr/share/nginx/toornoi/.venv/lib/python3.12/site-packages/django/middleware/common.py", line 48, in process_request
    host = request.get_host()
           ^^^^^^^^^^^^^^^^^^
  File "/usr/share/nginx/toornoi/.venv/lib/python3.12/site-packages/django/http/request.py", line 151, in get_host
    raise DisallowedHost(msg)
django.core.exceptions.DisallowedHost: Invalid HTTP_HOST header: '15.188.23.39'. You may need to add '15.188.23.39' to ALLOWED_HOSTS.
Bad Request: /.git/refs/heads/
[10/Feb/2025 08:32:02] "GET /.git/refs/heads/ HTTP/1.1" 400 65437
Invalid HTTP_HOST header: '15.188.23.39'. You may need to add '15.188.23.39' to ALLOWED_HOSTS.
Traceback (most recent call last):
  File "/usr/share/nginx/toornoi/.venv/lib/python3.12/site-packages/django/core/handlers/exception.py", line 55, in inner
    response = get_response(request)
               ^^^^^^^^^^^^^^^^^^^^^
  File "/usr/share/nginx/toornoi/.venv/lib/python3.12/site-packages/django/utils/deprecation.py", line 128, in __call__
    response = self.process_request(request)
               ^^^^^^^^^^^^^^^^^^^^^^^^^^^^^
  File "/usr/share/nginx/toornoi/.venv/lib/python3.12/site-packages/django/middleware/common.py", line 48, in process_request
    host = request.get_host()
           ^^^^^^^^^^^^^^^^^^
  File "/usr/share/nginx/toornoi/.venv/lib/python3.12/site-packages/django/http/request.py", line 151, in get_host
    raise DisallowedHost(msg)
django.core.exceptions.DisallowedHost: Invalid HTTP_HOST header: '15.188.23.39'. You may need to add '15.188.23.39' to ALLOWED_HOSTS.
Bad Request: /
[10/Feb/2025 08:35:06] "OPTIONS / HTTP/1.1" 400 64724
[10/Feb/2025 08:39:35] "GET / HTTP/1.1" 200 5660
Invalid HTTP_HOST header: '15.188.23.39'. You may need to add '15.188.23.39' to ALLOWED_HOSTS.
Traceback (most recent call last):
  File "/usr/share/nginx/toornoi/.venv/lib/python3.12/site-packages/django/core/handlers/exception.py", line 55, in inner
    response = get_response(request)
               ^^^^^^^^^^^^^^^^^^^^^
  File "/usr/share/nginx/toornoi/.venv/lib/python3.12/site-packages/django/utils/deprecation.py", line 128, in __call__
    response = self.process_request(request)
               ^^^^^^^^^^^^^^^^^^^^^^^^^^^^^
  File "/usr/share/nginx/toornoi/.venv/lib/python3.12/site-packages/django/middleware/common.py", line 48, in process_request
    host = request.get_host()
           ^^^^^^^^^^^^^^^^^^
  File "/usr/share/nginx/toornoi/.venv/lib/python3.12/site-packages/django/http/request.py", line 151, in get_host
    raise DisallowedHost(msg)
django.core.exceptions.DisallowedHost: Invalid HTTP_HOST header: '15.188.23.39'. You may need to add '15.188.23.39' to ALLOWED_HOSTS.
Bad Request: /.env
[10/Feb/2025 08:54:32] "GET /.env HTTP/1.1" 400 65404
Invalid HTTP_HOST header: 'www.15-188-23-39.cprapid.com'. You may need to add 'www.15-188-23-39.cprapid.com' to ALLOWED_HOSTS.
Traceback (most recent call last):
  File "/usr/share/nginx/toornoi/.venv/lib/python3.12/site-packages/django/core/handlers/exception.py", line 55, in inner
    response = get_response(request)
               ^^^^^^^^^^^^^^^^^^^^^
  File "/usr/share/nginx/toornoi/.venv/lib/python3.12/site-packages/django/utils/deprecation.py", line 128, in __call__
    response = self.process_request(request)
               ^^^^^^^^^^^^^^^^^^^^^^^^^^^^^
  File "/usr/share/nginx/toornoi/.venv/lib/python3.12/site-packages/django/middleware/common.py", line 48, in process_request
    host = request.get_host()
           ^^^^^^^^^^^^^^^^^^
  File "/usr/share/nginx/toornoi/.venv/lib/python3.12/site-packages/django/http/request.py", line 151, in get_host
    raise DisallowedHost(msg)
django.core.exceptions.DisallowedHost: Invalid HTTP_HOST header: 'www.15-188-23-39.cprapid.com'. You may need to add 'www.15-188-23-39.cprapid.com' to ALLOWED_HOSTS.
Bad Request: /.git/config
[10/Feb/2025 09:09:55] "GET /.git/config HTTP/1.1" 400 65582
Invalid HTTP_HOST header: '15.188.23.39'. You may need to add '15.188.23.39' to ALLOWED_HOSTS.
Traceback (most recent call last):
  File "/usr/share/nginx/toornoi/.venv/lib/python3.12/site-packages/django/core/handlers/exception.py", line 55, in inner
    response = get_response(request)
               ^^^^^^^^^^^^^^^^^^^^^
  File "/usr/share/nginx/toornoi/.venv/lib/python3.12/site-packages/django/utils/deprecation.py", line 128, in __call__
    response = self.process_request(request)
               ^^^^^^^^^^^^^^^^^^^^^^^^^^^^^
  File "/usr/share/nginx/toornoi/.venv/lib/python3.12/site-packages/django/middleware/common.py", line 48, in process_request
    host = request.get_host()
           ^^^^^^^^^^^^^^^^^^
  File "/usr/share/nginx/toornoi/.venv/lib/python3.12/site-packages/django/http/request.py", line 151, in get_host
    raise DisallowedHost(msg)
django.core.exceptions.DisallowedHost: Invalid HTTP_HOST header: '15.188.23.39'. You may need to add '15.188.23.39' to ALLOWED_HOSTS.
Bad Request: /actuator/gateway/routes
[10/Feb/2025 09:16:00] "GET /actuator/gateway/routes HTTP/1.1" 400 65366
[10/Feb/2025 09:41:57] "GET /?format=api HTTP/1.1" 200 5792
Internal Server Error: /stages/
Traceback (most recent call last):
  File "/usr/share/nginx/toornoi/.venv/lib/python3.12/site-packages/django/db/backends/utils.py", line 105, in _execute
    return self.cursor.execute(sql, params)
           ^^^^^^^^^^^^^^^^^^^^^^^^^^^^^^^^
  File "/usr/share/nginx/toornoi/.venv/lib/python3.12/site-packages/django/db/backends/mysql/base.py", line 76, in execute
    return self.cursor.execute(query, args)
           ^^^^^^^^^^^^^^^^^^^^^^^^^^^^^^^^
  File "/usr/share/nginx/toornoi/.venv/lib/python3.12/site-packages/MySQLdb/cursors.py", line 179, in execute
    res = self._query(mogrified_query)
          ^^^^^^^^^^^^^^^^^^^^^^^^^^^^
  File "/usr/share/nginx/toornoi/.venv/lib/python3.12/site-packages/MySQLdb/cursors.py", line 330, in _query
    db.query(q)
  File "/usr/share/nginx/toornoi/.venv/lib/python3.12/site-packages/MySQLdb/connections.py", line 280, in query
    _mysql.connection.query(self, query)
MySQLdb.ProgrammingError: (1146, "Table 'Toornoi_management.toornoi_main_stage' doesn't exist")

The above exception was the direct cause of the following exception:

Traceback (most recent call last):
  File "/usr/share/nginx/toornoi/.venv/lib/python3.12/site-packages/django/core/handlers/exception.py", line 55, in inner
    response = get_response(request)
               ^^^^^^^^^^^^^^^^^^^^^
  File "/usr/share/nginx/toornoi/.venv/lib/python3.12/site-packages/django/core/handlers/base.py", line 197, in _get_response
    response = wrapped_callback(request, *callback_args, **callback_kwargs)
               ^^^^^^^^^^^^^^^^^^^^^^^^^^^^^^^^^^^^^^^^^^^^^^^^^^^^^^^^^^^^
  File "/usr/share/nginx/toornoi/.venv/lib/python3.12/site-packages/django/views/decorators/csrf.py", line 65, in _view_wrapper
    return view_func(request, *args, **kwargs)
           ^^^^^^^^^^^^^^^^^^^^^^^^^^^^^^^^^^^
  File "/usr/share/nginx/toornoi/.venv/lib/python3.12/site-packages/rest_framework/viewsets.py", line 124, in view
    return self.dispatch(request, *args, **kwargs)
           ^^^^^^^^^^^^^^^^^^^^^^^^^^^^^^^^^^^^^^^
  File "/usr/share/nginx/toornoi/.venv/lib/python3.12/site-packages/rest_framework/views.py", line 509, in dispatch
    response = self.handle_exception(exc)
               ^^^^^^^^^^^^^^^^^^^^^^^^^^
  File "/usr/share/nginx/toornoi/.venv/lib/python3.12/site-packages/rest_framework/views.py", line 469, in handle_exception
    self.raise_uncaught_exception(exc)
  File "/usr/share/nginx/toornoi/.venv/lib/python3.12/site-packages/rest_framework/views.py", line 480, in raise_uncaught_exception
    raise exc
  File "/usr/share/nginx/toornoi/.venv/lib/python3.12/site-packages/rest_framework/views.py", line 506, in dispatch
    response = handler(request, *args, **kwargs)
               ^^^^^^^^^^^^^^^^^^^^^^^^^^^^^^^^^
  File "/usr/share/nginx/toornoi/.venv/lib/python3.12/site-packages/rest_framework/mixins.py", line 46, in list
    return Response(serializer.data)
                    ^^^^^^^^^^^^^^^
  File "/usr/share/nginx/toornoi/.venv/lib/python3.12/site-packages/rest_framework/serializers.py", line 795, in data
    ret = super().data
          ^^^^^^^^^^^^
  File "/usr/share/nginx/toornoi/.venv/lib/python3.12/site-packages/rest_framework/serializers.py", line 249, in data
    self._data = self.to_representation(self.instance)
                 ^^^^^^^^^^^^^^^^^^^^^^^^^^^^^^^^^^^^^
  File "/usr/share/nginx/toornoi/.venv/lib/python3.12/site-packages/rest_framework/serializers.py", line 713, in to_representation
    return [
           ^
  File "/usr/share/nginx/toornoi/.venv/lib/python3.12/site-packages/django/db/models/query.py", line 400, in __iter__
    self._fetch_all()
  File "/usr/share/nginx/toornoi/.venv/lib/python3.12/site-packages/django/db/models/query.py", line 1928, in _fetch_all
    self._result_cache = list(self._iterable_class(self))
                         ^^^^^^^^^^^^^^^^^^^^^^^^^^^^^^^^
  File "/usr/share/nginx/toornoi/.venv/lib/python3.12/site-packages/django/db/models/query.py", line 91, in __iter__
    results = compiler.execute_sql(
              ^^^^^^^^^^^^^^^^^^^^^
  File "/usr/share/nginx/toornoi/.venv/lib/python3.12/site-packages/django/db/models/sql/compiler.py", line 1574, in execute_sql
    cursor.execute(sql, params)
  File "/usr/share/nginx/toornoi/.venv/lib/python3.12/site-packages/django/db/backends/utils.py", line 122, in execute
    return super().execute(sql, params)
           ^^^^^^^^^^^^^^^^^^^^^^^^^^^^
  File "/usr/share/nginx/toornoi/.venv/lib/python3.12/site-packages/django/db/backends/utils.py", line 79, in execute
    return self._execute_with_wrappers(
           ^^^^^^^^^^^^^^^^^^^^^^^^^^^^
  File "/usr/share/nginx/toornoi/.venv/lib/python3.12/site-packages/django/db/backends/utils.py", line 92, in _execute_with_wrappers
    return executor(sql, params, many, context)
           ^^^^^^^^^^^^^^^^^^^^^^^^^^^^^^^^^^^^
  File "/usr/share/nginx/toornoi/.venv/lib/python3.12/site-packages/django/db/backends/utils.py", line 100, in _execute
    with self.db.wrap_database_errors:
  File "/usr/share/nginx/toornoi/.venv/lib/python3.12/site-packages/django/db/utils.py", line 91, in __exit__
    raise dj_exc_value.with_traceback(traceback) from exc_value
  File "/usr/share/nginx/toornoi/.venv/lib/python3.12/site-packages/django/db/backends/utils.py", line 105, in _execute
    return self.cursor.execute(sql, params)
           ^^^^^^^^^^^^^^^^^^^^^^^^^^^^^^^^
  File "/usr/share/nginx/toornoi/.venv/lib/python3.12/site-packages/django/db/backends/mysql/base.py", line 76, in execute
    return self.cursor.execute(query, args)
           ^^^^^^^^^^^^^^^^^^^^^^^^^^^^^^^^
  File "/usr/share/nginx/toornoi/.venv/lib/python3.12/site-packages/MySQLdb/cursors.py", line 179, in execute
    res = self._query(mogrified_query)
          ^^^^^^^^^^^^^^^^^^^^^^^^^^^^
  File "/usr/share/nginx/toornoi/.venv/lib/python3.12/site-packages/MySQLdb/cursors.py", line 330, in _query
    db.query(q)
  File "/usr/share/nginx/toornoi/.venv/lib/python3.12/site-packages/MySQLdb/connections.py", line 280, in query
    _mysql.connection.query(self, query)
django.db.utils.ProgrammingError: (1146, "Table 'Toornoi_management.toornoi_main_stage' doesn't exist")
[10/Feb/2025 10:13:22] "GET /stages/ HTTP/1.1" 500 191763
Invalid HTTP_HOST header: '15.188.23.39'. You may need to add '15.188.23.39' to ALLOWED_HOSTS.
Traceback (most recent call last):
  File "/usr/share/nginx/toornoi/.venv/lib/python3.12/site-packages/django/core/handlers/exception.py", line 55, in inner
    response = get_response(request)
               ^^^^^^^^^^^^^^^^^^^^^
  File "/usr/share/nginx/toornoi/.venv/lib/python3.12/site-packages/django/utils/deprecation.py", line 128, in __call__
    response = self.process_request(request)
               ^^^^^^^^^^^^^^^^^^^^^^^^^^^^^
  File "/usr/share/nginx/toornoi/.venv/lib/python3.12/site-packages/django/middleware/common.py", line 48, in process_request
    host = request.get_host()
           ^^^^^^^^^^^^^^^^^^
  File "/usr/share/nginx/toornoi/.venv/lib/python3.12/site-packages/django/http/request.py", line 151, in get_host
    raise DisallowedHost(msg)
django.core.exceptions.DisallowedHost: Invalid HTTP_HOST header: '15.188.23.39'. You may need to add '15.188.23.39' to ALLOWED_HOSTS.
Bad Request: /
[10/Feb/2025 10:14:06] "GET / HTTP/1.1" 400 65215
Internal Server Error: /tournament_user/
Traceback (most recent call last):
  File "/usr/share/nginx/toornoi/.venv/lib/python3.12/site-packages/django/core/handlers/exception.py", line 55, in inner
    response = get_response(request)
               ^^^^^^^^^^^^^^^^^^^^^
  File "/usr/share/nginx/toornoi/.venv/lib/python3.12/site-packages/django/core/handlers/base.py", line 197, in _get_response
    response = wrapped_callback(request, *callback_args, **callback_kwargs)
               ^^^^^^^^^^^^^^^^^^^^^^^^^^^^^^^^^^^^^^^^^^^^^^^^^^^^^^^^^^^^
  File "/usr/share/nginx/toornoi/.venv/lib/python3.12/site-packages/django/views/decorators/csrf.py", line 65, in _view_wrapper
    return view_func(request, *args, **kwargs)
           ^^^^^^^^^^^^^^^^^^^^^^^^^^^^^^^^^^^
  File "/usr/share/nginx/toornoi/.venv/lib/python3.12/site-packages/rest_framework/viewsets.py", line 124, in view
    return self.dispatch(request, *args, **kwargs)
           ^^^^^^^^^^^^^^^^^^^^^^^^^^^^^^^^^^^^^^^
  File "/usr/share/nginx/toornoi/.venv/lib/python3.12/site-packages/rest_framework/views.py", line 509, in dispatch
    response = self.handle_exception(exc)
               ^^^^^^^^^^^^^^^^^^^^^^^^^^
  File "/usr/share/nginx/toornoi/.venv/lib/python3.12/site-packages/rest_framework/views.py", line 469, in handle_exception
    self.raise_uncaught_exception(exc)
  File "/usr/share/nginx/toornoi/.venv/lib/python3.12/site-packages/rest_framework/views.py", line 480, in raise_uncaught_exception
    raise exc
  File "/usr/share/nginx/toornoi/.venv/lib/python3.12/site-packages/rest_framework/views.py", line 506, in dispatch
    response = handler(request, *args, **kwargs)
               ^^^^^^^^^^^^^^^^^^^^^^^^^^^^^^^^^
  File "/usr/share/nginx/toornoi/.venv/lib/python3.12/site-packages/rest_framework/mixins.py", line 46, in list
    return Response(serializer.data)
                    ^^^^^^^^^^^^^^^
  File "/usr/share/nginx/toornoi/.venv/lib/python3.12/site-packages/rest_framework/serializers.py", line 795, in data
    ret = super().data
          ^^^^^^^^^^^^
  File "/usr/share/nginx/toornoi/.venv/lib/python3.12/site-packages/rest_framework/serializers.py", line 249, in data
    self._data = self.to_representation(self.instance)
                 ^^^^^^^^^^^^^^^^^^^^^^^^^^^^^^^^^^^^^
  File "/usr/share/nginx/toornoi/.venv/lib/python3.12/site-packages/rest_framework/serializers.py", line 714, in to_representation
    self.child.to_representation(item) for item in iterable
    ^^^^^^^^^^^^^^^^^^^^^^^^^^^^^^^^^^
  File "/usr/share/nginx/toornoi/.venv/lib/python3.12/site-packages/rest_framework/serializers.py", line 538, in to_representation
    ret[field.field_name] = field.to_representation(attribute)
                            ^^^^^^^^^^^^^^^^^^^^^^^^^^^^^^^^^^
  File "/usr/share/nginx/toornoi/.venv/lib/python3.12/site-packages/rest_framework/fields.py", line 1094, in to_representation
    value = decimal.Decimal(str(value).strip())
            ^^^^^^^^^^^^^^^^^^^^^^^^^^^^^^^^^^^
decimal.InvalidOperation: [<class 'decimal.ConversionSyntax'>]
[10/Feb/2025 10:20:38] "GET /tournament_user/ HTTP/1.1" 500 129464
Invalid HTTP_HOST header: '15.188.23.39'. You may need to add '15.188.23.39' to ALLOWED_HOSTS.
Traceback (most recent call last):
  File "/usr/share/nginx/toornoi/.venv/lib/python3.12/site-packages/django/core/handlers/exception.py", line 55, in inner
    response = get_response(request)
               ^^^^^^^^^^^^^^^^^^^^^
  File "/usr/share/nginx/toornoi/.venv/lib/python3.12/site-packages/django/utils/deprecation.py", line 128, in __call__
    response = self.process_request(request)
               ^^^^^^^^^^^^^^^^^^^^^^^^^^^^^
  File "/usr/share/nginx/toornoi/.venv/lib/python3.12/site-packages/django/middleware/common.py", line 48, in process_request
    host = request.get_host()
           ^^^^^^^^^^^^^^^^^^
  File "/usr/share/nginx/toornoi/.venv/lib/python3.12/site-packages/django/http/request.py", line 151, in get_host
    raise DisallowedHost(msg)
django.core.exceptions.DisallowedHost: Invalid HTTP_HOST header: '15.188.23.39'. You may need to add '15.188.23.39' to ALLOWED_HOSTS.
Bad Request: /.env
[10/Feb/2025 10:24:22] "GET /.env HTTP/1.1" 400 65391
Invalid HTTP_HOST header: '15.188.23.39'. You may need to add '15.188.23.39' to ALLOWED_HOSTS.
Traceback (most recent call last):
  File "/usr/share/nginx/toornoi/.venv/lib/python3.12/site-packages/django/core/handlers/exception.py", line 55, in inner
    response = get_response(request)
               ^^^^^^^^^^^^^^^^^^^^^
  File "/usr/share/nginx/toornoi/.venv/lib/python3.12/site-packages/django/utils/deprecation.py", line 128, in __call__
    response = self.process_request(request)
               ^^^^^^^^^^^^^^^^^^^^^^^^^^^^^
  File "/usr/share/nginx/toornoi/.venv/lib/python3.12/site-packages/django/middleware/common.py", line 48, in process_request
    host = request.get_host()
           ^^^^^^^^^^^^^^^^^^
  File "/usr/share/nginx/toornoi/.venv/lib/python3.12/site-packages/django/http/request.py", line 151, in get_host
    raise DisallowedHost(msg)
django.core.exceptions.DisallowedHost: Invalid HTTP_HOST header: '15.188.23.39'. You may need to add '15.188.23.39' to ALLOWED_HOSTS.
Bad Request: /.env
[10/Feb/2025 10:31:21] "GET /.env HTTP/1.1" 400 65169
Internal Server Error: /tournament_user/
Traceback (most recent call last):
  File "/usr/share/nginx/toornoi/.venv/lib/python3.12/site-packages/django/core/handlers/exception.py", line 55, in inner
    response = get_response(request)
               ^^^^^^^^^^^^^^^^^^^^^
  File "/usr/share/nginx/toornoi/.venv/lib/python3.12/site-packages/django/core/handlers/base.py", line 197, in _get_response
    response = wrapped_callback(request, *callback_args, **callback_kwargs)
               ^^^^^^^^^^^^^^^^^^^^^^^^^^^^^^^^^^^^^^^^^^^^^^^^^^^^^^^^^^^^
  File "/usr/share/nginx/toornoi/.venv/lib/python3.12/site-packages/django/views/decorators/csrf.py", line 65, in _view_wrapper
    return view_func(request, *args, **kwargs)
           ^^^^^^^^^^^^^^^^^^^^^^^^^^^^^^^^^^^
  File "/usr/share/nginx/toornoi/.venv/lib/python3.12/site-packages/rest_framework/viewsets.py", line 124, in view
    return self.dispatch(request, *args, **kwargs)
           ^^^^^^^^^^^^^^^^^^^^^^^^^^^^^^^^^^^^^^^
  File "/usr/share/nginx/toornoi/.venv/lib/python3.12/site-packages/rest_framework/views.py", line 509, in dispatch
    response = self.handle_exception(exc)
               ^^^^^^^^^^^^^^^^^^^^^^^^^^
  File "/usr/share/nginx/toornoi/.venv/lib/python3.12/site-packages/rest_framework/views.py", line 469, in handle_exception
    self.raise_uncaught_exception(exc)
  File "/usr/share/nginx/toornoi/.venv/lib/python3.12/site-packages/rest_framework/views.py", line 480, in raise_uncaught_exception
    raise exc
  File "/usr/share/nginx/toornoi/.venv/lib/python3.12/site-packages/rest_framework/views.py", line 506, in dispatch
    response = handler(request, *args, **kwargs)
               ^^^^^^^^^^^^^^^^^^^^^^^^^^^^^^^^^
  File "/usr/share/nginx/toornoi/.venv/lib/python3.12/site-packages/rest_framework/mixins.py", line 46, in list
    return Response(serializer.data)
                    ^^^^^^^^^^^^^^^
  File "/usr/share/nginx/toornoi/.venv/lib/python3.12/site-packages/rest_framework/serializers.py", line 795, in data
    ret = super().data
          ^^^^^^^^^^^^
  File "/usr/share/nginx/toornoi/.venv/lib/python3.12/site-packages/rest_framework/serializers.py", line 249, in data
    self._data = self.to_representation(self.instance)
                 ^^^^^^^^^^^^^^^^^^^^^^^^^^^^^^^^^^^^^
  File "/usr/share/nginx/toornoi/.venv/lib/python3.12/site-packages/rest_framework/serializers.py", line 714, in to_representation
    self.child.to_representation(item) for item in iterable
    ^^^^^^^^^^^^^^^^^^^^^^^^^^^^^^^^^^
  File "/usr/share/nginx/toornoi/.venv/lib/python3.12/site-packages/rest_framework/serializers.py", line 538, in to_representation
    ret[field.field_name] = field.to_representation(attribute)
                            ^^^^^^^^^^^^^^^^^^^^^^^^^^^^^^^^^^
  File "/usr/share/nginx/toornoi/.venv/lib/python3.12/site-packages/rest_framework/fields.py", line 1094, in to_representation
    value = decimal.Decimal(str(value).strip())
            ^^^^^^^^^^^^^^^^^^^^^^^^^^^^^^^^^^^
decimal.InvalidOperation: [<class 'decimal.ConversionSyntax'>]
[10/Feb/2025 10:44:33] "GET /tournament_user/?format=api HTTP/1.1" 500 129975
Internal Server Error: /tournaments/
Traceback (most recent call last):
  File "/usr/share/nginx/toornoi/.venv/lib/python3.12/site-packages/django/core/handlers/exception.py", line 55, in inner
    response = get_response(request)
               ^^^^^^^^^^^^^^^^^^^^^
  File "/usr/share/nginx/toornoi/.venv/lib/python3.12/site-packages/django/core/handlers/base.py", line 197, in _get_response
    response = wrapped_callback(request, *callback_args, **callback_kwargs)
               ^^^^^^^^^^^^^^^^^^^^^^^^^^^^^^^^^^^^^^^^^^^^^^^^^^^^^^^^^^^^
  File "/usr/share/nginx/toornoi/.venv/lib/python3.12/site-packages/django/views/decorators/csrf.py", line 65, in _view_wrapper
    return view_func(request, *args, **kwargs)
           ^^^^^^^^^^^^^^^^^^^^^^^^^^^^^^^^^^^
  File "/usr/share/nginx/toornoi/.venv/lib/python3.12/site-packages/rest_framework/viewsets.py", line 124, in view
    return self.dispatch(request, *args, **kwargs)
           ^^^^^^^^^^^^^^^^^^^^^^^^^^^^^^^^^^^^^^^
  File "/usr/share/nginx/toornoi/.venv/lib/python3.12/site-packages/rest_framework/views.py", line 509, in dispatch
    response = self.handle_exception(exc)
               ^^^^^^^^^^^^^^^^^^^^^^^^^^
  File "/usr/share/nginx/toornoi/.venv/lib/python3.12/site-packages/rest_framework/views.py", line 469, in handle_exception
    self.raise_uncaught_exception(exc)
  File "/usr/share/nginx/toornoi/.venv/lib/python3.12/site-packages/rest_framework/views.py", line 480, in raise_uncaught_exception
    raise exc
  File "/usr/share/nginx/toornoi/.venv/lib/python3.12/site-packages/rest_framework/views.py", line 506, in dispatch
    response = handler(request, *args, **kwargs)
               ^^^^^^^^^^^^^^^^^^^^^^^^^^^^^^^^^
  File "/usr/share/nginx/toornoi/.venv/lib/python3.12/site-packages/rest_framework/mixins.py", line 46, in list
    return Response(serializer.data)
                    ^^^^^^^^^^^^^^^
  File "/usr/share/nginx/toornoi/.venv/lib/python3.12/site-packages/rest_framework/serializers.py", line 795, in data
    ret = super().data
          ^^^^^^^^^^^^
  File "/usr/share/nginx/toornoi/.venv/lib/python3.12/site-packages/rest_framework/serializers.py", line 249, in data
    self._data = self.to_representation(self.instance)
                 ^^^^^^^^^^^^^^^^^^^^^^^^^^^^^^^^^^^^^
  File "/usr/share/nginx/toornoi/.venv/lib/python3.12/site-packages/rest_framework/serializers.py", line 714, in to_representation
    self.child.to_representation(item) for item in iterable
    ^^^^^^^^^^^^^^^^^^^^^^^^^^^^^^^^^^
  File "/usr/share/nginx/toornoi/.venv/lib/python3.12/site-packages/rest_framework/serializers.py", line 538, in to_representation
    ret[field.field_name] = field.to_representation(attribute)
                            ^^^^^^^^^^^^^^^^^^^^^^^^^^^^^^^^^^
  File "/usr/share/nginx/toornoi/.venv/lib/python3.12/site-packages/rest_framework/fields.py", line 1094, in to_representation
    value = decimal.Decimal(str(value).strip())
            ^^^^^^^^^^^^^^^^^^^^^^^^^^^^^^^^^^^
decimal.InvalidOperation: [<class 'decimal.ConversionSyntax'>]
[10/Feb/2025 11:04:23] "GET /tournaments/?format=api HTTP/1.1" 500 129900
[10/Feb/2025 11:11:24] "GET /matches/?format=api HTTP/1.1" 200 11580
Invalid HTTP_HOST header: '15.188.23.39'. You may need to add '15.188.23.39' to ALLOWED_HOSTS.
Traceback (most recent call last):
  File "/usr/share/nginx/toornoi/.venv/lib/python3.12/site-packages/django/core/handlers/exception.py", line 55, in inner
    response = get_response(request)
               ^^^^^^^^^^^^^^^^^^^^^
  File "/usr/share/nginx/toornoi/.venv/lib/python3.12/site-packages/django/utils/deprecation.py", line 128, in __call__
    response = self.process_request(request)
               ^^^^^^^^^^^^^^^^^^^^^^^^^^^^^
  File "/usr/share/nginx/toornoi/.venv/lib/python3.12/site-packages/django/middleware/common.py", line 48, in process_request
    host = request.get_host()
           ^^^^^^^^^^^^^^^^^^
  File "/usr/share/nginx/toornoi/.venv/lib/python3.12/site-packages/django/http/request.py", line 151, in get_host
    raise DisallowedHost(msg)
django.core.exceptions.DisallowedHost: Invalid HTTP_HOST header: '15.188.23.39'. You may need to add '15.188.23.39' to ALLOWED_HOSTS.
Bad Request: /
[10/Feb/2025 12:06:25] "GET / HTTP/1.1" 400 65300
Invalid HTTP_HOST header: '15.188.23.39'. You may need to add '15.188.23.39' to ALLOWED_HOSTS.
Traceback (most recent call last):
  File "/usr/share/nginx/toornoi/.venv/lib/python3.12/site-packages/django/core/handlers/exception.py", line 55, in inner
    response = get_response(request)
               ^^^^^^^^^^^^^^^^^^^^^
  File "/usr/share/nginx/toornoi/.venv/lib/python3.12/site-packages/django/utils/deprecation.py", line 128, in __call__
    response = self.process_request(request)
               ^^^^^^^^^^^^^^^^^^^^^^^^^^^^^
  File "/usr/share/nginx/toornoi/.venv/lib/python3.12/site-packages/django/middleware/common.py", line 48, in process_request
    host = request.get_host()
           ^^^^^^^^^^^^^^^^^^
  File "/usr/share/nginx/toornoi/.venv/lib/python3.12/site-packages/django/http/request.py", line 151, in get_host
    raise DisallowedHost(msg)
django.core.exceptions.DisallowedHost: Invalid HTTP_HOST header: '15.188.23.39'. You may need to add '15.188.23.39' to ALLOWED_HOSTS.
Bad Request: /favicon.ico
[10/Feb/2025 12:06:44] "GET /favicon.ico HTTP/1.1" 400 65673
Invalid HTTP_HOST header: '15.188.23.39'. You may need to add '15.188.23.39' to ALLOWED_HOSTS.
Traceback (most recent call last):
  File "/usr/share/nginx/toornoi/.venv/lib/python3.12/site-packages/django/core/handlers/exception.py", line 55, in inner
    response = get_response(request)
               ^^^^^^^^^^^^^^^^^^^^^
  File "/usr/share/nginx/toornoi/.venv/lib/python3.12/site-packages/django/utils/deprecation.py", line 128, in __call__
    response = self.process_request(request)
               ^^^^^^^^^^^^^^^^^^^^^^^^^^^^^
  File "/usr/share/nginx/toornoi/.venv/lib/python3.12/site-packages/django/middleware/common.py", line 48, in process_request
    host = request.get_host()
           ^^^^^^^^^^^^^^^^^^
  File "/usr/share/nginx/toornoi/.venv/lib/python3.12/site-packages/django/http/request.py", line 151, in get_host
    raise DisallowedHost(msg)
django.core.exceptions.DisallowedHost: Invalid HTTP_HOST header: '15.188.23.39'. You may need to add '15.188.23.39' to ALLOWED_HOSTS.
Bad Request: /robots.txt
[10/Feb/2025 12:06:44] "GET /robots.txt HTTP/1.1" 400 65662
Invalid HTTP_HOST header: '15.188.23.39'. You may need to add '15.188.23.39' to ALLOWED_HOSTS.
Traceback (most recent call last):
  File "/usr/share/nginx/toornoi/.venv/lib/python3.12/site-packages/django/core/handlers/exception.py", line 55, in inner
    response = get_response(request)
               ^^^^^^^^^^^^^^^^^^^^^
  File "/usr/share/nginx/toornoi/.venv/lib/python3.12/site-packages/django/utils/deprecation.py", line 128, in __call__
    response = self.process_request(request)
               ^^^^^^^^^^^^^^^^^^^^^^^^^^^^^
  File "/usr/share/nginx/toornoi/.venv/lib/python3.12/site-packages/django/middleware/common.py", line 48, in process_request
    host = request.get_host()
           ^^^^^^^^^^^^^^^^^^
  File "/usr/share/nginx/toornoi/.venv/lib/python3.12/site-packages/django/http/request.py", line 151, in get_host
    raise DisallowedHost(msg)
django.core.exceptions.DisallowedHost: Invalid HTTP_HOST header: '15.188.23.39'. You may need to add '15.188.23.39' to ALLOWED_HOSTS.
Bad Request: /sitemap.xml
[10/Feb/2025 12:06:45] "GET /sitemap.xml HTTP/1.1" 400 65673
Invalid HTTP_HOST header: '15.188.23.39'. You may need to add '15.188.23.39' to ALLOWED_HOSTS.
Traceback (most recent call last):
  File "/usr/share/nginx/toornoi/.venv/lib/python3.12/site-packages/django/core/handlers/exception.py", line 55, in inner
    response = get_response(request)
               ^^^^^^^^^^^^^^^^^^^^^
  File "/usr/share/nginx/toornoi/.venv/lib/python3.12/site-packages/django/utils/deprecation.py", line 128, in __call__
    response = self.process_request(request)
               ^^^^^^^^^^^^^^^^^^^^^^^^^^^^^
  File "/usr/share/nginx/toornoi/.venv/lib/python3.12/site-packages/django/middleware/common.py", line 48, in process_request
    host = request.get_host()
           ^^^^^^^^^^^^^^^^^^
  File "/usr/share/nginx/toornoi/.venv/lib/python3.12/site-packages/django/http/request.py", line 151, in get_host
    raise DisallowedHost(msg)
django.core.exceptions.DisallowedHost: Invalid HTTP_HOST header: '15.188.23.39'. You may need to add '15.188.23.39' to ALLOWED_HOSTS.
Bad Request: /.env
[10/Feb/2025 12:12:25] "GET /.env HTTP/1.1" 400 65404
Invalid HTTP_HOST header: '15.188.23.39'. You may need to add '15.188.23.39' to ALLOWED_HOSTS.
Traceback (most recent call last):
  File "/usr/share/nginx/toornoi/.venv/lib/python3.12/site-packages/django/core/handlers/exception.py", line 55, in inner
    response = get_response(request)
               ^^^^^^^^^^^^^^^^^^^^^
  File "/usr/share/nginx/toornoi/.venv/lib/python3.12/site-packages/django/utils/deprecation.py", line 128, in __call__
    response = self.process_request(request)
               ^^^^^^^^^^^^^^^^^^^^^^^^^^^^^
  File "/usr/share/nginx/toornoi/.venv/lib/python3.12/site-packages/django/middleware/common.py", line 48, in process_request
    host = request.get_host()
           ^^^^^^^^^^^^^^^^^^
  File "/usr/share/nginx/toornoi/.venv/lib/python3.12/site-packages/django/http/request.py", line 151, in get_host
    raise DisallowedHost(msg)
django.core.exceptions.DisallowedHost: Invalid HTTP_HOST header: '15.188.23.39'. You may need to add '15.188.23.39' to ALLOWED_HOSTS.
Bad Request: /ab2g
[10/Feb/2025 12:12:59] "GET /ab2g HTTP/1.1" 400 65061
Invalid HTTP_HOST header: '15.188.23.39'. You may need to add '15.188.23.39' to ALLOWED_HOSTS.
Traceback (most recent call last):
  File "/usr/share/nginx/toornoi/.venv/lib/python3.12/site-packages/django/core/handlers/exception.py", line 55, in inner
    response = get_response(request)
               ^^^^^^^^^^^^^^^^^^^^^
  File "/usr/share/nginx/toornoi/.venv/lib/python3.12/site-packages/django/utils/deprecation.py", line 128, in __call__
    response = self.process_request(request)
               ^^^^^^^^^^^^^^^^^^^^^^^^^^^^^
  File "/usr/share/nginx/toornoi/.venv/lib/python3.12/site-packages/django/middleware/common.py", line 48, in process_request
    host = request.get_host()
           ^^^^^^^^^^^^^^^^^^
  File "/usr/share/nginx/toornoi/.venv/lib/python3.12/site-packages/django/http/request.py", line 151, in get_host
    raise DisallowedHost(msg)
django.core.exceptions.DisallowedHost: Invalid HTTP_HOST header: '15.188.23.39'. You may need to add '15.188.23.39' to ALLOWED_HOSTS.
Bad Request: /ab2h
[10/Feb/2025 12:12:59] "GET /ab2h HTTP/1.1" 400 65061
Invalid HTTP_HOST header: '15.188.23.39'. You may need to add '15.188.23.39' to ALLOWED_HOSTS.
Traceback (most recent call last):
  File "/usr/share/nginx/toornoi/.venv/lib/python3.12/site-packages/django/core/handlers/exception.py", line 55, in inner
    response = get_response(request)
               ^^^^^^^^^^^^^^^^^^^^^
  File "/usr/share/nginx/toornoi/.venv/lib/python3.12/site-packages/django/utils/deprecation.py", line 128, in __call__
    response = self.process_request(request)
               ^^^^^^^^^^^^^^^^^^^^^^^^^^^^^
  File "/usr/share/nginx/toornoi/.venv/lib/python3.12/site-packages/django/middleware/common.py", line 48, in process_request
    host = request.get_host()
           ^^^^^^^^^^^^^^^^^^
  File "/usr/share/nginx/toornoi/.venv/lib/python3.12/site-packages/django/http/request.py", line 151, in get_host
    raise DisallowedHost(msg)
django.core.exceptions.DisallowedHost: Invalid HTTP_HOST header: '15.188.23.39'. You may need to add '15.188.23.39' to ALLOWED_HOSTS.
Bad Request: /alive.php
[10/Feb/2025 12:13:00] "GET /alive.php HTTP/1.1" 400 65328
Invalid HTTP_HOST header: '15.188.23.39'. You may need to add '15.188.23.39' to ALLOWED_HOSTS.
Traceback (most recent call last):
  File "/usr/share/nginx/toornoi/.venv/lib/python3.12/site-packages/django/core/handlers/exception.py", line 55, in inner
    response = get_response(request)
               ^^^^^^^^^^^^^^^^^^^^^
  File "/usr/share/nginx/toornoi/.venv/lib/python3.12/site-packages/django/utils/deprecation.py", line 128, in __call__
    response = self.process_request(request)
               ^^^^^^^^^^^^^^^^^^^^^^^^^^^^^
  File "/usr/share/nginx/toornoi/.venv/lib/python3.12/site-packages/django/middleware/common.py", line 48, in process_request
    host = request.get_host()
           ^^^^^^^^^^^^^^^^^^
  File "/usr/share/nginx/toornoi/.venv/lib/python3.12/site-packages/django/http/request.py", line 151, in get_host
    raise DisallowedHost(msg)
django.core.exceptions.DisallowedHost: Invalid HTTP_HOST header: '15.188.23.39'. You may need to add '15.188.23.39' to ALLOWED_HOSTS.
Bad Request: /
[10/Feb/2025 12:13:05] "GET / HTTP/1.1" 400 65341
Invalid HTTP_HOST header: '15.188.23.39'. You may need to add '15.188.23.39' to ALLOWED_HOSTS.
Traceback (most recent call last):
  File "/usr/share/nginx/toornoi/.venv/lib/python3.12/site-packages/django/core/handlers/exception.py", line 55, in inner
    response = get_response(request)
               ^^^^^^^^^^^^^^^^^^^^^
  File "/usr/share/nginx/toornoi/.venv/lib/python3.12/site-packages/django/utils/deprecation.py", line 128, in __call__
    response = self.process_request(request)
               ^^^^^^^^^^^^^^^^^^^^^^^^^^^^^
  File "/usr/share/nginx/toornoi/.venv/lib/python3.12/site-packages/django/middleware/common.py", line 48, in process_request
    host = request.get_host()
           ^^^^^^^^^^^^^^^^^^
  File "/usr/share/nginx/toornoi/.venv/lib/python3.12/site-packages/django/http/request.py", line 151, in get_host
    raise DisallowedHost(msg)
django.core.exceptions.DisallowedHost: Invalid HTTP_HOST header: '15.188.23.39'. You may need to add '15.188.23.39' to ALLOWED_HOSTS.
Bad Request: /t4
[10/Feb/2025 12:13:06] "GET /t4 HTTP/1.1" 400 65019
Invalid HTTP_HOST header: '15.188.23.39'. You may need to add '15.188.23.39' to ALLOWED_HOSTS.
Traceback (most recent call last):
  File "/usr/share/nginx/toornoi/.venv/lib/python3.12/site-packages/django/core/handlers/exception.py", line 55, in inner
    response = get_response(request)
               ^^^^^^^^^^^^^^^^^^^^^
  File "/usr/share/nginx/toornoi/.venv/lib/python3.12/site-packages/django/utils/deprecation.py", line 128, in __call__
    response = self.process_request(request)
               ^^^^^^^^^^^^^^^^^^^^^^^^^^^^^
  File "/usr/share/nginx/toornoi/.venv/lib/python3.12/site-packages/django/middleware/common.py", line 48, in process_request
    host = request.get_host()
           ^^^^^^^^^^^^^^^^^^
  File "/usr/share/nginx/toornoi/.venv/lib/python3.12/site-packages/django/http/request.py", line 151, in get_host
    raise DisallowedHost(msg)
django.core.exceptions.DisallowedHost: Invalid HTTP_HOST header: '15.188.23.39'. You may need to add '15.188.23.39' to ALLOWED_HOSTS.
Bad Request: /favicon.ico
[10/Feb/2025 12:13:07] "GET /favicon.ico HTTP/1.1" 400 65350
Invalid HTTP_HOST header: '15.188.23.39'. You may need to add '15.188.23.39' to ALLOWED_HOSTS.
Traceback (most recent call last):
  File "/usr/share/nginx/toornoi/.venv/lib/python3.12/site-packages/django/core/handlers/exception.py", line 55, in inner
    response = get_response(request)
               ^^^^^^^^^^^^^^^^^^^^^
  File "/usr/share/nginx/toornoi/.venv/lib/python3.12/site-packages/django/utils/deprecation.py", line 128, in __call__
    response = self.process_request(request)
               ^^^^^^^^^^^^^^^^^^^^^^^^^^^^^
  File "/usr/share/nginx/toornoi/.venv/lib/python3.12/site-packages/django/middleware/common.py", line 48, in process_request
    host = request.get_host()
           ^^^^^^^^^^^^^^^^^^
  File "/usr/share/nginx/toornoi/.venv/lib/python3.12/site-packages/django/http/request.py", line 151, in get_host
    raise DisallowedHost(msg)
django.core.exceptions.DisallowedHost: Invalid HTTP_HOST header: '15.188.23.39'. You may need to add '15.188.23.39' to ALLOWED_HOSTS.
Bad Request: /
[10/Feb/2025 12:13:08] "GET / HTTP/1.1" 400 65655
Invalid HTTP_HOST header: '15.188.23.39'. You may need to add '15.188.23.39' to ALLOWED_HOSTS.
Traceback (most recent call last):
  File "/usr/share/nginx/toornoi/.venv/lib/python3.12/site-packages/django/core/handlers/exception.py", line 55, in inner
    response = get_response(request)
               ^^^^^^^^^^^^^^^^^^^^^
  File "/usr/share/nginx/toornoi/.venv/lib/python3.12/site-packages/django/utils/deprecation.py", line 128, in __call__
    response = self.process_request(request)
               ^^^^^^^^^^^^^^^^^^^^^^^^^^^^^
  File "/usr/share/nginx/toornoi/.venv/lib/python3.12/site-packages/django/middleware/common.py", line 48, in process_request
    host = request.get_host()
           ^^^^^^^^^^^^^^^^^^
  File "/usr/share/nginx/toornoi/.venv/lib/python3.12/site-packages/django/http/request.py", line 151, in get_host
    raise DisallowedHost(msg)
django.core.exceptions.DisallowedHost: Invalid HTTP_HOST header: '15.188.23.39'. You may need to add '15.188.23.39' to ALLOWED_HOSTS.
Bad Request: /teorema505
[10/Feb/2025 12:13:09] "GET /teorema505?t=1 HTTP/1.1" 400 65673
Invalid HTTP_HOST header: '15.188.23.39'. You may need to add '15.188.23.39' to ALLOWED_HOSTS.
Traceback (most recent call last):
  File "/usr/share/nginx/toornoi/.venv/lib/python3.12/site-packages/django/core/handlers/exception.py", line 55, in inner
    response = get_response(request)
               ^^^^^^^^^^^^^^^^^^^^^
  File "/usr/share/nginx/toornoi/.venv/lib/python3.12/site-packages/django/utils/deprecation.py", line 128, in __call__
    response = self.process_request(request)
               ^^^^^^^^^^^^^^^^^^^^^^^^^^^^^
  File "/usr/share/nginx/toornoi/.venv/lib/python3.12/site-packages/django/middleware/common.py", line 48, in process_request
    host = request.get_host()
           ^^^^^^^^^^^^^^^^^^
  File "/usr/share/nginx/toornoi/.venv/lib/python3.12/site-packages/django/http/request.py", line 151, in get_host
    raise DisallowedHost(msg)
django.core.exceptions.DisallowedHost: Invalid HTTP_HOST header: '15.188.23.39'. You may need to add '15.188.23.39' to ALLOWED_HOSTS.
Bad Request: /
[10/Feb/2025 12:32:49] "GET / HTTP/1.1" 400 65349
Invalid HTTP_HOST header: '15.188.23.39'. You may need to add '15.188.23.39' to ALLOWED_HOSTS.
Traceback (most recent call last):
  File "/usr/share/nginx/toornoi/.venv/lib/python3.12/site-packages/django/core/handlers/exception.py", line 55, in inner
    response = get_response(request)
               ^^^^^^^^^^^^^^^^^^^^^
  File "/usr/share/nginx/toornoi/.venv/lib/python3.12/site-packages/django/utils/deprecation.py", line 128, in __call__
    response = self.process_request(request)
               ^^^^^^^^^^^^^^^^^^^^^^^^^^^^^
  File "/usr/share/nginx/toornoi/.venv/lib/python3.12/site-packages/django/middleware/common.py", line 48, in process_request
    host = request.get_host()
           ^^^^^^^^^^^^^^^^^^
  File "/usr/share/nginx/toornoi/.venv/lib/python3.12/site-packages/django/http/request.py", line 151, in get_host
    raise DisallowedHost(msg)
django.core.exceptions.DisallowedHost: Invalid HTTP_HOST header: '15.188.23.39'. You may need to add '15.188.23.39' to ALLOWED_HOSTS.
Bad Request: /
[10/Feb/2025 12:51:52] "GET / HTTP/1.1" 400 65083
Invalid HTTP_HOST header: '15.188.23.39'. You may need to add '15.188.23.39' to ALLOWED_HOSTS.
Traceback (most recent call last):
  File "/usr/share/nginx/toornoi/.venv/lib/python3.12/site-packages/django/core/handlers/exception.py", line 55, in inner
    response = get_response(request)
               ^^^^^^^^^^^^^^^^^^^^^
  File "/usr/share/nginx/toornoi/.venv/lib/python3.12/site-packages/django/utils/deprecation.py", line 128, in __call__
    response = self.process_request(request)
               ^^^^^^^^^^^^^^^^^^^^^^^^^^^^^
  File "/usr/share/nginx/toornoi/.venv/lib/python3.12/site-packages/django/middleware/common.py", line 48, in process_request
    host = request.get_host()
           ^^^^^^^^^^^^^^^^^^
  File "/usr/share/nginx/toornoi/.venv/lib/python3.12/site-packages/django/http/request.py", line 151, in get_host
    raise DisallowedHost(msg)
django.core.exceptions.DisallowedHost: Invalid HTTP_HOST header: '15.188.23.39'. You may need to add '15.188.23.39' to ALLOWED_HOSTS.
Bad Request: /
[10/Feb/2025 14:00:41] "GET / HTTP/1.1" 400 65349
Invalid HTTP_HOST header: 'api.scrmchampion.com'. You may need to add 'api.scrmchampion.com' to ALLOWED_HOSTS.
Traceback (most recent call last):
  File "/usr/share/nginx/toornoi/.venv/lib/python3.12/site-packages/django/core/handlers/exception.py", line 55, in inner
    response = get_response(request)
               ^^^^^^^^^^^^^^^^^^^^^
  File "/usr/share/nginx/toornoi/.venv/lib/python3.12/site-packages/django/utils/deprecation.py", line 128, in __call__
    response = self.process_request(request)
               ^^^^^^^^^^^^^^^^^^^^^^^^^^^^^
  File "/usr/share/nginx/toornoi/.venv/lib/python3.12/site-packages/django/middleware/common.py", line 48, in process_request
    host = request.get_host()
           ^^^^^^^^^^^^^^^^^^
  File "/usr/share/nginx/toornoi/.venv/lib/python3.12/site-packages/django/http/request.py", line 151, in get_host
    raise DisallowedHost(msg)
django.core.exceptions.DisallowedHost: Invalid HTTP_HOST header: 'api.scrmchampion.com'. You may need to add 'api.scrmchampion.com' to ALLOWED_HOSTS.
Bad Request: /helper/notification
[10/Feb/2025 14:08:30] "GET /helper/notification HTTP/1.1" 400 65434
[10/Feb/2025 14:09:17] "OPTIONS /loge/register/ HTTP/1.1" 200 0
Bad Request: /loge/register/
[10/Feb/2025 14:09:17] "POST /loge/register/ HTTP/1.1" 400 64
[10/Feb/2025 14:09:28] "POST /loge/register/ HTTP/1.1" 201 57
Invalid HTTP_HOST header: 'api.scrmchampion.com'. You may need to add 'api.scrmchampion.com' to ALLOWED_HOSTS.
Traceback (most recent call last):
  File "/usr/share/nginx/toornoi/.venv/lib/python3.12/site-packages/django/core/handlers/exception.py", line 55, in inner
    response = get_response(request)
               ^^^^^^^^^^^^^^^^^^^^^
  File "/usr/share/nginx/toornoi/.venv/lib/python3.12/site-packages/django/utils/deprecation.py", line 128, in __call__
    response = self.process_request(request)
               ^^^^^^^^^^^^^^^^^^^^^^^^^^^^^
  File "/usr/share/nginx/toornoi/.venv/lib/python3.12/site-packages/django/middleware/common.py", line 48, in process_request
    host = request.get_host()
           ^^^^^^^^^^^^^^^^^^
  File "/usr/share/nginx/toornoi/.venv/lib/python3.12/site-packages/django/http/request.py", line 151, in get_host
    raise DisallowedHost(msg)
django.core.exceptions.DisallowedHost: Invalid HTTP_HOST header: 'api.scrmchampion.com'. You may need to add 'api.scrmchampion.com' to ALLOWED_HOSTS.
Bad Request: /helper/notification
[10/Feb/2025 14:33:54] "GET /helper/notification HTTP/1.1" 400 65444
Invalid HTTP_HOST header: '15.188.23.39'. You may need to add '15.188.23.39' to ALLOWED_HOSTS.
Traceback (most recent call last):
  File "/usr/share/nginx/toornoi/.venv/lib/python3.12/site-packages/django/core/handlers/exception.py", line 55, in inner
    response = get_response(request)
               ^^^^^^^^^^^^^^^^^^^^^
  File "/usr/share/nginx/toornoi/.venv/lib/python3.12/site-packages/django/utils/deprecation.py", line 128, in __call__
    response = self.process_request(request)
               ^^^^^^^^^^^^^^^^^^^^^^^^^^^^^
  File "/usr/share/nginx/toornoi/.venv/lib/python3.12/site-packages/django/middleware/common.py", line 48, in process_request
    host = request.get_host()
           ^^^^^^^^^^^^^^^^^^
  File "/usr/share/nginx/toornoi/.venv/lib/python3.12/site-packages/django/http/request.py", line 151, in get_host
    raise DisallowedHost(msg)
django.core.exceptions.DisallowedHost: Invalid HTTP_HOST header: '15.188.23.39'. You may need to add '15.188.23.39' to ALLOWED_HOSTS.
Bad Request: /
[10/Feb/2025 15:12:11] "GET / HTTP/1.1" 400 65235
Invalid HTTP_HOST header: '15.188.23.39'. You may need to add '15.188.23.39' to ALLOWED_HOSTS.
Traceback (most recent call last):
  File "/usr/share/nginx/toornoi/.venv/lib/python3.12/site-packages/django/core/handlers/exception.py", line 55, in inner
    response = get_response(request)
               ^^^^^^^^^^^^^^^^^^^^^
  File "/usr/share/nginx/toornoi/.venv/lib/python3.12/site-packages/django/utils/deprecation.py", line 128, in __call__
    response = self.process_request(request)
               ^^^^^^^^^^^^^^^^^^^^^^^^^^^^^
  File "/usr/share/nginx/toornoi/.venv/lib/python3.12/site-packages/django/middleware/common.py", line 48, in process_request
    host = request.get_host()
           ^^^^^^^^^^^^^^^^^^
  File "/usr/share/nginx/toornoi/.venv/lib/python3.12/site-packages/django/http/request.py", line 151, in get_host
    raise DisallowedHost(msg)
django.core.exceptions.DisallowedHost: Invalid HTTP_HOST header: '15.188.23.39'. You may need to add '15.188.23.39' to ALLOWED_HOSTS.
Bad Request: /
[10/Feb/2025 16:26:04] "GET / HTTP/1.1" 400 65369
Invalid HTTP_HOST header: '15.188.23.39'. You may need to add '15.188.23.39' to ALLOWED_HOSTS.
Traceback (most recent call last):
  File "/usr/share/nginx/toornoi/.venv/lib/python3.12/site-packages/django/core/handlers/exception.py", line 55, in inner
    response = get_response(request)
               ^^^^^^^^^^^^^^^^^^^^^
  File "/usr/share/nginx/toornoi/.venv/lib/python3.12/site-packages/django/utils/deprecation.py", line 128, in __call__
    response = self.process_request(request)
               ^^^^^^^^^^^^^^^^^^^^^^^^^^^^^
  File "/usr/share/nginx/toornoi/.venv/lib/python3.12/site-packages/django/middleware/common.py", line 48, in process_request
    host = request.get_host()
           ^^^^^^^^^^^^^^^^^^
  File "/usr/share/nginx/toornoi/.venv/lib/python3.12/site-packages/django/http/request.py", line 151, in get_host
    raise DisallowedHost(msg)
django.core.exceptions.DisallowedHost: Invalid HTTP_HOST header: '15.188.23.39'. You may need to add '15.188.23.39' to ALLOWED_HOSTS.
Bad Request: /Public/home/js/check.js
[10/Feb/2025 16:26:05] "GET /Public/home/js/check.js HTTP/1.1" 400 65510
Traceback (most recent call last):
  File "/usr/share/nginx/toornoi/.venv/lib/python3.12/site-packages/django/contrib/staticfiles/handlers.py", line 54, in get_response
    return self.serve(request)
           ^^^^^^^^^^^^^^^^^^^
  File "/usr/share/nginx/toornoi/.venv/lib/python3.12/site-packages/django/contrib/staticfiles/handlers.py", line 50, in serve
    return serve(request, self.file_path(request.path), insecure=True)
           ^^^^^^^^^^^^^^^^^^^^^^^^^^^^^^^^^^^^^^^^^^^^^^^^^^^^^^^^^^^
  File "/usr/share/nginx/toornoi/.venv/lib/python3.12/site-packages/django/contrib/staticfiles/views.py", line 38, in serve
    raise Http404("'%s' could not be found" % path)
django.http.response.Http404: 'admin/javascript/hetong.js' could not be found

During handling of the above exception, another exception occurred:

Traceback (most recent call last):
  File "/usr/lib/python3.12/wsgiref/handlers.py", line 137, in run
    self.result = application(self.environ, self.start_response)
                  ^^^^^^^^^^^^^^^^^^^^^^^^^^^^^^^^^^^^^^^^^^^^^^
  File "/usr/share/nginx/toornoi/.venv/lib/python3.12/site-packages/django/contrib/staticfiles/handlers.py", line 81, in __call__
    return super().__call__(environ, start_response)
           ^^^^^^^^^^^^^^^^^^^^^^^^^^^^^^^^^^^^^^^^^
  File "/usr/share/nginx/toornoi/.venv/lib/python3.12/site-packages/django/core/handlers/wsgi.py", line 124, in __call__
    response = self.get_response(request)
               ^^^^^^^^^^^^^^^^^^^^^^^^^^
  File "/usr/share/nginx/toornoi/.venv/lib/python3.12/site-packages/django/contrib/staticfiles/handlers.py", line 56, in get_response
    return response_for_exception(request, e)
           ^^^^^^^^^^^^^^^^^^^^^^^^^^^^^^^^^^
  File "/usr/share/nginx/toornoi/.venv/lib/python3.12/site-packages/django/core/handlers/exception.py", line 66, in response_for_exception
    response = debug.technical_404_response(request, exc)
               ^^^^^^^^^^^^^^^^^^^^^^^^^^^^^^^^^^^^^^^^^^
  File "/usr/share/nginx/toornoi/.venv/lib/python3.12/site-packages/django/views/debug.py", line 652, in technical_404_response
    return HttpResponseNotFound(t.render(c))
                                ^^^^^^^^^^^
  File "/usr/share/nginx/toornoi/.venv/lib/python3.12/site-packages/django/template/base.py", line 171, in render
    return self._render(context)
           ^^^^^^^^^^^^^^^^^^^^^
  File "/usr/share/nginx/toornoi/.venv/lib/python3.12/site-packages/django/template/base.py", line 163, in _render
    return self.nodelist.render(context)
           ^^^^^^^^^^^^^^^^^^^^^^^^^^^^^
  File "/usr/share/nginx/toornoi/.venv/lib/python3.12/site-packages/django/template/base.py", line 1008, in render
    return SafeString("".join([node.render_annotated(context) for node in self]))
                               ^^^^^^^^^^^^^^^^^^^^^^^^^^^^^^
  File "/usr/share/nginx/toornoi/.venv/lib/python3.12/site-packages/django/template/base.py", line 969, in render_annotated
    return self.render(context)
           ^^^^^^^^^^^^^^^^^^^^
  File "/usr/share/nginx/toornoi/.venv/lib/python3.12/site-packages/django/template/base.py", line 1067, in render
    output = self.filter_expression.resolve(context)
             ^^^^^^^^^^^^^^^^^^^^^^^^^^^^^^^^^^^^^^^
  File "/usr/share/nginx/toornoi/.venv/lib/python3.12/site-packages/django/template/base.py", line 718, in resolve
    obj = self.var.resolve(context)
          ^^^^^^^^^^^^^^^^^^^^^^^^^
  File "/usr/share/nginx/toornoi/.venv/lib/python3.12/site-packages/django/template/base.py", line 850, in resolve
    value = self._resolve_lookup(context)
            ^^^^^^^^^^^^^^^^^^^^^^^^^^^^^
  File "/usr/share/nginx/toornoi/.venv/lib/python3.12/site-packages/django/template/base.py", line 917, in _resolve_lookup
    current = current()
              ^^^^^^^^^
  File "/usr/share/nginx/toornoi/.venv/lib/python3.12/site-packages/django/http/request.py", line 235, in build_absolute_uri
    location = self._current_scheme_host + location.removeprefix("//")
               ^^^^^^^^^^^^^^^^^^^^^^^^^
  File "/usr/share/nginx/toornoi/.venv/lib/python3.12/site-packages/django/utils/functional.py", line 47, in __get__
    res = instance.__dict__[self.name] = self.func(instance)
                                         ^^^^^^^^^^^^^^^^^^^
  File "/usr/share/nginx/toornoi/.venv/lib/python3.12/site-packages/django/http/request.py", line 245, in _current_scheme_host
    return "{}://{}".format(self.scheme, self.get_host())
                                         ^^^^^^^^^^^^^^^
  File "/usr/share/nginx/toornoi/.venv/lib/python3.12/site-packages/django/http/request.py", line 151, in get_host
    raise DisallowedHost(msg)
django.core.exceptions.DisallowedHost: Invalid HTTP_HOST header: '15.188.23.39'. You may need to add '15.188.23.39' to ALLOWED_HOSTS.
[10/Feb/2025 16:26:08] "GET /static/admin/javascript/hetong.js HTTP/1.1" 500 59
Invalid HTTP_HOST header: '15.188.23.39'. You may need to add '15.188.23.39' to ALLOWED_HOSTS.
Traceback (most recent call last):
  File "/usr/share/nginx/toornoi/.venv/lib/python3.12/site-packages/django/core/handlers/exception.py", line 55, in inner
    response = get_response(request)
               ^^^^^^^^^^^^^^^^^^^^^
  File "/usr/share/nginx/toornoi/.venv/lib/python3.12/site-packages/django/utils/deprecation.py", line 128, in __call__
    response = self.process_request(request)
               ^^^^^^^^^^^^^^^^^^^^^^^^^^^^^
  File "/usr/share/nginx/toornoi/.venv/lib/python3.12/site-packages/django/middleware/common.py", line 48, in process_request
    host = request.get_host()
           ^^^^^^^^^^^^^^^^^^
  File "/usr/share/nginx/toornoi/.venv/lib/python3.12/site-packages/django/http/request.py", line 151, in get_host
    raise DisallowedHost(msg)
django.core.exceptions.DisallowedHost: Invalid HTTP_HOST header: '15.188.23.39'. You may need to add '15.188.23.39' to ALLOWED_HOSTS.
Bad Request: /
[10/Feb/2025 17:08:18] "GET / HTTP/1.1" 400 65369
Invalid HTTP_HOST header: '15.188.23.39'. You may need to add '15.188.23.39' to ALLOWED_HOSTS.
Traceback (most recent call last):
  File "/usr/share/nginx/toornoi/.venv/lib/python3.12/site-packages/django/core/handlers/exception.py", line 55, in inner
    response = get_response(request)
               ^^^^^^^^^^^^^^^^^^^^^
  File "/usr/share/nginx/toornoi/.venv/lib/python3.12/site-packages/django/utils/deprecation.py", line 128, in __call__
    response = self.process_request(request)
               ^^^^^^^^^^^^^^^^^^^^^^^^^^^^^
  File "/usr/share/nginx/toornoi/.venv/lib/python3.12/site-packages/django/middleware/common.py", line 48, in process_request
    host = request.get_host()
           ^^^^^^^^^^^^^^^^^^
  File "/usr/share/nginx/toornoi/.venv/lib/python3.12/site-packages/django/http/request.py", line 151, in get_host
    raise DisallowedHost(msg)
django.core.exceptions.DisallowedHost: Invalid HTTP_HOST header: '15.188.23.39'. You may need to add '15.188.23.39' to ALLOWED_HOSTS.
Bad Request: /.env
[10/Feb/2025 17:29:57] "GET /.env HTTP/1.1" 400 65404
Invalid HTTP_HOST header: '15.188.23.39'. You may need to add '15.188.23.39' to ALLOWED_HOSTS.
Traceback (most recent call last):
  File "/usr/share/nginx/toornoi/.venv/lib/python3.12/site-packages/django/core/handlers/exception.py", line 55, in inner
    response = get_response(request)
               ^^^^^^^^^^^^^^^^^^^^^
  File "/usr/share/nginx/toornoi/.venv/lib/python3.12/site-packages/django/utils/deprecation.py", line 128, in __call__
    response = self.process_request(request)
               ^^^^^^^^^^^^^^^^^^^^^^^^^^^^^
  File "/usr/share/nginx/toornoi/.venv/lib/python3.12/site-packages/django/middleware/common.py", line 48, in process_request
    host = request.get_host()
           ^^^^^^^^^^^^^^^^^^
  File "/usr/share/nginx/toornoi/.venv/lib/python3.12/site-packages/django/http/request.py", line 151, in get_host
    raise DisallowedHost(msg)
django.core.exceptions.DisallowedHost: Invalid HTTP_HOST header: '15.188.23.39'. You may need to add '15.188.23.39' to ALLOWED_HOSTS.
Bad Request: /
[10/Feb/2025 17:49:41] "GET / HTTP/1.1" 400 64857
Invalid HTTP_HOST header: '15.188.23.39'. You may need to add '15.188.23.39' to ALLOWED_HOSTS.
Traceback (most recent call last):
  File "/usr/share/nginx/toornoi/.venv/lib/python3.12/site-packages/django/core/handlers/exception.py", line 55, in inner
    response = get_response(request)
               ^^^^^^^^^^^^^^^^^^^^^
  File "/usr/share/nginx/toornoi/.venv/lib/python3.12/site-packages/django/utils/deprecation.py", line 128, in __call__
    response = self.process_request(request)
               ^^^^^^^^^^^^^^^^^^^^^^^^^^^^^
  File "/usr/share/nginx/toornoi/.venv/lib/python3.12/site-packages/django/middleware/common.py", line 48, in process_request
    host = request.get_host()
           ^^^^^^^^^^^^^^^^^^
  File "/usr/share/nginx/toornoi/.venv/lib/python3.12/site-packages/django/http/request.py", line 151, in get_host
    raise DisallowedHost(msg)
django.core.exceptions.DisallowedHost: Invalid HTTP_HOST header: '15.188.23.39'. You may need to add '15.188.23.39' to ALLOWED_HOSTS.
Bad Request: /admin/.git/config
[10/Feb/2025 17:49:41] "GET /admin/.git/config HTTP/1.1" 400 65187
Invalid HTTP_HOST header: '15.188.23.39'. You may need to add '15.188.23.39' to ALLOWED_HOSTS.
Traceback (most recent call last):
  File "/usr/share/nginx/toornoi/.venv/lib/python3.12/site-packages/django/core/handlers/exception.py", line 55, in inner
    response = get_response(request)
               ^^^^^^^^^^^^^^^^^^^^^
  File "/usr/share/nginx/toornoi/.venv/lib/python3.12/site-packages/django/utils/deprecation.py", line 128, in __call__
    response = self.process_request(request)
               ^^^^^^^^^^^^^^^^^^^^^^^^^^^^^
  File "/usr/share/nginx/toornoi/.venv/lib/python3.12/site-packages/django/middleware/common.py", line 48, in process_request
    host = request.get_host()
           ^^^^^^^^^^^^^^^^^^
  File "/usr/share/nginx/toornoi/.venv/lib/python3.12/site-packages/django/http/request.py", line 151, in get_host
    raise DisallowedHost(msg)
django.core.exceptions.DisallowedHost: Invalid HTTP_HOST header: '15.188.23.39'. You may need to add '15.188.23.39' to ALLOWED_HOSTS.
Bad Request: /.env
[10/Feb/2025 17:49:41] "GET /.env HTTP/1.1" 400 65037
Invalid HTTP_HOST header: '15.188.23.39'. You may need to add '15.188.23.39' to ALLOWED_HOSTS.
Traceback (most recent call last):
  File "/usr/share/nginx/toornoi/.venv/lib/python3.12/site-packages/django/core/handlers/exception.py", line 55, in inner
    response = get_response(request)
               ^^^^^^^^^^^^^^^^^^^^^
  File "/usr/share/nginx/toornoi/.venv/lib/python3.12/site-packages/django/utils/deprecation.py", line 128, in __call__
    response = self.process_request(request)
               ^^^^^^^^^^^^^^^^^^^^^^^^^^^^^
  File "/usr/share/nginx/toornoi/.venv/lib/python3.12/site-packages/django/middleware/common.py", line 48, in process_request
    host = request.get_host()
           ^^^^^^^^^^^^^^^^^^
  File "/usr/share/nginx/toornoi/.venv/lib/python3.12/site-packages/django/http/request.py", line 151, in get_host
    raise DisallowedHost(msg)
django.core.exceptions.DisallowedHost: Invalid HTTP_HOST header: '15.188.23.39'. You may need to add '15.188.23.39' to ALLOWED_HOSTS.
Bad Request: /.env.staging.local
[10/Feb/2025 17:49:41] "GET /.env.staging.local HTTP/1.1" 400 65079
Invalid HTTP_HOST header: '15.188.23.39'. You may need to add '15.188.23.39' to ALLOWED_HOSTS.
Traceback (most recent call last):
  File "/usr/share/nginx/toornoi/.venv/lib/python3.12/site-packages/django/core/handlers/exception.py", line 55, in inner
    response = get_response(request)
               ^^^^^^^^^^^^^^^^^^^^^
  File "/usr/share/nginx/toornoi/.venv/lib/python3.12/site-packages/django/utils/deprecation.py", line 128, in __call__
    response = self.process_request(request)
               ^^^^^^^^^^^^^^^^^^^^^^^^^^^^^
  File "/usr/share/nginx/toornoi/.venv/lib/python3.12/site-packages/django/middleware/common.py", line 48, in process_request
    host = request.get_host()
           ^^^^^^^^^^^^^^^^^^
  File "/usr/share/nginx/toornoi/.venv/lib/python3.12/site-packages/django/http/request.py", line 151, in get_host
    raise DisallowedHost(msg)
django.core.exceptions.DisallowedHost: Invalid HTTP_HOST header: '15.188.23.39'. You may need to add '15.188.23.39' to ALLOWED_HOSTS.
Bad Request: /.env.default
[10/Feb/2025 17:49:42] "GET /.env.default HTTP/1.1" 400 65013
Invalid HTTP_HOST header: '15.188.23.39'. You may need to add '15.188.23.39' to ALLOWED_HOSTS.
Traceback (most recent call last):
  File "/usr/share/nginx/toornoi/.venv/lib/python3.12/site-packages/django/core/handlers/exception.py", line 55, in inner
    response = get_response(request)
               ^^^^^^^^^^^^^^^^^^^^^
  File "/usr/share/nginx/toornoi/.venv/lib/python3.12/site-packages/django/utils/deprecation.py", line 128, in __call__
    response = self.process_request(request)
               ^^^^^^^^^^^^^^^^^^^^^^^^^^^^^
  File "/usr/share/nginx/toornoi/.venv/lib/python3.12/site-packages/django/middleware/common.py", line 48, in process_request
    host = request.get_host()
           ^^^^^^^^^^^^^^^^^^
  File "/usr/share/nginx/toornoi/.venv/lib/python3.12/site-packages/django/http/request.py", line 151, in get_host
    raise DisallowedHost(msg)
django.core.exceptions.DisallowedHost: Invalid HTTP_HOST header: '15.188.23.39'. You may need to add '15.188.23.39' to ALLOWED_HOSTS.
Bad Request: /ab2g
[10/Feb/2025 17:50:26] "GET /ab2g HTTP/1.1" 400 65061
Invalid HTTP_HOST header: '15.188.23.39'. You may need to add '15.188.23.39' to ALLOWED_HOSTS.
Traceback (most recent call last):
  File "/usr/share/nginx/toornoi/.venv/lib/python3.12/site-packages/django/core/handlers/exception.py", line 55, in inner
    response = get_response(request)
               ^^^^^^^^^^^^^^^^^^^^^
  File "/usr/share/nginx/toornoi/.venv/lib/python3.12/site-packages/django/utils/deprecation.py", line 128, in __call__
    response = self.process_request(request)
               ^^^^^^^^^^^^^^^^^^^^^^^^^^^^^
  File "/usr/share/nginx/toornoi/.venv/lib/python3.12/site-packages/django/middleware/common.py", line 48, in process_request
    host = request.get_host()
           ^^^^^^^^^^^^^^^^^^
  File "/usr/share/nginx/toornoi/.venv/lib/python3.12/site-packages/django/http/request.py", line 151, in get_host
    raise DisallowedHost(msg)
django.core.exceptions.DisallowedHost: Invalid HTTP_HOST header: '15.188.23.39'. You may need to add '15.188.23.39' to ALLOWED_HOSTS.
Bad Request: /ab2h
[10/Feb/2025 17:50:26] "GET /ab2h HTTP/1.1" 400 65061
Invalid HTTP_HOST header: '15.188.23.39'. You may need to add '15.188.23.39' to ALLOWED_HOSTS.
Traceback (most recent call last):
  File "/usr/share/nginx/toornoi/.venv/lib/python3.12/site-packages/django/core/handlers/exception.py", line 55, in inner
    response = get_response(request)
               ^^^^^^^^^^^^^^^^^^^^^
  File "/usr/share/nginx/toornoi/.venv/lib/python3.12/site-packages/django/utils/deprecation.py", line 128, in __call__
    response = self.process_request(request)
               ^^^^^^^^^^^^^^^^^^^^^^^^^^^^^
  File "/usr/share/nginx/toornoi/.venv/lib/python3.12/site-packages/django/middleware/common.py", line 48, in process_request
    host = request.get_host()
           ^^^^^^^^^^^^^^^^^^
  File "/usr/share/nginx/toornoi/.venv/lib/python3.12/site-packages/django/http/request.py", line 151, in get_host
    raise DisallowedHost(msg)
django.core.exceptions.DisallowedHost: Invalid HTTP_HOST header: '15.188.23.39'. You may need to add '15.188.23.39' to ALLOWED_HOSTS.
Bad Request: /alive.php
[10/Feb/2025 17:50:27] "GET /alive.php HTTP/1.1" 400 65328
Invalid HTTP_HOST header: '15.188.23.39'. You may need to add '15.188.23.39' to ALLOWED_HOSTS.
Traceback (most recent call last):
  File "/usr/share/nginx/toornoi/.venv/lib/python3.12/site-packages/django/core/handlers/exception.py", line 55, in inner
    response = get_response(request)
               ^^^^^^^^^^^^^^^^^^^^^
  File "/usr/share/nginx/toornoi/.venv/lib/python3.12/site-packages/django/utils/deprecation.py", line 128, in __call__
    response = self.process_request(request)
               ^^^^^^^^^^^^^^^^^^^^^^^^^^^^^
  File "/usr/share/nginx/toornoi/.venv/lib/python3.12/site-packages/django/middleware/common.py", line 48, in process_request
    host = request.get_host()
           ^^^^^^^^^^^^^^^^^^
  File "/usr/share/nginx/toornoi/.venv/lib/python3.12/site-packages/django/http/request.py", line 151, in get_host
    raise DisallowedHost(msg)
django.core.exceptions.DisallowedHost: Invalid HTTP_HOST header: '15.188.23.39'. You may need to add '15.188.23.39' to ALLOWED_HOSTS.
Bad Request: /
[10/Feb/2025 17:50:29] "GET / HTTP/1.1" 400 65341
Invalid HTTP_HOST header: '15.188.23.39'. You may need to add '15.188.23.39' to ALLOWED_HOSTS.
Traceback (most recent call last):
  File "/usr/share/nginx/toornoi/.venv/lib/python3.12/site-packages/django/core/handlers/exception.py", line 55, in inner
    response = get_response(request)
               ^^^^^^^^^^^^^^^^^^^^^
  File "/usr/share/nginx/toornoi/.venv/lib/python3.12/site-packages/django/utils/deprecation.py", line 128, in __call__
    response = self.process_request(request)
               ^^^^^^^^^^^^^^^^^^^^^^^^^^^^^
  File "/usr/share/nginx/toornoi/.venv/lib/python3.12/site-packages/django/middleware/common.py", line 48, in process_request
    host = request.get_host()
           ^^^^^^^^^^^^^^^^^^
  File "/usr/share/nginx/toornoi/.venv/lib/python3.12/site-packages/django/http/request.py", line 151, in get_host
    raise DisallowedHost(msg)
django.core.exceptions.DisallowedHost: Invalid HTTP_HOST header: '15.188.23.39'. You may need to add '15.188.23.39' to ALLOWED_HOSTS.
Bad Request: /t4
[10/Feb/2025 17:50:30] "GET /t4 HTTP/1.1" 400 65019
Invalid HTTP_HOST header: '15.188.23.39'. You may need to add '15.188.23.39' to ALLOWED_HOSTS.
Traceback (most recent call last):
  File "/usr/share/nginx/toornoi/.venv/lib/python3.12/site-packages/django/core/handlers/exception.py", line 55, in inner
    response = get_response(request)
               ^^^^^^^^^^^^^^^^^^^^^
  File "/usr/share/nginx/toornoi/.venv/lib/python3.12/site-packages/django/utils/deprecation.py", line 128, in __call__
    response = self.process_request(request)
               ^^^^^^^^^^^^^^^^^^^^^^^^^^^^^
  File "/usr/share/nginx/toornoi/.venv/lib/python3.12/site-packages/django/middleware/common.py", line 48, in process_request
    host = request.get_host()
           ^^^^^^^^^^^^^^^^^^
  File "/usr/share/nginx/toornoi/.venv/lib/python3.12/site-packages/django/http/request.py", line 151, in get_host
    raise DisallowedHost(msg)
django.core.exceptions.DisallowedHost: Invalid HTTP_HOST header: '15.188.23.39'. You may need to add '15.188.23.39' to ALLOWED_HOSTS.
Bad Request: /favicon.ico
[10/Feb/2025 17:50:31] "GET /favicon.ico HTTP/1.1" 400 65350
Invalid HTTP_HOST header: '15.188.23.39'. You may need to add '15.188.23.39' to ALLOWED_HOSTS.
Traceback (most recent call last):
  File "/usr/share/nginx/toornoi/.venv/lib/python3.12/site-packages/django/core/handlers/exception.py", line 55, in inner
    response = get_response(request)
               ^^^^^^^^^^^^^^^^^^^^^
  File "/usr/share/nginx/toornoi/.venv/lib/python3.12/site-packages/django/utils/deprecation.py", line 128, in __call__
    response = self.process_request(request)
               ^^^^^^^^^^^^^^^^^^^^^^^^^^^^^
  File "/usr/share/nginx/toornoi/.venv/lib/python3.12/site-packages/django/middleware/common.py", line 48, in process_request
    host = request.get_host()
           ^^^^^^^^^^^^^^^^^^
  File "/usr/share/nginx/toornoi/.venv/lib/python3.12/site-packages/django/http/request.py", line 151, in get_host
    raise DisallowedHost(msg)
django.core.exceptions.DisallowedHost: Invalid HTTP_HOST header: '15.188.23.39'. You may need to add '15.188.23.39' to ALLOWED_HOSTS.
Bad Request: /
[10/Feb/2025 17:50:31] "GET / HTTP/1.1" 400 65655
Invalid HTTP_HOST header: '15.188.23.39'. You may need to add '15.188.23.39' to ALLOWED_HOSTS.
Traceback (most recent call last):
  File "/usr/share/nginx/toornoi/.venv/lib/python3.12/site-packages/django/core/handlers/exception.py", line 55, in inner
    response = get_response(request)
               ^^^^^^^^^^^^^^^^^^^^^
  File "/usr/share/nginx/toornoi/.venv/lib/python3.12/site-packages/django/utils/deprecation.py", line 128, in __call__
    response = self.process_request(request)
               ^^^^^^^^^^^^^^^^^^^^^^^^^^^^^
  File "/usr/share/nginx/toornoi/.venv/lib/python3.12/site-packages/django/middleware/common.py", line 48, in process_request
    host = request.get_host()
           ^^^^^^^^^^^^^^^^^^
  File "/usr/share/nginx/toornoi/.venv/lib/python3.12/site-packages/django/http/request.py", line 151, in get_host
    raise DisallowedHost(msg)
django.core.exceptions.DisallowedHost: Invalid HTTP_HOST header: '15.188.23.39'. You may need to add '15.188.23.39' to ALLOWED_HOSTS.
Bad Request: /teorema505
[10/Feb/2025 17:50:32] "GET /teorema505?t=1 HTTP/1.1" 400 65673
Invalid HTTP_HOST header: 'www.15-188-23-39.cprapid.com'. You may need to add 'www.15-188-23-39.cprapid.com' to ALLOWED_HOSTS.
Traceback (most recent call last):
  File "/usr/share/nginx/toornoi/.venv/lib/python3.12/site-packages/django/core/handlers/exception.py", line 55, in inner
    response = get_response(request)
               ^^^^^^^^^^^^^^^^^^^^^
  File "/usr/share/nginx/toornoi/.venv/lib/python3.12/site-packages/django/utils/deprecation.py", line 128, in __call__
    response = self.process_request(request)
               ^^^^^^^^^^^^^^^^^^^^^^^^^^^^^
  File "/usr/share/nginx/toornoi/.venv/lib/python3.12/site-packages/django/middleware/common.py", line 48, in process_request
    host = request.get_host()
           ^^^^^^^^^^^^^^^^^^
  File "/usr/share/nginx/toornoi/.venv/lib/python3.12/site-packages/django/http/request.py", line 151, in get_host
    raise DisallowedHost(msg)
django.core.exceptions.DisallowedHost: Invalid HTTP_HOST header: 'www.15-188-23-39.cprapid.com'. You may need to add 'www.15-188-23-39.cprapid.com' to ALLOWED_HOSTS.
Bad Request: /
[10/Feb/2025 18:19:56] "GET / HTTP/1.1" 400 65595
Invalid HTTP_HOST header: '15.188.23.39'. You may need to add '15.188.23.39' to ALLOWED_HOSTS.
Traceback (most recent call last):
  File "/usr/share/nginx/toornoi/.venv/lib/python3.12/site-packages/django/core/handlers/exception.py", line 55, in inner
    response = get_response(request)
               ^^^^^^^^^^^^^^^^^^^^^
  File "/usr/share/nginx/toornoi/.venv/lib/python3.12/site-packages/django/utils/deprecation.py", line 128, in __call__
    response = self.process_request(request)
               ^^^^^^^^^^^^^^^^^^^^^^^^^^^^^
  File "/usr/share/nginx/toornoi/.venv/lib/python3.12/site-packages/django/middleware/common.py", line 48, in process_request
    host = request.get_host()
           ^^^^^^^^^^^^^^^^^^
  File "/usr/share/nginx/toornoi/.venv/lib/python3.12/site-packages/django/http/request.py", line 151, in get_host
    raise DisallowedHost(msg)
django.core.exceptions.DisallowedHost: Invalid HTTP_HOST header: '15.188.23.39'. You may need to add '15.188.23.39' to ALLOWED_HOSTS.
Bad Request: /
[10/Feb/2025 18:54:12] "GET / HTTP/1.1" 400 64696
Invalid HTTP_HOST header: '15.188.23.39'. You may need to add '15.188.23.39' to ALLOWED_HOSTS.
Traceback (most recent call last):
  File "/usr/share/nginx/toornoi/.venv/lib/python3.12/site-packages/django/core/handlers/exception.py", line 55, in inner
    response = get_response(request)
               ^^^^^^^^^^^^^^^^^^^^^
  File "/usr/share/nginx/toornoi/.venv/lib/python3.12/site-packages/django/utils/deprecation.py", line 128, in __call__
    response = self.process_request(request)
               ^^^^^^^^^^^^^^^^^^^^^^^^^^^^^
  File "/usr/share/nginx/toornoi/.venv/lib/python3.12/site-packages/django/middleware/common.py", line 48, in process_request
    host = request.get_host()
           ^^^^^^^^^^^^^^^^^^
  File "/usr/share/nginx/toornoi/.venv/lib/python3.12/site-packages/django/http/request.py", line 151, in get_host
    raise DisallowedHost(msg)
django.core.exceptions.DisallowedHost: Invalid HTTP_HOST header: '15.188.23.39'. You may need to add '15.188.23.39' to ALLOWED_HOSTS.
Bad Request: /
[10/Feb/2025 18:54:20] "GET / HTTP/1.1" 400 65227
Invalid HTTP_HOST header: '15.188.23.39'. You may need to add '15.188.23.39' to ALLOWED_HOSTS.
Traceback (most recent call last):
  File "/usr/share/nginx/toornoi/.venv/lib/python3.12/site-packages/django/core/handlers/exception.py", line 55, in inner
    response = get_response(request)
               ^^^^^^^^^^^^^^^^^^^^^
  File "/usr/share/nginx/toornoi/.venv/lib/python3.12/site-packages/django/utils/deprecation.py", line 128, in __call__
    response = self.process_request(request)
               ^^^^^^^^^^^^^^^^^^^^^^^^^^^^^
  File "/usr/share/nginx/toornoi/.venv/lib/python3.12/site-packages/django/middleware/common.py", line 48, in process_request
    host = request.get_host()
           ^^^^^^^^^^^^^^^^^^
  File "/usr/share/nginx/toornoi/.venv/lib/python3.12/site-packages/django/http/request.py", line 151, in get_host
    raise DisallowedHost(msg)
django.core.exceptions.DisallowedHost: Invalid HTTP_HOST header: '15.188.23.39'. You may need to add '15.188.23.39' to ALLOWED_HOSTS.
Bad Request: /
[10/Feb/2025 20:53:35] "GET / HTTP/1.1" 400 65337
Invalid HTTP_HOST header: '15.188.23.39'. You may need to add '15.188.23.39' to ALLOWED_HOSTS.
Traceback (most recent call last):
  File "/usr/share/nginx/toornoi/.venv/lib/python3.12/site-packages/django/core/handlers/exception.py", line 55, in inner
    response = get_response(request)
               ^^^^^^^^^^^^^^^^^^^^^
  File "/usr/share/nginx/toornoi/.venv/lib/python3.12/site-packages/django/utils/deprecation.py", line 128, in __call__
    response = self.process_request(request)
               ^^^^^^^^^^^^^^^^^^^^^^^^^^^^^
  File "/usr/share/nginx/toornoi/.venv/lib/python3.12/site-packages/django/middleware/common.py", line 48, in process_request
    host = request.get_host()
           ^^^^^^^^^^^^^^^^^^
  File "/usr/share/nginx/toornoi/.venv/lib/python3.12/site-packages/django/http/request.py", line 151, in get_host
    raise DisallowedHost(msg)
django.core.exceptions.DisallowedHost: Invalid HTTP_HOST header: '15.188.23.39'. You may need to add '15.188.23.39' to ALLOWED_HOSTS.
Bad Request: /favicon.ico
[10/Feb/2025 20:53:36] "GET /favicon.ico HTTP/1.1" 400 65346
Not Found: /.env
[10/Feb/2025 21:06:30] "GET /.env HTTP/1.1" 404 23
Invalid HTTP_HOST header: '15.188.23.39'. You may need to add '15.188.23.39' to ALLOWED_HOSTS.
Traceback (most recent call last):
  File "/usr/share/nginx/toornoi/.venv/lib/python3.12/site-packages/django/core/handlers/exception.py", line 55, in inner
    response = get_response(request)
               ^^^^^^^^^^^^^^^^^^^^^
  File "/usr/share/nginx/toornoi/.venv/lib/python3.12/site-packages/django/utils/deprecation.py", line 128, in __call__
    response = self.process_request(request)
               ^^^^^^^^^^^^^^^^^^^^^^^^^^^^^
  File "/usr/share/nginx/toornoi/.venv/lib/python3.12/site-packages/django/middleware/common.py", line 48, in process_request
    host = request.get_host()
           ^^^^^^^^^^^^^^^^^^
  File "/usr/share/nginx/toornoi/.venv/lib/python3.12/site-packages/django/http/request.py", line 151, in get_host
    raise DisallowedHost(msg)
django.core.exceptions.DisallowedHost: Invalid HTTP_HOST header: '15.188.23.39'. You may need to add '15.188.23.39' to ALLOWED_HOSTS.
Bad Request: /.env
[10/Feb/2025 21:20:10] "GET /.env HTTP/1.1" 400 65404
Invalid HTTP_HOST header: '15.188.23.39'. You may need to add '15.188.23.39' to ALLOWED_HOSTS.
Traceback (most recent call last):
  File "/usr/share/nginx/toornoi/.venv/lib/python3.12/site-packages/django/core/handlers/exception.py", line 55, in inner
    response = get_response(request)
               ^^^^^^^^^^^^^^^^^^^^^
  File "/usr/share/nginx/toornoi/.venv/lib/python3.12/site-packages/django/utils/deprecation.py", line 128, in __call__
    response = self.process_request(request)
               ^^^^^^^^^^^^^^^^^^^^^^^^^^^^^
  File "/usr/share/nginx/toornoi/.venv/lib/python3.12/site-packages/django/middleware/common.py", line 48, in process_request
    host = request.get_host()
           ^^^^^^^^^^^^^^^^^^
  File "/usr/share/nginx/toornoi/.venv/lib/python3.12/site-packages/django/http/request.py", line 151, in get_host
    raise DisallowedHost(msg)
django.core.exceptions.DisallowedHost: Invalid HTTP_HOST header: '15.188.23.39'. You may need to add '15.188.23.39' to ALLOWED_HOSTS.
Bad Request: /
[10/Feb/2025 21:25:37] "GET / HTTP/1.1" 400 65140
Invalid HTTP_HOST header: '15.188.23.39'. You may need to add '15.188.23.39' to ALLOWED_HOSTS.
Traceback (most recent call last):
  File "/usr/share/nginx/toornoi/.venv/lib/python3.12/site-packages/django/core/handlers/exception.py", line 55, in inner
    response = get_response(request)
               ^^^^^^^^^^^^^^^^^^^^^
  File "/usr/share/nginx/toornoi/.venv/lib/python3.12/site-packages/django/utils/deprecation.py", line 128, in __call__
    response = self.process_request(request)
               ^^^^^^^^^^^^^^^^^^^^^^^^^^^^^
  File "/usr/share/nginx/toornoi/.venv/lib/python3.12/site-packages/django/middleware/common.py", line 48, in process_request
    host = request.get_host()
           ^^^^^^^^^^^^^^^^^^
  File "/usr/share/nginx/toornoi/.venv/lib/python3.12/site-packages/django/http/request.py", line 151, in get_host
    raise DisallowedHost(msg)
django.core.exceptions.DisallowedHost: Invalid HTTP_HOST header: '15.188.23.39'. You may need to add '15.188.23.39' to ALLOWED_HOSTS.
Bad Request: /login
[10/Feb/2025 21:29:43] "GET /login HTTP/1.1" 400 65072
Invalid HTTP_HOST header: '15.188.23.39'. You may need to add '15.188.23.39' to ALLOWED_HOSTS.
Traceback (most recent call last):
  File "/usr/share/nginx/toornoi/.venv/lib/python3.12/site-packages/django/core/handlers/exception.py", line 55, in inner
    response = get_response(request)
               ^^^^^^^^^^^^^^^^^^^^^
  File "/usr/share/nginx/toornoi/.venv/lib/python3.12/site-packages/django/utils/deprecation.py", line 128, in __call__
    response = self.process_request(request)
               ^^^^^^^^^^^^^^^^^^^^^^^^^^^^^
  File "/usr/share/nginx/toornoi/.venv/lib/python3.12/site-packages/django/middleware/common.py", line 48, in process_request
    host = request.get_host()
           ^^^^^^^^^^^^^^^^^^
  File "/usr/share/nginx/toornoi/.venv/lib/python3.12/site-packages/django/http/request.py", line 151, in get_host
    raise DisallowedHost(msg)
django.core.exceptions.DisallowedHost: Invalid HTTP_HOST header: '15.188.23.39'. You may need to add '15.188.23.39' to ALLOWED_HOSTS.
Bad Request: /ReportServer
[10/Feb/2025 21:50:45] "GET /ReportServer HTTP/1.1" 400 65149
Invalid HTTP_HOST header: '15.188.23.39'. You may need to add '15.188.23.39' to ALLOWED_HOSTS.
Traceback (most recent call last):
  File "/usr/share/nginx/toornoi/.venv/lib/python3.12/site-packages/django/core/handlers/exception.py", line 55, in inner
    response = get_response(request)
               ^^^^^^^^^^^^^^^^^^^^^
  File "/usr/share/nginx/toornoi/.venv/lib/python3.12/site-packages/django/utils/deprecation.py", line 128, in __call__
    response = self.process_request(request)
               ^^^^^^^^^^^^^^^^^^^^^^^^^^^^^
  File "/usr/share/nginx/toornoi/.venv/lib/python3.12/site-packages/django/middleware/common.py", line 48, in process_request
    host = request.get_host()
           ^^^^^^^^^^^^^^^^^^
  File "/usr/share/nginx/toornoi/.venv/lib/python3.12/site-packages/django/http/request.py", line 151, in get_host
    raise DisallowedHost(msg)
django.core.exceptions.DisallowedHost: Invalid HTTP_HOST header: '15.188.23.39'. You may need to add '15.188.23.39' to ALLOWED_HOSTS.
Bad Request: /.env
[10/Feb/2025 21:52:15] "GET /.env HTTP/1.1" 400 65285
Invalid HTTP_HOST header: '15.188.23.39'. You may need to add '15.188.23.39' to ALLOWED_HOSTS.
Traceback (most recent call last):
  File "/usr/share/nginx/toornoi/.venv/lib/python3.12/site-packages/django/core/handlers/exception.py", line 55, in inner
    response = get_response(request)
               ^^^^^^^^^^^^^^^^^^^^^
  File "/usr/share/nginx/toornoi/.venv/lib/python3.12/site-packages/django/utils/deprecation.py", line 128, in __call__
    response = self.process_request(request)
               ^^^^^^^^^^^^^^^^^^^^^^^^^^^^^
  File "/usr/share/nginx/toornoi/.venv/lib/python3.12/site-packages/django/middleware/common.py", line 48, in process_request
    host = request.get_host()
           ^^^^^^^^^^^^^^^^^^
  File "/usr/share/nginx/toornoi/.venv/lib/python3.12/site-packages/django/http/request.py", line 151, in get_host
    raise DisallowedHost(msg)
django.core.exceptions.DisallowedHost: Invalid HTTP_HOST header: '15.188.23.39'. You may need to add '15.188.23.39' to ALLOWED_HOSTS.
Bad Request: /
[10/Feb/2025 22:35:34] "GET / HTTP/1.1" 400 65371
Not Found: /.env
[10/Feb/2025 22:41:08] "GET /.env HTTP/1.1" 404 23
Not Found: /wp-content/
[10/Feb/2025 22:41:08] "GET /wp-content/ HTTP/1.1" 404 8624
Not Found: /.git/config
[10/Feb/2025 22:41:08] "GET /.git/config HTTP/1.1" 404 8624
Invalid HTTP_HOST header: '15.188.23.39'. You may need to add '15.188.23.39' to ALLOWED_HOSTS.
Traceback (most recent call last):
  File "/usr/share/nginx/toornoi/.venv/lib/python3.12/site-packages/django/core/handlers/exception.py", line 55, in inner
    response = get_response(request)
               ^^^^^^^^^^^^^^^^^^^^^
  File "/usr/share/nginx/toornoi/.venv/lib/python3.12/site-packages/django/utils/deprecation.py", line 128, in __call__
    response = self.process_request(request)
               ^^^^^^^^^^^^^^^^^^^^^^^^^^^^^
  File "/usr/share/nginx/toornoi/.venv/lib/python3.12/site-packages/django/middleware/common.py", line 48, in process_request
    host = request.get_host()
           ^^^^^^^^^^^^^^^^^^
  File "/usr/share/nginx/toornoi/.venv/lib/python3.12/site-packages/django/http/request.py", line 151, in get_host
    raise DisallowedHost(msg)
django.core.exceptions.DisallowedHost: Invalid HTTP_HOST header: '15.188.23.39'. You may need to add '15.188.23.39' to ALLOWED_HOSTS.
Bad Request: /
[10/Feb/2025 22:46:13] "GET / HTTP/1.1" 400 64975
Invalid HTTP_HOST header: '15.188.23.39'. You may need to add '15.188.23.39' to ALLOWED_HOSTS.
Traceback (most recent call last):
  File "/usr/share/nginx/toornoi/.venv/lib/python3.12/site-packages/django/core/handlers/exception.py", line 55, in inner
    response = get_response(request)
               ^^^^^^^^^^^^^^^^^^^^^
  File "/usr/share/nginx/toornoi/.venv/lib/python3.12/site-packages/django/utils/deprecation.py", line 128, in __call__
    response = self.process_request(request)
               ^^^^^^^^^^^^^^^^^^^^^^^^^^^^^
  File "/usr/share/nginx/toornoi/.venv/lib/python3.12/site-packages/django/middleware/common.py", line 48, in process_request
    host = request.get_host()
           ^^^^^^^^^^^^^^^^^^
  File "/usr/share/nginx/toornoi/.venv/lib/python3.12/site-packages/django/http/request.py", line 151, in get_host
    raise DisallowedHost(msg)
django.core.exceptions.DisallowedHost: Invalid HTTP_HOST header: '15.188.23.39'. You may need to add '15.188.23.39' to ALLOWED_HOSTS.
Bad Request: /.env
[10/Feb/2025 23:56:32] "GET /.env HTTP/1.1" 400 65169
Invalid HTTP_HOST header: '15.188.23.39'. You may need to add '15.188.23.39' to ALLOWED_HOSTS.
Traceback (most recent call last):
  File "/usr/share/nginx/toornoi/.venv/lib/python3.12/site-packages/django/core/handlers/exception.py", line 55, in inner
    response = get_response(request)
               ^^^^^^^^^^^^^^^^^^^^^
  File "/usr/share/nginx/toornoi/.venv/lib/python3.12/site-packages/django/utils/deprecation.py", line 128, in __call__
    response = self.process_request(request)
               ^^^^^^^^^^^^^^^^^^^^^^^^^^^^^
  File "/usr/share/nginx/toornoi/.venv/lib/python3.12/site-packages/django/middleware/common.py", line 48, in process_request
    host = request.get_host()
           ^^^^^^^^^^^^^^^^^^
  File "/usr/share/nginx/toornoi/.venv/lib/python3.12/site-packages/django/http/request.py", line 151, in get_host
    raise DisallowedHost(msg)
django.core.exceptions.DisallowedHost: Invalid HTTP_HOST header: '15.188.23.39'. You may need to add '15.188.23.39' to ALLOWED_HOSTS.
Bad Request: /.git/config
[11/Feb/2025 00:00:55] "GET /.git/config HTTP/1.1" 400 65348
Invalid HTTP_HOST header: '15.188.23.39'. You may need to add '15.188.23.39' to ALLOWED_HOSTS.
Traceback (most recent call last):
  File "/usr/share/nginx/toornoi/.venv/lib/python3.12/site-packages/django/core/handlers/exception.py", line 55, in inner
    response = get_response(request)
               ^^^^^^^^^^^^^^^^^^^^^
  File "/usr/share/nginx/toornoi/.venv/lib/python3.12/site-packages/django/utils/deprecation.py", line 128, in __call__
    response = self.process_request(request)
               ^^^^^^^^^^^^^^^^^^^^^^^^^^^^^
  File "/usr/share/nginx/toornoi/.venv/lib/python3.12/site-packages/django/middleware/common.py", line 48, in process_request
    host = request.get_host()
           ^^^^^^^^^^^^^^^^^^
  File "/usr/share/nginx/toornoi/.venv/lib/python3.12/site-packages/django/http/request.py", line 151, in get_host
    raise DisallowedHost(msg)
django.core.exceptions.DisallowedHost: Invalid HTTP_HOST header: '15.188.23.39'. You may need to add '15.188.23.39' to ALLOWED_HOSTS.
Bad Request: /remote/login
[11/Feb/2025 00:01:50] "GET /remote/login HTTP/1.1" 400 65288
Invalid HTTP_HOST header: '15.188.23.39'. You may need to add '15.188.23.39' to ALLOWED_HOSTS.
Traceback (most recent call last):
  File "/usr/share/nginx/toornoi/.venv/lib/python3.12/site-packages/django/core/handlers/exception.py", line 55, in inner
    response = get_response(request)
               ^^^^^^^^^^^^^^^^^^^^^
  File "/usr/share/nginx/toornoi/.venv/lib/python3.12/site-packages/django/utils/deprecation.py", line 128, in __call__
    response = self.process_request(request)
               ^^^^^^^^^^^^^^^^^^^^^^^^^^^^^
  File "/usr/share/nginx/toornoi/.venv/lib/python3.12/site-packages/django/middleware/common.py", line 48, in process_request
    host = request.get_host()
           ^^^^^^^^^^^^^^^^^^
  File "/usr/share/nginx/toornoi/.venv/lib/python3.12/site-packages/django/http/request.py", line 151, in get_host
    raise DisallowedHost(msg)
django.core.exceptions.DisallowedHost: Invalid HTTP_HOST header: '15.188.23.39'. You may need to add '15.188.23.39' to ALLOWED_HOSTS.
Bad Request: /login
[11/Feb/2025 00:01:50] "GET /login HTTP/1.1" 400 65211
Invalid HTTP_HOST header: '15.188.23.39'. You may need to add '15.188.23.39' to ALLOWED_HOSTS.
Traceback (most recent call last):
  File "/usr/share/nginx/toornoi/.venv/lib/python3.12/site-packages/django/core/handlers/exception.py", line 55, in inner
    response = get_response(request)
               ^^^^^^^^^^^^^^^^^^^^^
  File "/usr/share/nginx/toornoi/.venv/lib/python3.12/site-packages/django/utils/deprecation.py", line 128, in __call__
    response = self.process_request(request)
               ^^^^^^^^^^^^^^^^^^^^^^^^^^^^^
  File "/usr/share/nginx/toornoi/.venv/lib/python3.12/site-packages/django/middleware/common.py", line 48, in process_request
    host = request.get_host()
           ^^^^^^^^^^^^^^^^^^
  File "/usr/share/nginx/toornoi/.venv/lib/python3.12/site-packages/django/http/request.py", line 151, in get_host
    raise DisallowedHost(msg)
django.core.exceptions.DisallowedHost: Invalid HTTP_HOST header: '15.188.23.39'. You may need to add '15.188.23.39' to ALLOWED_HOSTS.
Bad Request: /.git/config
[11/Feb/2025 00:13:54] "GET /.git/config HTTP/1.1" 400 65382
Invalid HTTP_HOST header: '15.188.23.39'. You may need to add '15.188.23.39' to ALLOWED_HOSTS.
Traceback (most recent call last):
  File "/usr/share/nginx/toornoi/.venv/lib/python3.12/site-packages/django/core/handlers/exception.py", line 55, in inner
    response = get_response(request)
               ^^^^^^^^^^^^^^^^^^^^^
  File "/usr/share/nginx/toornoi/.venv/lib/python3.12/site-packages/django/utils/deprecation.py", line 128, in __call__
    response = self.process_request(request)
               ^^^^^^^^^^^^^^^^^^^^^^^^^^^^^
  File "/usr/share/nginx/toornoi/.venv/lib/python3.12/site-packages/django/middleware/common.py", line 48, in process_request
    host = request.get_host()
           ^^^^^^^^^^^^^^^^^^
  File "/usr/share/nginx/toornoi/.venv/lib/python3.12/site-packages/django/http/request.py", line 151, in get_host
    raise DisallowedHost(msg)
django.core.exceptions.DisallowedHost: Invalid HTTP_HOST header: '15.188.23.39'. You may need to add '15.188.23.39' to ALLOWED_HOSTS.
Bad Request: /
[11/Feb/2025 00:16:34] "GET / HTTP/1.1" 400 66151
Invalid HTTP_HOST header: '15.188.23.39'. You may need to add '15.188.23.39' to ALLOWED_HOSTS.
Traceback (most recent call last):
  File "/usr/share/nginx/toornoi/.venv/lib/python3.12/site-packages/django/core/handlers/exception.py", line 55, in inner
    response = get_response(request)
               ^^^^^^^^^^^^^^^^^^^^^
  File "/usr/share/nginx/toornoi/.venv/lib/python3.12/site-packages/django/utils/deprecation.py", line 128, in __call__
    response = self.process_request(request)
               ^^^^^^^^^^^^^^^^^^^^^^^^^^^^^
  File "/usr/share/nginx/toornoi/.venv/lib/python3.12/site-packages/django/middleware/common.py", line 48, in process_request
    host = request.get_host()
           ^^^^^^^^^^^^^^^^^^
  File "/usr/share/nginx/toornoi/.venv/lib/python3.12/site-packages/django/http/request.py", line 151, in get_host
    raise DisallowedHost(msg)
django.core.exceptions.DisallowedHost: Invalid HTTP_HOST header: '15.188.23.39'. You may need to add '15.188.23.39' to ALLOWED_HOSTS.
Bad Request: /
[11/Feb/2025 00:24:51] "GET / HTTP/1.1" 400 65387
Invalid HTTP_HOST header: '15.188.23.39'. You may need to add '15.188.23.39' to ALLOWED_HOSTS.
Traceback (most recent call last):
  File "/usr/share/nginx/toornoi/.venv/lib/python3.12/site-packages/django/core/handlers/exception.py", line 55, in inner
    response = get_response(request)
               ^^^^^^^^^^^^^^^^^^^^^
  File "/usr/share/nginx/toornoi/.venv/lib/python3.12/site-packages/django/utils/deprecation.py", line 128, in __call__
    response = self.process_request(request)
               ^^^^^^^^^^^^^^^^^^^^^^^^^^^^^
  File "/usr/share/nginx/toornoi/.venv/lib/python3.12/site-packages/django/middleware/common.py", line 48, in process_request
    host = request.get_host()
           ^^^^^^^^^^^^^^^^^^
  File "/usr/share/nginx/toornoi/.venv/lib/python3.12/site-packages/django/http/request.py", line 151, in get_host
    raise DisallowedHost(msg)
django.core.exceptions.DisallowedHost: Invalid HTTP_HOST header: '15.188.23.39'. You may need to add '15.188.23.39' to ALLOWED_HOSTS.
Bad Request: /
[11/Feb/2025 00:38:34] "GET / HTTP/1.1" 400 65685
Invalid HTTP_HOST header: '15.188.23.39'. You may need to add '15.188.23.39' to ALLOWED_HOSTS.
Traceback (most recent call last):
  File "/usr/share/nginx/toornoi/.venv/lib/python3.12/site-packages/django/core/handlers/exception.py", line 55, in inner
    response = get_response(request)
               ^^^^^^^^^^^^^^^^^^^^^
  File "/usr/share/nginx/toornoi/.venv/lib/python3.12/site-packages/django/utils/deprecation.py", line 128, in __call__
    response = self.process_request(request)
               ^^^^^^^^^^^^^^^^^^^^^^^^^^^^^
  File "/usr/share/nginx/toornoi/.venv/lib/python3.12/site-packages/django/middleware/common.py", line 48, in process_request
    host = request.get_host()
           ^^^^^^^^^^^^^^^^^^
  File "/usr/share/nginx/toornoi/.venv/lib/python3.12/site-packages/django/http/request.py", line 151, in get_host
    raise DisallowedHost(msg)
django.core.exceptions.DisallowedHost: Invalid HTTP_HOST header: '15.188.23.39'. You may need to add '15.188.23.39' to ALLOWED_HOSTS.
Bad Request: /favicon.ico
[11/Feb/2025 00:38:34] "GET /favicon.ico HTTP/1.1" 400 65837
Invalid HTTP_HOST header: '15.188.23.39'. You may need to add '15.188.23.39' to ALLOWED_HOSTS.
Traceback (most recent call last):
  File "/usr/share/nginx/toornoi/.venv/lib/python3.12/site-packages/django/core/handlers/exception.py", line 55, in inner
    response = get_response(request)
               ^^^^^^^^^^^^^^^^^^^^^
  File "/usr/share/nginx/toornoi/.venv/lib/python3.12/site-packages/django/utils/deprecation.py", line 128, in __call__
    response = self.process_request(request)
               ^^^^^^^^^^^^^^^^^^^^^^^^^^^^^
  File "/usr/share/nginx/toornoi/.venv/lib/python3.12/site-packages/django/middleware/common.py", line 48, in process_request
    host = request.get_host()
           ^^^^^^^^^^^^^^^^^^
  File "/usr/share/nginx/toornoi/.venv/lib/python3.12/site-packages/django/http/request.py", line 151, in get_host
    raise DisallowedHost(msg)
django.core.exceptions.DisallowedHost: Invalid HTTP_HOST header: '15.188.23.39'. You may need to add '15.188.23.39' to ALLOWED_HOSTS.
Bad Request: /
[11/Feb/2025 01:13:17] "GET / HTTP/1.1" 400 65349
Invalid HTTP_HOST header: '15.188.23.39'. You may need to add '15.188.23.39' to ALLOWED_HOSTS.
Traceback (most recent call last):
  File "/usr/share/nginx/toornoi/.venv/lib/python3.12/site-packages/django/core/handlers/exception.py", line 55, in inner
    response = get_response(request)
               ^^^^^^^^^^^^^^^^^^^^^
  File "/usr/share/nginx/toornoi/.venv/lib/python3.12/site-packages/django/utils/deprecation.py", line 128, in __call__
    response = self.process_request(request)
               ^^^^^^^^^^^^^^^^^^^^^^^^^^^^^
  File "/usr/share/nginx/toornoi/.venv/lib/python3.12/site-packages/django/middleware/common.py", line 48, in process_request
    host = request.get_host()
           ^^^^^^^^^^^^^^^^^^
  File "/usr/share/nginx/toornoi/.venv/lib/python3.12/site-packages/django/http/request.py", line 151, in get_host
    raise DisallowedHost(msg)
django.core.exceptions.DisallowedHost: Invalid HTTP_HOST header: '15.188.23.39'. You may need to add '15.188.23.39' to ALLOWED_HOSTS.
Bad Request: /.env
[11/Feb/2025 01:24:05] "GET /.env HTTP/1.1" 400 65404
Invalid HTTP_HOST header: '15.188.23.39'. You may need to add '15.188.23.39' to ALLOWED_HOSTS.
Traceback (most recent call last):
  File "/usr/share/nginx/toornoi/.venv/lib/python3.12/site-packages/django/core/handlers/exception.py", line 55, in inner
    response = get_response(request)
               ^^^^^^^^^^^^^^^^^^^^^
  File "/usr/share/nginx/toornoi/.venv/lib/python3.12/site-packages/django/utils/deprecation.py", line 128, in __call__
    response = self.process_request(request)
               ^^^^^^^^^^^^^^^^^^^^^^^^^^^^^
  File "/usr/share/nginx/toornoi/.venv/lib/python3.12/site-packages/django/middleware/common.py", line 48, in process_request
    host = request.get_host()
           ^^^^^^^^^^^^^^^^^^
  File "/usr/share/nginx/toornoi/.venv/lib/python3.12/site-packages/django/http/request.py", line 151, in get_host
    raise DisallowedHost(msg)
django.core.exceptions.DisallowedHost: Invalid HTTP_HOST header: '15.188.23.39'. You may need to add '15.188.23.39' to ALLOWED_HOSTS.
Bad Request: /FD873AC4-CF86-4FED-84EC-4BD59C6F17A7
[11/Feb/2025 02:27:11] "POST /FD873AC4-CF86-4FED-84EC-4BD59C6F17A7 HTTP/1.1" 400 65482
Invalid HTTP_HOST header: '15.188.23.39'. You may need to add '15.188.23.39' to ALLOWED_HOSTS.
Traceback (most recent call last):
  File "/usr/share/nginx/toornoi/.venv/lib/python3.12/site-packages/django/core/handlers/exception.py", line 55, in inner
    response = get_response(request)
               ^^^^^^^^^^^^^^^^^^^^^
  File "/usr/share/nginx/toornoi/.venv/lib/python3.12/site-packages/django/utils/deprecation.py", line 128, in __call__
    response = self.process_request(request)
               ^^^^^^^^^^^^^^^^^^^^^^^^^^^^^
  File "/usr/share/nginx/toornoi/.venv/lib/python3.12/site-packages/django/middleware/common.py", line 48, in process_request
    host = request.get_host()
           ^^^^^^^^^^^^^^^^^^
  File "/usr/share/nginx/toornoi/.venv/lib/python3.12/site-packages/django/http/request.py", line 151, in get_host
    raise DisallowedHost(msg)
django.core.exceptions.DisallowedHost: Invalid HTTP_HOST header: '15.188.23.39'. You may need to add '15.188.23.39' to ALLOWED_HOSTS.
Bad Request: /ajax
[11/Feb/2025 03:45:57] "POST /ajax HTTP/1.1" 400 65238
Invalid HTTP_HOST header: '15.188.23.39'. You may need to add '15.188.23.39' to ALLOWED_HOSTS.
Traceback (most recent call last):
  File "/usr/share/nginx/toornoi/.venv/lib/python3.12/site-packages/django/core/handlers/exception.py", line 55, in inner
    response = get_response(request)
               ^^^^^^^^^^^^^^^^^^^^^
  File "/usr/share/nginx/toornoi/.venv/lib/python3.12/site-packages/django/utils/deprecation.py", line 128, in __call__
    response = self.process_request(request)
               ^^^^^^^^^^^^^^^^^^^^^^^^^^^^^
  File "/usr/share/nginx/toornoi/.venv/lib/python3.12/site-packages/django/middleware/common.py", line 48, in process_request
    host = request.get_host()
           ^^^^^^^^^^^^^^^^^^
  File "/usr/share/nginx/toornoi/.venv/lib/python3.12/site-packages/django/http/request.py", line 151, in get_host
    raise DisallowedHost(msg)
django.core.exceptions.DisallowedHost: Invalid HTTP_HOST header: '15.188.23.39'. You may need to add '15.188.23.39' to ALLOWED_HOSTS.
Bad Request: /hello.world
[11/Feb/2025 03:55:52] "POST /hello.world?%ADd+allow_url_include%3d1+%ADd+auto_prepend_file%3dphp://input HTTP/1.1" 400 66545
Invalid HTTP_HOST header: '15.188.23.39'. You may need to add '15.188.23.39' to ALLOWED_HOSTS.
Traceback (most recent call last):
  File "/usr/share/nginx/toornoi/.venv/lib/python3.12/site-packages/django/core/handlers/exception.py", line 55, in inner
    response = get_response(request)
               ^^^^^^^^^^^^^^^^^^^^^
  File "/usr/share/nginx/toornoi/.venv/lib/python3.12/site-packages/django/utils/deprecation.py", line 128, in __call__
    response = self.process_request(request)
               ^^^^^^^^^^^^^^^^^^^^^^^^^^^^^
  File "/usr/share/nginx/toornoi/.venv/lib/python3.12/site-packages/django/middleware/common.py", line 48, in process_request
    host = request.get_host()
           ^^^^^^^^^^^^^^^^^^
  File "/usr/share/nginx/toornoi/.venv/lib/python3.12/site-packages/django/http/request.py", line 151, in get_host
    raise DisallowedHost(msg)
django.core.exceptions.DisallowedHost: Invalid HTTP_HOST header: '15.188.23.39'. You may need to add '15.188.23.39' to ALLOWED_HOSTS.
Bad Request: /vendor/phpunit/phpunit/src/Util/PHP/eval-stdin.php
[11/Feb/2025 03:56:03] "GET /vendor/phpunit/phpunit/src/Util/PHP/eval-stdin.php HTTP/1.1" 400 65578
Invalid HTTP_HOST header: '15.188.23.39'. You may need to add '15.188.23.39' to ALLOWED_HOSTS.
Traceback (most recent call last):
  File "/usr/share/nginx/toornoi/.venv/lib/python3.12/site-packages/django/core/handlers/exception.py", line 55, in inner
    response = get_response(request)
               ^^^^^^^^^^^^^^^^^^^^^
  File "/usr/share/nginx/toornoi/.venv/lib/python3.12/site-packages/django/utils/deprecation.py", line 128, in __call__
    response = self.process_request(request)
               ^^^^^^^^^^^^^^^^^^^^^^^^^^^^^
  File "/usr/share/nginx/toornoi/.venv/lib/python3.12/site-packages/django/middleware/common.py", line 48, in process_request
    host = request.get_host()
           ^^^^^^^^^^^^^^^^^^
  File "/usr/share/nginx/toornoi/.venv/lib/python3.12/site-packages/django/http/request.py", line 151, in get_host
    raise DisallowedHost(msg)
django.core.exceptions.DisallowedHost: Invalid HTTP_HOST header: '15.188.23.39'. You may need to add '15.188.23.39' to ALLOWED_HOSTS.
Bad Request: /vendor/phpunit/phpunit/Util/PHP/eval-stdin.php
[11/Feb/2025 03:56:11] "GET /vendor/phpunit/phpunit/Util/PHP/eval-stdin.php HTTP/1.1" 400 65534
Invalid HTTP_HOST header: '15.188.23.39'. You may need to add '15.188.23.39' to ALLOWED_HOSTS.
Traceback (most recent call last):
  File "/usr/share/nginx/toornoi/.venv/lib/python3.12/site-packages/django/core/handlers/exception.py", line 55, in inner
    response = get_response(request)
               ^^^^^^^^^^^^^^^^^^^^^
  File "/usr/share/nginx/toornoi/.venv/lib/python3.12/site-packages/django/utils/deprecation.py", line 128, in __call__
    response = self.process_request(request)
               ^^^^^^^^^^^^^^^^^^^^^^^^^^^^^
  File "/usr/share/nginx/toornoi/.venv/lib/python3.12/site-packages/django/middleware/common.py", line 48, in process_request
    host = request.get_host()
           ^^^^^^^^^^^^^^^^^^
  File "/usr/share/nginx/toornoi/.venv/lib/python3.12/site-packages/django/http/request.py", line 151, in get_host
    raise DisallowedHost(msg)
django.core.exceptions.DisallowedHost: Invalid HTTP_HOST header: '15.188.23.39'. You may need to add '15.188.23.39' to ALLOWED_HOSTS.
Bad Request: /vendor/phpunit/src/Util/PHP/eval-stdin.php
[11/Feb/2025 03:56:15] "GET /vendor/phpunit/src/Util/PHP/eval-stdin.php HTTP/1.1" 400 65490
Invalid HTTP_HOST header: '15.188.23.39'. You may need to add '15.188.23.39' to ALLOWED_HOSTS.
Traceback (most recent call last):
  File "/usr/share/nginx/toornoi/.venv/lib/python3.12/site-packages/django/core/handlers/exception.py", line 55, in inner
    response = get_response(request)
               ^^^^^^^^^^^^^^^^^^^^^
  File "/usr/share/nginx/toornoi/.venv/lib/python3.12/site-packages/django/utils/deprecation.py", line 128, in __call__
    response = self.process_request(request)
               ^^^^^^^^^^^^^^^^^^^^^^^^^^^^^
  File "/usr/share/nginx/toornoi/.venv/lib/python3.12/site-packages/django/middleware/common.py", line 48, in process_request
    host = request.get_host()
           ^^^^^^^^^^^^^^^^^^
  File "/usr/share/nginx/toornoi/.venv/lib/python3.12/site-packages/django/http/request.py", line 151, in get_host
    raise DisallowedHost(msg)
django.core.exceptions.DisallowedHost: Invalid HTTP_HOST header: '15.188.23.39'. You may need to add '15.188.23.39' to ALLOWED_HOSTS.
Bad Request: /vendor/phpunit/Util/PHP/eval-stdin.php
[11/Feb/2025 03:56:23] "GET /vendor/phpunit/Util/PHP/eval-stdin.php HTTP/1.1" 400 65446
Invalid HTTP_HOST header: '15.188.23.39'. You may need to add '15.188.23.39' to ALLOWED_HOSTS.
Traceback (most recent call last):
  File "/usr/share/nginx/toornoi/.venv/lib/python3.12/site-packages/django/core/handlers/exception.py", line 55, in inner
    response = get_response(request)
               ^^^^^^^^^^^^^^^^^^^^^
  File "/usr/share/nginx/toornoi/.venv/lib/python3.12/site-packages/django/utils/deprecation.py", line 128, in __call__
    response = self.process_request(request)
               ^^^^^^^^^^^^^^^^^^^^^^^^^^^^^
  File "/usr/share/nginx/toornoi/.venv/lib/python3.12/site-packages/django/middleware/common.py", line 48, in process_request
    host = request.get_host()
           ^^^^^^^^^^^^^^^^^^
  File "/usr/share/nginx/toornoi/.venv/lib/python3.12/site-packages/django/http/request.py", line 151, in get_host
    raise DisallowedHost(msg)
django.core.exceptions.DisallowedHost: Invalid HTTP_HOST header: '15.188.23.39'. You may need to add '15.188.23.39' to ALLOWED_HOSTS.
Bad Request: /vendor/phpunit/phpunit/LICENSE/eval-stdin.php
[11/Feb/2025 03:56:27] "GET /vendor/phpunit/phpunit/LICENSE/eval-stdin.php HTTP/1.1" 400 65523
Invalid HTTP_HOST header: '15.188.23.39'. You may need to add '15.188.23.39' to ALLOWED_HOSTS.
Traceback (most recent call last):
  File "/usr/share/nginx/toornoi/.venv/lib/python3.12/site-packages/django/core/handlers/exception.py", line 55, in inner
    response = get_response(request)
               ^^^^^^^^^^^^^^^^^^^^^
  File "/usr/share/nginx/toornoi/.venv/lib/python3.12/site-packages/django/utils/deprecation.py", line 128, in __call__
    response = self.process_request(request)
               ^^^^^^^^^^^^^^^^^^^^^^^^^^^^^
  File "/usr/share/nginx/toornoi/.venv/lib/python3.12/site-packages/django/middleware/common.py", line 48, in process_request
    host = request.get_host()
           ^^^^^^^^^^^^^^^^^^
  File "/usr/share/nginx/toornoi/.venv/lib/python3.12/site-packages/django/http/request.py", line 151, in get_host
    raise DisallowedHost(msg)
django.core.exceptions.DisallowedHost: Invalid HTTP_HOST header: '15.188.23.39'. You may need to add '15.188.23.39' to ALLOWED_HOSTS.
Bad Request: /vendor/vendor/phpunit/phpunit/src/Util/PHP/eval-stdin.php
[11/Feb/2025 03:56:31] "GET /vendor/vendor/phpunit/phpunit/src/Util/PHP/eval-stdin.php HTTP/1.1" 400 65655
Invalid HTTP_HOST header: '15.188.23.39'. You may need to add '15.188.23.39' to ALLOWED_HOSTS.
Traceback (most recent call last):
  File "/usr/share/nginx/toornoi/.venv/lib/python3.12/site-packages/django/core/handlers/exception.py", line 55, in inner
    response = get_response(request)
               ^^^^^^^^^^^^^^^^^^^^^
  File "/usr/share/nginx/toornoi/.venv/lib/python3.12/site-packages/django/utils/deprecation.py", line 128, in __call__
    response = self.process_request(request)
               ^^^^^^^^^^^^^^^^^^^^^^^^^^^^^
  File "/usr/share/nginx/toornoi/.venv/lib/python3.12/site-packages/django/middleware/common.py", line 48, in process_request
    host = request.get_host()
           ^^^^^^^^^^^^^^^^^^
  File "/usr/share/nginx/toornoi/.venv/lib/python3.12/site-packages/django/http/request.py", line 151, in get_host
    raise DisallowedHost(msg)
django.core.exceptions.DisallowedHost: Invalid HTTP_HOST header: '15.188.23.39'. You may need to add '15.188.23.39' to ALLOWED_HOSTS.
Bad Request: /phpunit/phpunit/src/Util/PHP/eval-stdin.php
[11/Feb/2025 03:56:35] "GET /phpunit/phpunit/src/Util/PHP/eval-stdin.php HTTP/1.1" 400 65501
Invalid HTTP_HOST header: '15.188.23.39'. You may need to add '15.188.23.39' to ALLOWED_HOSTS.
Traceback (most recent call last):
  File "/usr/share/nginx/toornoi/.venv/lib/python3.12/site-packages/django/core/handlers/exception.py", line 55, in inner
    response = get_response(request)
               ^^^^^^^^^^^^^^^^^^^^^
  File "/usr/share/nginx/toornoi/.venv/lib/python3.12/site-packages/django/utils/deprecation.py", line 128, in __call__
    response = self.process_request(request)
               ^^^^^^^^^^^^^^^^^^^^^^^^^^^^^
  File "/usr/share/nginx/toornoi/.venv/lib/python3.12/site-packages/django/middleware/common.py", line 48, in process_request
    host = request.get_host()
           ^^^^^^^^^^^^^^^^^^
  File "/usr/share/nginx/toornoi/.venv/lib/python3.12/site-packages/django/http/request.py", line 151, in get_host
    raise DisallowedHost(msg)
django.core.exceptions.DisallowedHost: Invalid HTTP_HOST header: '15.188.23.39'. You may need to add '15.188.23.39' to ALLOWED_HOSTS.
Bad Request: /phpunit/phpunit/Util/PHP/eval-stdin.php
[11/Feb/2025 03:56:52] "GET /phpunit/phpunit/Util/PHP/eval-stdin.php HTTP/1.1" 400 65457
Invalid HTTP_HOST header: '15.188.23.39'. You may need to add '15.188.23.39' to ALLOWED_HOSTS.
Traceback (most recent call last):
  File "/usr/share/nginx/toornoi/.venv/lib/python3.12/site-packages/django/core/handlers/exception.py", line 55, in inner
    response = get_response(request)
               ^^^^^^^^^^^^^^^^^^^^^
  File "/usr/share/nginx/toornoi/.venv/lib/python3.12/site-packages/django/utils/deprecation.py", line 128, in __call__
    response = self.process_request(request)
               ^^^^^^^^^^^^^^^^^^^^^^^^^^^^^
  File "/usr/share/nginx/toornoi/.venv/lib/python3.12/site-packages/django/middleware/common.py", line 48, in process_request
    host = request.get_host()
           ^^^^^^^^^^^^^^^^^^
  File "/usr/share/nginx/toornoi/.venv/lib/python3.12/site-packages/django/http/request.py", line 151, in get_host
    raise DisallowedHost(msg)
django.core.exceptions.DisallowedHost: Invalid HTTP_HOST header: '15.188.23.39'. You may need to add '15.188.23.39' to ALLOWED_HOSTS.
Bad Request: /phpunit/src/Util/PHP/eval-stdin.php
[11/Feb/2025 03:56:57] "GET /phpunit/src/Util/PHP/eval-stdin.php HTTP/1.1" 400 65413
Invalid HTTP_HOST header: '15.188.23.39'. You may need to add '15.188.23.39' to ALLOWED_HOSTS.
Traceback (most recent call last):
  File "/usr/share/nginx/toornoi/.venv/lib/python3.12/site-packages/django/core/handlers/exception.py", line 55, in inner
    response = get_response(request)
               ^^^^^^^^^^^^^^^^^^^^^
  File "/usr/share/nginx/toornoi/.venv/lib/python3.12/site-packages/django/utils/deprecation.py", line 128, in __call__
    response = self.process_request(request)
               ^^^^^^^^^^^^^^^^^^^^^^^^^^^^^
  File "/usr/share/nginx/toornoi/.venv/lib/python3.12/site-packages/django/middleware/common.py", line 48, in process_request
    host = request.get_host()
           ^^^^^^^^^^^^^^^^^^
  File "/usr/share/nginx/toornoi/.venv/lib/python3.12/site-packages/django/http/request.py", line 151, in get_host
    raise DisallowedHost(msg)
django.core.exceptions.DisallowedHost: Invalid HTTP_HOST header: '15.188.23.39'. You may need to add '15.188.23.39' to ALLOWED_HOSTS.
Bad Request: /phpunit/Util/PHP/eval-stdin.php
[11/Feb/2025 03:57:01] "GET /phpunit/Util/PHP/eval-stdin.php HTTP/1.1" 400 65369
Invalid HTTP_HOST header: '15.188.23.39'. You may need to add '15.188.23.39' to ALLOWED_HOSTS.
Traceback (most recent call last):
  File "/usr/share/nginx/toornoi/.venv/lib/python3.12/site-packages/django/core/handlers/exception.py", line 55, in inner
    response = get_response(request)
               ^^^^^^^^^^^^^^^^^^^^^
  File "/usr/share/nginx/toornoi/.venv/lib/python3.12/site-packages/django/utils/deprecation.py", line 128, in __call__
    response = self.process_request(request)
               ^^^^^^^^^^^^^^^^^^^^^^^^^^^^^
  File "/usr/share/nginx/toornoi/.venv/lib/python3.12/site-packages/django/middleware/common.py", line 48, in process_request
    host = request.get_host()
           ^^^^^^^^^^^^^^^^^^
  File "/usr/share/nginx/toornoi/.venv/lib/python3.12/site-packages/django/http/request.py", line 151, in get_host
    raise DisallowedHost(msg)
django.core.exceptions.DisallowedHost: Invalid HTTP_HOST header: '15.188.23.39'. You may need to add '15.188.23.39' to ALLOWED_HOSTS.
Bad Request: /lib/phpunit/phpunit/src/Util/PHP/eval-stdin.php
[11/Feb/2025 03:57:35] "GET /lib/phpunit/phpunit/src/Util/PHP/eval-stdin.php HTTP/1.1" 400 65545
Invalid HTTP_HOST header: '15.188.23.39'. You may need to add '15.188.23.39' to ALLOWED_HOSTS.
Traceback (most recent call last):
  File "/usr/share/nginx/toornoi/.venv/lib/python3.12/site-packages/django/core/handlers/exception.py", line 55, in inner
    response = get_response(request)
               ^^^^^^^^^^^^^^^^^^^^^
  File "/usr/share/nginx/toornoi/.venv/lib/python3.12/site-packages/django/utils/deprecation.py", line 128, in __call__
    response = self.process_request(request)
               ^^^^^^^^^^^^^^^^^^^^^^^^^^^^^
  File "/usr/share/nginx/toornoi/.venv/lib/python3.12/site-packages/django/middleware/common.py", line 48, in process_request
    host = request.get_host()
           ^^^^^^^^^^^^^^^^^^
  File "/usr/share/nginx/toornoi/.venv/lib/python3.12/site-packages/django/http/request.py", line 151, in get_host
    raise DisallowedHost(msg)
django.core.exceptions.DisallowedHost: Invalid HTTP_HOST header: '15.188.23.39'. You may need to add '15.188.23.39' to ALLOWED_HOSTS.
Bad Request: /lib/phpunit/phpunit/Util/PHP/eval-stdin.php
[11/Feb/2025 03:57:43] "GET /lib/phpunit/phpunit/Util/PHP/eval-stdin.php HTTP/1.1" 400 65501
Invalid HTTP_HOST header: '15.188.23.39'. You may need to add '15.188.23.39' to ALLOWED_HOSTS.
Traceback (most recent call last):
  File "/usr/share/nginx/toornoi/.venv/lib/python3.12/site-packages/django/core/handlers/exception.py", line 55, in inner
    response = get_response(request)
               ^^^^^^^^^^^^^^^^^^^^^
  File "/usr/share/nginx/toornoi/.venv/lib/python3.12/site-packages/django/utils/deprecation.py", line 128, in __call__
    response = self.process_request(request)
               ^^^^^^^^^^^^^^^^^^^^^^^^^^^^^
  File "/usr/share/nginx/toornoi/.venv/lib/python3.12/site-packages/django/middleware/common.py", line 48, in process_request
    host = request.get_host()
           ^^^^^^^^^^^^^^^^^^
  File "/usr/share/nginx/toornoi/.venv/lib/python3.12/site-packages/django/http/request.py", line 151, in get_host
    raise DisallowedHost(msg)
django.core.exceptions.DisallowedHost: Invalid HTTP_HOST header: '15.188.23.39'. You may need to add '15.188.23.39' to ALLOWED_HOSTS.
Bad Request: /lib/phpunit/src/Util/PHP/eval-stdin.php
[11/Feb/2025 03:57:48] "GET /lib/phpunit/src/Util/PHP/eval-stdin.php HTTP/1.1" 400 65457
Invalid HTTP_HOST header: '15.188.23.39'. You may need to add '15.188.23.39' to ALLOWED_HOSTS.
Traceback (most recent call last):
  File "/usr/share/nginx/toornoi/.venv/lib/python3.12/site-packages/django/core/handlers/exception.py", line 55, in inner
    response = get_response(request)
               ^^^^^^^^^^^^^^^^^^^^^
  File "/usr/share/nginx/toornoi/.venv/lib/python3.12/site-packages/django/utils/deprecation.py", line 128, in __call__
    response = self.process_request(request)
               ^^^^^^^^^^^^^^^^^^^^^^^^^^^^^
  File "/usr/share/nginx/toornoi/.venv/lib/python3.12/site-packages/django/middleware/common.py", line 48, in process_request
    host = request.get_host()
           ^^^^^^^^^^^^^^^^^^
  File "/usr/share/nginx/toornoi/.venv/lib/python3.12/site-packages/django/http/request.py", line 151, in get_host
    raise DisallowedHost(msg)
django.core.exceptions.DisallowedHost: Invalid HTTP_HOST header: '15.188.23.39'. You may need to add '15.188.23.39' to ALLOWED_HOSTS.
Bad Request: /lib/phpunit/Util/PHP/eval-stdin.php
[11/Feb/2025 03:57:51] "GET /lib/phpunit/Util/PHP/eval-stdin.php HTTP/1.1" 400 65413
Invalid HTTP_HOST header: '15.188.23.39'. You may need to add '15.188.23.39' to ALLOWED_HOSTS.
Traceback (most recent call last):
  File "/usr/share/nginx/toornoi/.venv/lib/python3.12/site-packages/django/core/handlers/exception.py", line 55, in inner
    response = get_response(request)
               ^^^^^^^^^^^^^^^^^^^^^
  File "/usr/share/nginx/toornoi/.venv/lib/python3.12/site-packages/django/utils/deprecation.py", line 128, in __call__
    response = self.process_request(request)
               ^^^^^^^^^^^^^^^^^^^^^^^^^^^^^
  File "/usr/share/nginx/toornoi/.venv/lib/python3.12/site-packages/django/middleware/common.py", line 48, in process_request
    host = request.get_host()
           ^^^^^^^^^^^^^^^^^^
  File "/usr/share/nginx/toornoi/.venv/lib/python3.12/site-packages/django/http/request.py", line 151, in get_host
    raise DisallowedHost(msg)
django.core.exceptions.DisallowedHost: Invalid HTTP_HOST header: '15.188.23.39'. You may need to add '15.188.23.39' to ALLOWED_HOSTS.
Bad Request: /lib/vendor/phpunit/phpunit/src/Util/PHP/eval-stdin.php
[11/Feb/2025 03:57:53] "GET /lib/vendor/phpunit/phpunit/src/Util/PHP/eval-stdin.php HTTP/1.1" 400 65622
Invalid HTTP_HOST header: '15.188.23.39'. You may need to add '15.188.23.39' to ALLOWED_HOSTS.
Traceback (most recent call last):
  File "/usr/share/nginx/toornoi/.venv/lib/python3.12/site-packages/django/core/handlers/exception.py", line 55, in inner
    response = get_response(request)
               ^^^^^^^^^^^^^^^^^^^^^
  File "/usr/share/nginx/toornoi/.venv/lib/python3.12/site-packages/django/utils/deprecation.py", line 128, in __call__
    response = self.process_request(request)
               ^^^^^^^^^^^^^^^^^^^^^^^^^^^^^
  File "/usr/share/nginx/toornoi/.venv/lib/python3.12/site-packages/django/middleware/common.py", line 48, in process_request
    host = request.get_host()
           ^^^^^^^^^^^^^^^^^^
  File "/usr/share/nginx/toornoi/.venv/lib/python3.12/site-packages/django/http/request.py", line 151, in get_host
    raise DisallowedHost(msg)
django.core.exceptions.DisallowedHost: Invalid HTTP_HOST header: '15.188.23.39'. You may need to add '15.188.23.39' to ALLOWED_HOSTS.
Bad Request: /laravel/vendor/phpunit/phpunit/src/Util/PHP/eval-stdin.php
[11/Feb/2025 03:57:56] "GET /laravel/vendor/phpunit/phpunit/src/Util/PHP/eval-stdin.php HTTP/1.1" 400 65666
Invalid HTTP_HOST header: '15.188.23.39'. You may need to add '15.188.23.39' to ALLOWED_HOSTS.
Traceback (most recent call last):
  File "/usr/share/nginx/toornoi/.venv/lib/python3.12/site-packages/django/core/handlers/exception.py", line 55, in inner
    response = get_response(request)
               ^^^^^^^^^^^^^^^^^^^^^
  File "/usr/share/nginx/toornoi/.venv/lib/python3.12/site-packages/django/utils/deprecation.py", line 128, in __call__
    response = self.process_request(request)
               ^^^^^^^^^^^^^^^^^^^^^^^^^^^^^
  File "/usr/share/nginx/toornoi/.venv/lib/python3.12/site-packages/django/middleware/common.py", line 48, in process_request
    host = request.get_host()
           ^^^^^^^^^^^^^^^^^^
  File "/usr/share/nginx/toornoi/.venv/lib/python3.12/site-packages/django/http/request.py", line 151, in get_host
    raise DisallowedHost(msg)
django.core.exceptions.DisallowedHost: Invalid HTTP_HOST header: '15.188.23.39'. You may need to add '15.188.23.39' to ALLOWED_HOSTS.
Bad Request: /www/vendor/phpunit/phpunit/src/Util/PHP/eval-stdin.php
[11/Feb/2025 03:57:59] "GET /www/vendor/phpunit/phpunit/src/Util/PHP/eval-stdin.php HTTP/1.1" 400 65622
Invalid HTTP_HOST header: '15.188.23.39'. You may need to add '15.188.23.39' to ALLOWED_HOSTS.
Traceback (most recent call last):
  File "/usr/share/nginx/toornoi/.venv/lib/python3.12/site-packages/django/core/handlers/exception.py", line 55, in inner
    response = get_response(request)
               ^^^^^^^^^^^^^^^^^^^^^
  File "/usr/share/nginx/toornoi/.venv/lib/python3.12/site-packages/django/utils/deprecation.py", line 128, in __call__
    response = self.process_request(request)
               ^^^^^^^^^^^^^^^^^^^^^^^^^^^^^
  File "/usr/share/nginx/toornoi/.venv/lib/python3.12/site-packages/django/middleware/common.py", line 48, in process_request
    host = request.get_host()
           ^^^^^^^^^^^^^^^^^^
  File "/usr/share/nginx/toornoi/.venv/lib/python3.12/site-packages/django/http/request.py", line 151, in get_host
    raise DisallowedHost(msg)
django.core.exceptions.DisallowedHost: Invalid HTTP_HOST header: '15.188.23.39'. You may need to add '15.188.23.39' to ALLOWED_HOSTS.
Bad Request: /ws/vendor/phpunit/phpunit/src/Util/PHP/eval-stdin.php
[11/Feb/2025 03:58:02] "GET /ws/vendor/phpunit/phpunit/src/Util/PHP/eval-stdin.php HTTP/1.1" 400 65611
Invalid HTTP_HOST header: '15.188.23.39'. You may need to add '15.188.23.39' to ALLOWED_HOSTS.
Traceback (most recent call last):
  File "/usr/share/nginx/toornoi/.venv/lib/python3.12/site-packages/django/core/handlers/exception.py", line 55, in inner
    response = get_response(request)
               ^^^^^^^^^^^^^^^^^^^^^
  File "/usr/share/nginx/toornoi/.venv/lib/python3.12/site-packages/django/utils/deprecation.py", line 128, in __call__
    response = self.process_request(request)
               ^^^^^^^^^^^^^^^^^^^^^^^^^^^^^
  File "/usr/share/nginx/toornoi/.venv/lib/python3.12/site-packages/django/middleware/common.py", line 48, in process_request
    host = request.get_host()
           ^^^^^^^^^^^^^^^^^^
  File "/usr/share/nginx/toornoi/.venv/lib/python3.12/site-packages/django/http/request.py", line 151, in get_host
    raise DisallowedHost(msg)
django.core.exceptions.DisallowedHost: Invalid HTTP_HOST header: '15.188.23.39'. You may need to add '15.188.23.39' to ALLOWED_HOSTS.
Bad Request: /yii/vendor/phpunit/phpunit/src/Util/PHP/eval-stdin.php
[11/Feb/2025 03:58:05] "GET /yii/vendor/phpunit/phpunit/src/Util/PHP/eval-stdin.php HTTP/1.1" 400 65622
Invalid HTTP_HOST header: '15.188.23.39'. You may need to add '15.188.23.39' to ALLOWED_HOSTS.
Traceback (most recent call last):
  File "/usr/share/nginx/toornoi/.venv/lib/python3.12/site-packages/django/core/handlers/exception.py", line 55, in inner
    response = get_response(request)
               ^^^^^^^^^^^^^^^^^^^^^
  File "/usr/share/nginx/toornoi/.venv/lib/python3.12/site-packages/django/utils/deprecation.py", line 128, in __call__
    response = self.process_request(request)
               ^^^^^^^^^^^^^^^^^^^^^^^^^^^^^
  File "/usr/share/nginx/toornoi/.venv/lib/python3.12/site-packages/django/middleware/common.py", line 48, in process_request
    host = request.get_host()
           ^^^^^^^^^^^^^^^^^^
  File "/usr/share/nginx/toornoi/.venv/lib/python3.12/site-packages/django/http/request.py", line 151, in get_host
    raise DisallowedHost(msg)
django.core.exceptions.DisallowedHost: Invalid HTTP_HOST header: '15.188.23.39'. You may need to add '15.188.23.39' to ALLOWED_HOSTS.
Bad Request: /zend/vendor/phpunit/phpunit/src/Util/PHP/eval-stdin.php
[11/Feb/2025 03:58:08] "GET /zend/vendor/phpunit/phpunit/src/Util/PHP/eval-stdin.php HTTP/1.1" 400 65633
Invalid HTTP_HOST header: '15.188.23.39'. You may need to add '15.188.23.39' to ALLOWED_HOSTS.
Traceback (most recent call last):
  File "/usr/share/nginx/toornoi/.venv/lib/python3.12/site-packages/django/core/handlers/exception.py", line 55, in inner
    response = get_response(request)
               ^^^^^^^^^^^^^^^^^^^^^
  File "/usr/share/nginx/toornoi/.venv/lib/python3.12/site-packages/django/utils/deprecation.py", line 128, in __call__
    response = self.process_request(request)
               ^^^^^^^^^^^^^^^^^^^^^^^^^^^^^
  File "/usr/share/nginx/toornoi/.venv/lib/python3.12/site-packages/django/middleware/common.py", line 48, in process_request
    host = request.get_host()
           ^^^^^^^^^^^^^^^^^^
  File "/usr/share/nginx/toornoi/.venv/lib/python3.12/site-packages/django/http/request.py", line 151, in get_host
    raise DisallowedHost(msg)
django.core.exceptions.DisallowedHost: Invalid HTTP_HOST header: '15.188.23.39'. You may need to add '15.188.23.39' to ALLOWED_HOSTS.
Bad Request: /ws/ec/vendor/phpunit/phpunit/src/Util/PHP/eval-stdin.php
[11/Feb/2025 03:58:24] "GET /ws/ec/vendor/phpunit/phpunit/src/Util/PHP/eval-stdin.php HTTP/1.1" 400 65644
Invalid HTTP_HOST header: '15.188.23.39'. You may need to add '15.188.23.39' to ALLOWED_HOSTS.
Traceback (most recent call last):
  File "/usr/share/nginx/toornoi/.venv/lib/python3.12/site-packages/django/core/handlers/exception.py", line 55, in inner
    response = get_response(request)
               ^^^^^^^^^^^^^^^^^^^^^
  File "/usr/share/nginx/toornoi/.venv/lib/python3.12/site-packages/django/utils/deprecation.py", line 128, in __call__
    response = self.process_request(request)
               ^^^^^^^^^^^^^^^^^^^^^^^^^^^^^
  File "/usr/share/nginx/toornoi/.venv/lib/python3.12/site-packages/django/middleware/common.py", line 48, in process_request
    host = request.get_host()
           ^^^^^^^^^^^^^^^^^^
  File "/usr/share/nginx/toornoi/.venv/lib/python3.12/site-packages/django/http/request.py", line 151, in get_host
    raise DisallowedHost(msg)
django.core.exceptions.DisallowedHost: Invalid HTTP_HOST header: '15.188.23.39'. You may need to add '15.188.23.39' to ALLOWED_HOSTS.
Bad Request: /V2/vendor/phpunit/phpunit/src/Util/PHP/eval-stdin.php
[11/Feb/2025 03:58:31] "GET /V2/vendor/phpunit/phpunit/src/Util/PHP/eval-stdin.php HTTP/1.1" 400 65611
Invalid HTTP_HOST header: '15.188.23.39'. You may need to add '15.188.23.39' to ALLOWED_HOSTS.
Traceback (most recent call last):
  File "/usr/share/nginx/toornoi/.venv/lib/python3.12/site-packages/django/core/handlers/exception.py", line 55, in inner
    response = get_response(request)
               ^^^^^^^^^^^^^^^^^^^^^
  File "/usr/share/nginx/toornoi/.venv/lib/python3.12/site-packages/django/utils/deprecation.py", line 128, in __call__
    response = self.process_request(request)
               ^^^^^^^^^^^^^^^^^^^^^^^^^^^^^
  File "/usr/share/nginx/toornoi/.venv/lib/python3.12/site-packages/django/middleware/common.py", line 48, in process_request
    host = request.get_host()
           ^^^^^^^^^^^^^^^^^^
  File "/usr/share/nginx/toornoi/.venv/lib/python3.12/site-packages/django/http/request.py", line 151, in get_host
    raise DisallowedHost(msg)
django.core.exceptions.DisallowedHost: Invalid HTTP_HOST header: '15.188.23.39'. You may need to add '15.188.23.39' to ALLOWED_HOSTS.
Bad Request: /tests/vendor/phpunit/phpunit/src/Util/PHP/eval-stdin.php
[11/Feb/2025 03:58:42] "GET /tests/vendor/phpunit/phpunit/src/Util/PHP/eval-stdin.php HTTP/1.1" 400 65644
Invalid HTTP_HOST header: '15.188.23.39'. You may need to add '15.188.23.39' to ALLOWED_HOSTS.
Traceback (most recent call last):
  File "/usr/share/nginx/toornoi/.venv/lib/python3.12/site-packages/django/core/handlers/exception.py", line 55, in inner
    response = get_response(request)
               ^^^^^^^^^^^^^^^^^^^^^
  File "/usr/share/nginx/toornoi/.venv/lib/python3.12/site-packages/django/utils/deprecation.py", line 128, in __call__
    response = self.process_request(request)
               ^^^^^^^^^^^^^^^^^^^^^^^^^^^^^
  File "/usr/share/nginx/toornoi/.venv/lib/python3.12/site-packages/django/middleware/common.py", line 48, in process_request
    host = request.get_host()
           ^^^^^^^^^^^^^^^^^^
  File "/usr/share/nginx/toornoi/.venv/lib/python3.12/site-packages/django/http/request.py", line 151, in get_host
    raise DisallowedHost(msg)
django.core.exceptions.DisallowedHost: Invalid HTTP_HOST header: '15.188.23.39'. You may need to add '15.188.23.39' to ALLOWED_HOSTS.
Bad Request: /test/vendor/phpunit/phpunit/src/Util/PHP/eval-stdin.php
[11/Feb/2025 03:58:47] "GET /test/vendor/phpunit/phpunit/src/Util/PHP/eval-stdin.php HTTP/1.1" 400 65633
Invalid HTTP_HOST header: '15.188.23.39'. You may need to add '15.188.23.39' to ALLOWED_HOSTS.
Traceback (most recent call last):
  File "/usr/share/nginx/toornoi/.venv/lib/python3.12/site-packages/django/core/handlers/exception.py", line 55, in inner
    response = get_response(request)
               ^^^^^^^^^^^^^^^^^^^^^
  File "/usr/share/nginx/toornoi/.venv/lib/python3.12/site-packages/django/utils/deprecation.py", line 128, in __call__
    response = self.process_request(request)
               ^^^^^^^^^^^^^^^^^^^^^^^^^^^^^
  File "/usr/share/nginx/toornoi/.venv/lib/python3.12/site-packages/django/middleware/common.py", line 48, in process_request
    host = request.get_host()
           ^^^^^^^^^^^^^^^^^^
  File "/usr/share/nginx/toornoi/.venv/lib/python3.12/site-packages/django/http/request.py", line 151, in get_host
    raise DisallowedHost(msg)
django.core.exceptions.DisallowedHost: Invalid HTTP_HOST header: '15.188.23.39'. You may need to add '15.188.23.39' to ALLOWED_HOSTS.
Bad Request: /testing/vendor/phpunit/phpunit/src/Util/PHP/eval-stdin.php
[11/Feb/2025 03:58:53] "GET /testing/vendor/phpunit/phpunit/src/Util/PHP/eval-stdin.php HTTP/1.1" 400 65666
Invalid HTTP_HOST header: '15.188.23.39'. You may need to add '15.188.23.39' to ALLOWED_HOSTS.
Traceback (most recent call last):
  File "/usr/share/nginx/toornoi/.venv/lib/python3.12/site-packages/django/core/handlers/exception.py", line 55, in inner
    response = get_response(request)
               ^^^^^^^^^^^^^^^^^^^^^
  File "/usr/share/nginx/toornoi/.venv/lib/python3.12/site-packages/django/utils/deprecation.py", line 128, in __call__
    response = self.process_request(request)
               ^^^^^^^^^^^^^^^^^^^^^^^^^^^^^
  File "/usr/share/nginx/toornoi/.venv/lib/python3.12/site-packages/django/middleware/common.py", line 48, in process_request
    host = request.get_host()
           ^^^^^^^^^^^^^^^^^^
  File "/usr/share/nginx/toornoi/.venv/lib/python3.12/site-packages/django/http/request.py", line 151, in get_host
    raise DisallowedHost(msg)
django.core.exceptions.DisallowedHost: Invalid HTTP_HOST header: '15.188.23.39'. You may need to add '15.188.23.39' to ALLOWED_HOSTS.
Bad Request: /api/vendor/phpunit/phpunit/src/Util/PHP/eval-stdin.php
[11/Feb/2025 03:58:56] "GET /api/vendor/phpunit/phpunit/src/Util/PHP/eval-stdin.php HTTP/1.1" 400 65622
Invalid HTTP_HOST header: '15.188.23.39'. You may need to add '15.188.23.39' to ALLOWED_HOSTS.
Traceback (most recent call last):
  File "/usr/share/nginx/toornoi/.venv/lib/python3.12/site-packages/django/core/handlers/exception.py", line 55, in inner
    response = get_response(request)
               ^^^^^^^^^^^^^^^^^^^^^
  File "/usr/share/nginx/toornoi/.venv/lib/python3.12/site-packages/django/utils/deprecation.py", line 128, in __call__
    response = self.process_request(request)
               ^^^^^^^^^^^^^^^^^^^^^^^^^^^^^
  File "/usr/share/nginx/toornoi/.venv/lib/python3.12/site-packages/django/middleware/common.py", line 48, in process_request
    host = request.get_host()
           ^^^^^^^^^^^^^^^^^^
  File "/usr/share/nginx/toornoi/.venv/lib/python3.12/site-packages/django/http/request.py", line 151, in get_host
    raise DisallowedHost(msg)
django.core.exceptions.DisallowedHost: Invalid HTTP_HOST header: '15.188.23.39'. You may need to add '15.188.23.39' to ALLOWED_HOSTS.
Bad Request: /demo/vendor/phpunit/phpunit/src/Util/PHP/eval-stdin.php
[11/Feb/2025 03:59:00] "GET /demo/vendor/phpunit/phpunit/src/Util/PHP/eval-stdin.php HTTP/1.1" 400 65633
Invalid HTTP_HOST header: '15.188.23.39'. You may need to add '15.188.23.39' to ALLOWED_HOSTS.
Traceback (most recent call last):
  File "/usr/share/nginx/toornoi/.venv/lib/python3.12/site-packages/django/core/handlers/exception.py", line 55, in inner
    response = get_response(request)
               ^^^^^^^^^^^^^^^^^^^^^
  File "/usr/share/nginx/toornoi/.venv/lib/python3.12/site-packages/django/utils/deprecation.py", line 128, in __call__
    response = self.process_request(request)
               ^^^^^^^^^^^^^^^^^^^^^^^^^^^^^
  File "/usr/share/nginx/toornoi/.venv/lib/python3.12/site-packages/django/middleware/common.py", line 48, in process_request
    host = request.get_host()
           ^^^^^^^^^^^^^^^^^^
  File "/usr/share/nginx/toornoi/.venv/lib/python3.12/site-packages/django/http/request.py", line 151, in get_host
    raise DisallowedHost(msg)
django.core.exceptions.DisallowedHost: Invalid HTTP_HOST header: '15.188.23.39'. You may need to add '15.188.23.39' to ALLOWED_HOSTS.
Bad Request: /cms/vendor/phpunit/phpunit/src/Util/PHP/eval-stdin.php
[11/Feb/2025 03:59:02] "GET /cms/vendor/phpunit/phpunit/src/Util/PHP/eval-stdin.php HTTP/1.1" 400 65622
Invalid HTTP_HOST header: '15.188.23.39'. You may need to add '15.188.23.39' to ALLOWED_HOSTS.
Traceback (most recent call last):
  File "/usr/share/nginx/toornoi/.venv/lib/python3.12/site-packages/django/core/handlers/exception.py", line 55, in inner
    response = get_response(request)
               ^^^^^^^^^^^^^^^^^^^^^
  File "/usr/share/nginx/toornoi/.venv/lib/python3.12/site-packages/django/utils/deprecation.py", line 128, in __call__
    response = self.process_request(request)
               ^^^^^^^^^^^^^^^^^^^^^^^^^^^^^
  File "/usr/share/nginx/toornoi/.venv/lib/python3.12/site-packages/django/middleware/common.py", line 48, in process_request
    host = request.get_host()
           ^^^^^^^^^^^^^^^^^^
  File "/usr/share/nginx/toornoi/.venv/lib/python3.12/site-packages/django/http/request.py", line 151, in get_host
    raise DisallowedHost(msg)
django.core.exceptions.DisallowedHost: Invalid HTTP_HOST header: '15.188.23.39'. You may need to add '15.188.23.39' to ALLOWED_HOSTS.
Bad Request: /crm/vendor/phpunit/phpunit/src/Util/PHP/eval-stdin.php
[11/Feb/2025 03:59:05] "GET /crm/vendor/phpunit/phpunit/src/Util/PHP/eval-stdin.php HTTP/1.1" 400 65622
Invalid HTTP_HOST header: '15.188.23.39'. You may need to add '15.188.23.39' to ALLOWED_HOSTS.
Traceback (most recent call last):
  File "/usr/share/nginx/toornoi/.venv/lib/python3.12/site-packages/django/core/handlers/exception.py", line 55, in inner
    response = get_response(request)
               ^^^^^^^^^^^^^^^^^^^^^
  File "/usr/share/nginx/toornoi/.venv/lib/python3.12/site-packages/django/utils/deprecation.py", line 128, in __call__
    response = self.process_request(request)
               ^^^^^^^^^^^^^^^^^^^^^^^^^^^^^
  File "/usr/share/nginx/toornoi/.venv/lib/python3.12/site-packages/django/middleware/common.py", line 48, in process_request
    host = request.get_host()
           ^^^^^^^^^^^^^^^^^^
  File "/usr/share/nginx/toornoi/.venv/lib/python3.12/site-packages/django/http/request.py", line 151, in get_host
    raise DisallowedHost(msg)
django.core.exceptions.DisallowedHost: Invalid HTTP_HOST header: '15.188.23.39'. You may need to add '15.188.23.39' to ALLOWED_HOSTS.
Bad Request: /admin/vendor/phpunit/phpunit/src/Util/PHP/eval-stdin.php
[11/Feb/2025 03:59:08] "GET /admin/vendor/phpunit/phpunit/src/Util/PHP/eval-stdin.php HTTP/1.1" 400 65763
Invalid HTTP_HOST header: '15.188.23.39'. You may need to add '15.188.23.39' to ALLOWED_HOSTS.
Traceback (most recent call last):
  File "/usr/share/nginx/toornoi/.venv/lib/python3.12/site-packages/django/core/handlers/exception.py", line 55, in inner
    response = get_response(request)
               ^^^^^^^^^^^^^^^^^^^^^
  File "/usr/share/nginx/toornoi/.venv/lib/python3.12/site-packages/django/utils/deprecation.py", line 128, in __call__
    response = self.process_request(request)
               ^^^^^^^^^^^^^^^^^^^^^^^^^^^^^
  File "/usr/share/nginx/toornoi/.venv/lib/python3.12/site-packages/django/middleware/common.py", line 48, in process_request
    host = request.get_host()
           ^^^^^^^^^^^^^^^^^^
  File "/usr/share/nginx/toornoi/.venv/lib/python3.12/site-packages/django/http/request.py", line 151, in get_host
    raise DisallowedHost(msg)
django.core.exceptions.DisallowedHost: Invalid HTTP_HOST header: '15.188.23.39'. You may need to add '15.188.23.39' to ALLOWED_HOSTS.
Bad Request: /backup/vendor/phpunit/phpunit/src/Util/PHP/eval-stdin.php
[11/Feb/2025 03:59:23] "GET /backup/vendor/phpunit/phpunit/src/Util/PHP/eval-stdin.php HTTP/1.1" 400 65655
Invalid HTTP_HOST header: '15.188.23.39'. You may need to add '15.188.23.39' to ALLOWED_HOSTS.
Traceback (most recent call last):
  File "/usr/share/nginx/toornoi/.venv/lib/python3.12/site-packages/django/core/handlers/exception.py", line 55, in inner
    response = get_response(request)
               ^^^^^^^^^^^^^^^^^^^^^
  File "/usr/share/nginx/toornoi/.venv/lib/python3.12/site-packages/django/utils/deprecation.py", line 128, in __call__
    response = self.process_request(request)
               ^^^^^^^^^^^^^^^^^^^^^^^^^^^^^
  File "/usr/share/nginx/toornoi/.venv/lib/python3.12/site-packages/django/middleware/common.py", line 48, in process_request
    host = request.get_host()
           ^^^^^^^^^^^^^^^^^^
  File "/usr/share/nginx/toornoi/.venv/lib/python3.12/site-packages/django/http/request.py", line 151, in get_host
    raise DisallowedHost(msg)
django.core.exceptions.DisallowedHost: Invalid HTTP_HOST header: '15.188.23.39'. You may need to add '15.188.23.39' to ALLOWED_HOSTS.
Bad Request: /blog/vendor/phpunit/phpunit/src/Util/PHP/eval-stdin.php
[11/Feb/2025 03:59:26] "GET /blog/vendor/phpunit/phpunit/src/Util/PHP/eval-stdin.php HTTP/1.1" 400 65633
Invalid HTTP_HOST header: '15.188.23.39'. You may need to add '15.188.23.39' to ALLOWED_HOSTS.
Traceback (most recent call last):
  File "/usr/share/nginx/toornoi/.venv/lib/python3.12/site-packages/django/core/handlers/exception.py", line 55, in inner
    response = get_response(request)
               ^^^^^^^^^^^^^^^^^^^^^
  File "/usr/share/nginx/toornoi/.venv/lib/python3.12/site-packages/django/utils/deprecation.py", line 128, in __call__
    response = self.process_request(request)
               ^^^^^^^^^^^^^^^^^^^^^^^^^^^^^
  File "/usr/share/nginx/toornoi/.venv/lib/python3.12/site-packages/django/middleware/common.py", line 48, in process_request
    host = request.get_host()
           ^^^^^^^^^^^^^^^^^^
  File "/usr/share/nginx/toornoi/.venv/lib/python3.12/site-packages/django/http/request.py", line 151, in get_host
    raise DisallowedHost(msg)
django.core.exceptions.DisallowedHost: Invalid HTTP_HOST header: '15.188.23.39'. You may need to add '15.188.23.39' to ALLOWED_HOSTS.
Bad Request: /workspace/drupal/vendor/phpunit/phpunit/src/Util/PHP/eval-stdin.php
[11/Feb/2025 03:59:29] "GET /workspace/drupal/vendor/phpunit/phpunit/src/Util/PHP/eval-stdin.php HTTP/1.1" 400 65765
Invalid HTTP_HOST header: '15.188.23.39'. You may need to add '15.188.23.39' to ALLOWED_HOSTS.
Traceback (most recent call last):
  File "/usr/share/nginx/toornoi/.venv/lib/python3.12/site-packages/django/core/handlers/exception.py", line 55, in inner
    response = get_response(request)
               ^^^^^^^^^^^^^^^^^^^^^
  File "/usr/share/nginx/toornoi/.venv/lib/python3.12/site-packages/django/utils/deprecation.py", line 128, in __call__
    response = self.process_request(request)
               ^^^^^^^^^^^^^^^^^^^^^^^^^^^^^
  File "/usr/share/nginx/toornoi/.venv/lib/python3.12/site-packages/django/middleware/common.py", line 48, in process_request
    host = request.get_host()
           ^^^^^^^^^^^^^^^^^^
  File "/usr/share/nginx/toornoi/.venv/lib/python3.12/site-packages/django/http/request.py", line 151, in get_host
    raise DisallowedHost(msg)
django.core.exceptions.DisallowedHost: Invalid HTTP_HOST header: '15.188.23.39'. You may need to add '15.188.23.39' to ALLOWED_HOSTS.
Bad Request: /panel/vendor/phpunit/phpunit/src/Util/PHP/eval-stdin.php
[11/Feb/2025 03:59:32] "GET /panel/vendor/phpunit/phpunit/src/Util/PHP/eval-stdin.php HTTP/1.1" 400 65644
Invalid HTTP_HOST header: '15.188.23.39'. You may need to add '15.188.23.39' to ALLOWED_HOSTS.
Traceback (most recent call last):
  File "/usr/share/nginx/toornoi/.venv/lib/python3.12/site-packages/django/core/handlers/exception.py", line 55, in inner
    response = get_response(request)
               ^^^^^^^^^^^^^^^^^^^^^
  File "/usr/share/nginx/toornoi/.venv/lib/python3.12/site-packages/django/utils/deprecation.py", line 128, in __call__
    response = self.process_request(request)
               ^^^^^^^^^^^^^^^^^^^^^^^^^^^^^
  File "/usr/share/nginx/toornoi/.venv/lib/python3.12/site-packages/django/middleware/common.py", line 48, in process_request
    host = request.get_host()
           ^^^^^^^^^^^^^^^^^^
  File "/usr/share/nginx/toornoi/.venv/lib/python3.12/site-packages/django/http/request.py", line 151, in get_host
    raise DisallowedHost(msg)
django.core.exceptions.DisallowedHost: Invalid HTTP_HOST header: '15.188.23.39'. You may need to add '15.188.23.39' to ALLOWED_HOSTS.
Bad Request: /public/vendor/phpunit/phpunit/src/Util/PHP/eval-stdin.php
[11/Feb/2025 03:59:35] "GET /public/vendor/phpunit/phpunit/src/Util/PHP/eval-stdin.php HTTP/1.1" 400 65655
Invalid HTTP_HOST header: '15.188.23.39'. You may need to add '15.188.23.39' to ALLOWED_HOSTS.
Traceback (most recent call last):
  File "/usr/share/nginx/toornoi/.venv/lib/python3.12/site-packages/django/core/handlers/exception.py", line 55, in inner
    response = get_response(request)
               ^^^^^^^^^^^^^^^^^^^^^
  File "/usr/share/nginx/toornoi/.venv/lib/python3.12/site-packages/django/utils/deprecation.py", line 128, in __call__
    response = self.process_request(request)
               ^^^^^^^^^^^^^^^^^^^^^^^^^^^^^
  File "/usr/share/nginx/toornoi/.venv/lib/python3.12/site-packages/django/middleware/common.py", line 48, in process_request
    host = request.get_host()
           ^^^^^^^^^^^^^^^^^^
  File "/usr/share/nginx/toornoi/.venv/lib/python3.12/site-packages/django/http/request.py", line 151, in get_host
    raise DisallowedHost(msg)
django.core.exceptions.DisallowedHost: Invalid HTTP_HOST header: '15.188.23.39'. You may need to add '15.188.23.39' to ALLOWED_HOSTS.
Bad Request: /apps/vendor/phpunit/phpunit/src/Util/PHP/eval-stdin.php
[11/Feb/2025 03:59:38] "GET /apps/vendor/phpunit/phpunit/src/Util/PHP/eval-stdin.php HTTP/1.1" 400 65633
Invalid HTTP_HOST header: '15.188.23.39'. You may need to add '15.188.23.39' to ALLOWED_HOSTS.
Traceback (most recent call last):
  File "/usr/share/nginx/toornoi/.venv/lib/python3.12/site-packages/django/core/handlers/exception.py", line 55, in inner
    response = get_response(request)
               ^^^^^^^^^^^^^^^^^^^^^
  File "/usr/share/nginx/toornoi/.venv/lib/python3.12/site-packages/django/utils/deprecation.py", line 128, in __call__
    response = self.process_request(request)
               ^^^^^^^^^^^^^^^^^^^^^^^^^^^^^
  File "/usr/share/nginx/toornoi/.venv/lib/python3.12/site-packages/django/middleware/common.py", line 48, in process_request
    host = request.get_host()
           ^^^^^^^^^^^^^^^^^^
  File "/usr/share/nginx/toornoi/.venv/lib/python3.12/site-packages/django/http/request.py", line 151, in get_host
    raise DisallowedHost(msg)
django.core.exceptions.DisallowedHost: Invalid HTTP_HOST header: '15.188.23.39'. You may need to add '15.188.23.39' to ALLOWED_HOSTS.
Bad Request: /app/vendor/phpunit/phpunit/src/Util/PHP/eval-stdin.php
[11/Feb/2025 03:59:42] "GET /app/vendor/phpunit/phpunit/src/Util/PHP/eval-stdin.php HTTP/1.1" 400 65622
Invalid HTTP_HOST header: '15.188.23.39'. You may need to add '15.188.23.39' to ALLOWED_HOSTS.
Traceback (most recent call last):
  File "/usr/share/nginx/toornoi/.venv/lib/python3.12/site-packages/django/core/handlers/exception.py", line 55, in inner
    response = get_response(request)
               ^^^^^^^^^^^^^^^^^^^^^
  File "/usr/share/nginx/toornoi/.venv/lib/python3.12/site-packages/django/utils/deprecation.py", line 128, in __call__
    response = self.process_request(request)
               ^^^^^^^^^^^^^^^^^^^^^^^^^^^^^
  File "/usr/share/nginx/toornoi/.venv/lib/python3.12/site-packages/django/middleware/common.py", line 48, in process_request
    host = request.get_host()
           ^^^^^^^^^^^^^^^^^^
  File "/usr/share/nginx/toornoi/.venv/lib/python3.12/site-packages/django/http/request.py", line 151, in get_host
    raise DisallowedHost(msg)
django.core.exceptions.DisallowedHost: Invalid HTTP_HOST header: '15.188.23.39'. You may need to add '15.188.23.39' to ALLOWED_HOSTS.
Bad Request: /index.php
[11/Feb/2025 03:59:45] "GET /index.php?s=/index/\think\app/invokefunction&function=call_user_func_array&vars[0]=md5&vars[1][]=Hello HTTP/1.1" 400 66637
Invalid HTTP_HOST header: '15.188.23.39'. You may need to add '15.188.23.39' to ALLOWED_HOSTS.
Traceback (most recent call last):
  File "/usr/share/nginx/toornoi/.venv/lib/python3.12/site-packages/django/core/handlers/exception.py", line 55, in inner
    response = get_response(request)
               ^^^^^^^^^^^^^^^^^^^^^
  File "/usr/share/nginx/toornoi/.venv/lib/python3.12/site-packages/django/utils/deprecation.py", line 128, in __call__
    response = self.process_request(request)
               ^^^^^^^^^^^^^^^^^^^^^^^^^^^^^
  File "/usr/share/nginx/toornoi/.venv/lib/python3.12/site-packages/django/middleware/common.py", line 48, in process_request
    host = request.get_host()
           ^^^^^^^^^^^^^^^^^^
  File "/usr/share/nginx/toornoi/.venv/lib/python3.12/site-packages/django/http/request.py", line 151, in get_host
    raise DisallowedHost(msg)
django.core.exceptions.DisallowedHost: Invalid HTTP_HOST header: '15.188.23.39'. You may need to add '15.188.23.39' to ALLOWED_HOSTS.
Bad Request: /public/index.php
[11/Feb/2025 03:59:47] "GET /public/index.php?s=/index/\think\app/invokefunction&function=call_user_func_array&vars[0]=md5&vars[1][]=Hello HTTP/1.1" 400 66714
Invalid HTTP_HOST header: '15.188.23.39'. You may need to add '15.188.23.39' to ALLOWED_HOSTS.
Traceback (most recent call last):
  File "/usr/share/nginx/toornoi/.venv/lib/python3.12/site-packages/django/core/handlers/exception.py", line 55, in inner
    response = get_response(request)
               ^^^^^^^^^^^^^^^^^^^^^
  File "/usr/share/nginx/toornoi/.venv/lib/python3.12/site-packages/django/utils/deprecation.py", line 128, in __call__
    response = self.process_request(request)
               ^^^^^^^^^^^^^^^^^^^^^^^^^^^^^
  File "/usr/share/nginx/toornoi/.venv/lib/python3.12/site-packages/django/middleware/common.py", line 48, in process_request
    host = request.get_host()
           ^^^^^^^^^^^^^^^^^^
  File "/usr/share/nginx/toornoi/.venv/lib/python3.12/site-packages/django/http/request.py", line 151, in get_host
    raise DisallowedHost(msg)
django.core.exceptions.DisallowedHost: Invalid HTTP_HOST header: '15.188.23.39'. You may need to add '15.188.23.39' to ALLOWED_HOSTS.
Bad Request: /index.php
[11/Feb/2025 03:59:50] "GET /index.php?lang=../../../../../../../../usr/local/lib/php/pearcmd&+config-create+/&/<?echo(md5("hi"));?>+/tmp/index1.php HTTP/1.1" 400 66681
Invalid HTTP_HOST header: '15.188.23.39'. You may need to add '15.188.23.39' to ALLOWED_HOSTS.
Traceback (most recent call last):
  File "/usr/share/nginx/toornoi/.venv/lib/python3.12/site-packages/django/core/handlers/exception.py", line 55, in inner
    response = get_response(request)
               ^^^^^^^^^^^^^^^^^^^^^
  File "/usr/share/nginx/toornoi/.venv/lib/python3.12/site-packages/django/utils/deprecation.py", line 128, in __call__
    response = self.process_request(request)
               ^^^^^^^^^^^^^^^^^^^^^^^^^^^^^
  File "/usr/share/nginx/toornoi/.venv/lib/python3.12/site-packages/django/middleware/common.py", line 48, in process_request
    host = request.get_host()
           ^^^^^^^^^^^^^^^^^^
  File "/usr/share/nginx/toornoi/.venv/lib/python3.12/site-packages/django/http/request.py", line 151, in get_host
    raise DisallowedHost(msg)
django.core.exceptions.DisallowedHost: Invalid HTTP_HOST header: '15.188.23.39'. You may need to add '15.188.23.39' to ALLOWED_HOSTS.
Bad Request: /index.php
[11/Feb/2025 03:59:54] "GET /index.php?lang=../../../../../../../../tmp/index1 HTTP/1.1" 400 65747
Invalid HTTP_HOST header: '15.188.23.39'. You may need to add '15.188.23.39' to ALLOWED_HOSTS.
Traceback (most recent call last):
  File "/usr/share/nginx/toornoi/.venv/lib/python3.12/site-packages/django/core/handlers/exception.py", line 55, in inner
    response = get_response(request)
               ^^^^^^^^^^^^^^^^^^^^^
  File "/usr/share/nginx/toornoi/.venv/lib/python3.12/site-packages/django/utils/deprecation.py", line 128, in __call__
    response = self.process_request(request)
               ^^^^^^^^^^^^^^^^^^^^^^^^^^^^^
  File "/usr/share/nginx/toornoi/.venv/lib/python3.12/site-packages/django/middleware/common.py", line 48, in process_request
    host = request.get_host()
           ^^^^^^^^^^^^^^^^^^
  File "/usr/share/nginx/toornoi/.venv/lib/python3.12/site-packages/django/http/request.py", line 151, in get_host
    raise DisallowedHost(msg)
django.core.exceptions.DisallowedHost: Invalid HTTP_HOST header: '15.188.23.39'. You may need to add '15.188.23.39' to ALLOWED_HOSTS.
Bad Request: /containers/json
[11/Feb/2025 03:59:57] "GET /containers/json HTTP/1.1" 400 65191
Invalid HTTP_HOST header: 'skuiok.xyz'. You may need to add 'skuiok.xyz' to ALLOWED_HOSTS.
Traceback (most recent call last):
  File "/usr/share/nginx/toornoi/.venv/lib/python3.12/site-packages/django/core/handlers/exception.py", line 55, in inner
    response = get_response(request)
               ^^^^^^^^^^^^^^^^^^^^^
  File "/usr/share/nginx/toornoi/.venv/lib/python3.12/site-packages/django/utils/deprecation.py", line 128, in __call__
    response = self.process_request(request)
               ^^^^^^^^^^^^^^^^^^^^^^^^^^^^^
  File "/usr/share/nginx/toornoi/.venv/lib/python3.12/site-packages/django/middleware/common.py", line 48, in process_request
    host = request.get_host()
           ^^^^^^^^^^^^^^^^^^
  File "/usr/share/nginx/toornoi/.venv/lib/python3.12/site-packages/django/http/request.py", line 151, in get_host
    raise DisallowedHost(msg)
django.core.exceptions.DisallowedHost: Invalid HTTP_HOST header: 'skuiok.xyz'. You may need to add 'skuiok.xyz' to ALLOWED_HOSTS.
Bad Request: /system/3r42qQ213gad33.php
[11/Feb/2025 05:43:59] "GET /system/3r42qQ213gad33.php HTTP/1.1" 400 65350
Invalid HTTP_HOST header: '15.188.23.39'. You may need to add '15.188.23.39' to ALLOWED_HOSTS.
Traceback (most recent call last):
  File "/usr/share/nginx/toornoi/.venv/lib/python3.12/site-packages/django/core/handlers/exception.py", line 55, in inner
    response = get_response(request)
               ^^^^^^^^^^^^^^^^^^^^^
  File "/usr/share/nginx/toornoi/.venv/lib/python3.12/site-packages/django/utils/deprecation.py", line 128, in __call__
    response = self.process_request(request)
               ^^^^^^^^^^^^^^^^^^^^^^^^^^^^^
  File "/usr/share/nginx/toornoi/.venv/lib/python3.12/site-packages/django/middleware/common.py", line 48, in process_request
    host = request.get_host()
           ^^^^^^^^^^^^^^^^^^
  File "/usr/share/nginx/toornoi/.venv/lib/python3.12/site-packages/django/http/request.py", line 151, in get_host
    raise DisallowedHost(msg)
django.core.exceptions.DisallowedHost: Invalid HTTP_HOST header: '15.188.23.39'. You may need to add '15.188.23.39' to ALLOWED_HOSTS.
Bad Request: /
[11/Feb/2025 05:54:22] "GET / HTTP/1.1" 400 65061
Invalid HTTP_HOST header: '15.188.23.39'. You may need to add '15.188.23.39' to ALLOWED_HOSTS.
Traceback (most recent call last):
  File "/usr/share/nginx/toornoi/.venv/lib/python3.12/site-packages/django/core/handlers/exception.py", line 55, in inner
    response = get_response(request)
               ^^^^^^^^^^^^^^^^^^^^^
  File "/usr/share/nginx/toornoi/.venv/lib/python3.12/site-packages/django/utils/deprecation.py", line 128, in __call__
    response = self.process_request(request)
               ^^^^^^^^^^^^^^^^^^^^^^^^^^^^^
  File "/usr/share/nginx/toornoi/.venv/lib/python3.12/site-packages/django/middleware/common.py", line 48, in process_request
    host = request.get_host()
           ^^^^^^^^^^^^^^^^^^
  File "/usr/share/nginx/toornoi/.venv/lib/python3.12/site-packages/django/http/request.py", line 151, in get_host
    raise DisallowedHost(msg)
django.core.exceptions.DisallowedHost: Invalid HTTP_HOST header: '15.188.23.39'. You may need to add '15.188.23.39' to ALLOWED_HOSTS.
Bad Request: /
[11/Feb/2025 06:21:08] "GET / HTTP/1.1" 400 65365
Invalid HTTP_HOST header: '15.188.23.39'. You may need to add '15.188.23.39' to ALLOWED_HOSTS.
Traceback (most recent call last):
  File "/usr/share/nginx/toornoi/.venv/lib/python3.12/site-packages/django/core/handlers/exception.py", line 55, in inner
    response = get_response(request)
               ^^^^^^^^^^^^^^^^^^^^^
  File "/usr/share/nginx/toornoi/.venv/lib/python3.12/site-packages/django/utils/deprecation.py", line 128, in __call__
    response = self.process_request(request)
               ^^^^^^^^^^^^^^^^^^^^^^^^^^^^^
  File "/usr/share/nginx/toornoi/.venv/lib/python3.12/site-packages/django/middleware/common.py", line 48, in process_request
    host = request.get_host()
           ^^^^^^^^^^^^^^^^^^
  File "/usr/share/nginx/toornoi/.venv/lib/python3.12/site-packages/django/http/request.py", line 151, in get_host
    raise DisallowedHost(msg)
django.core.exceptions.DisallowedHost: Invalid HTTP_HOST header: '15.188.23.39'. You may need to add '15.188.23.39' to ALLOWED_HOSTS.
Bad Request: /
[11/Feb/2025 06:21:39] "GET / HTTP/1.1" 400 65083
Invalid HTTP_HOST header: '15.188.23.39'. You may need to add '15.188.23.39' to ALLOWED_HOSTS.
Traceback (most recent call last):
  File "/usr/share/nginx/toornoi/.venv/lib/python3.12/site-packages/django/core/handlers/exception.py", line 55, in inner
    response = get_response(request)
               ^^^^^^^^^^^^^^^^^^^^^
  File "/usr/share/nginx/toornoi/.venv/lib/python3.12/site-packages/django/utils/deprecation.py", line 128, in __call__
    response = self.process_request(request)
               ^^^^^^^^^^^^^^^^^^^^^^^^^^^^^
  File "/usr/share/nginx/toornoi/.venv/lib/python3.12/site-packages/django/middleware/common.py", line 48, in process_request
    host = request.get_host()
           ^^^^^^^^^^^^^^^^^^
  File "/usr/share/nginx/toornoi/.venv/lib/python3.12/site-packages/django/http/request.py", line 151, in get_host
    raise DisallowedHost(msg)
django.core.exceptions.DisallowedHost: Invalid HTTP_HOST header: '15.188.23.39'. You may need to add '15.188.23.39' to ALLOWED_HOSTS.
Bad Request: /.env
[11/Feb/2025 06:43:09] "GET /.env HTTP/1.1" 400 65404
Invalid HTTP_HOST header: 'mm.durianrcs.com'. You may need to add 'mm.durianrcs.com' to ALLOWED_HOSTS.
Traceback (most recent call last):
  File "/usr/share/nginx/toornoi/.venv/lib/python3.12/site-packages/django/core/handlers/exception.py", line 55, in inner
    response = get_response(request)
               ^^^^^^^^^^^^^^^^^^^^^
  File "/usr/share/nginx/toornoi/.venv/lib/python3.12/site-packages/django/utils/deprecation.py", line 128, in __call__
    response = self.process_request(request)
               ^^^^^^^^^^^^^^^^^^^^^^^^^^^^^
  File "/usr/share/nginx/toornoi/.venv/lib/python3.12/site-packages/django/middleware/common.py", line 48, in process_request
    host = request.get_host()
           ^^^^^^^^^^^^^^^^^^
  File "/usr/share/nginx/toornoi/.venv/lib/python3.12/site-packages/django/http/request.py", line 151, in get_host
    raise DisallowedHost(msg)
django.core.exceptions.DisallowedHost: Invalid HTTP_HOST header: 'mm.durianrcs.com'. You may need to add 'mm.durianrcs.com' to ALLOWED_HOSTS.
Bad Request: /admin/index/login
[11/Feb/2025 07:05:42] "GET /admin/index/login HTTP/1.1" 400 65471
Invalid HTTP_HOST header: '15.188.23.39'. You may need to add '15.188.23.39' to ALLOWED_HOSTS.
Traceback (most recent call last):
  File "/usr/share/nginx/toornoi/.venv/lib/python3.12/site-packages/django/core/handlers/exception.py", line 55, in inner
    response = get_response(request)
               ^^^^^^^^^^^^^^^^^^^^^
  File "/usr/share/nginx/toornoi/.venv/lib/python3.12/site-packages/django/utils/deprecation.py", line 128, in __call__
    response = self.process_request(request)
               ^^^^^^^^^^^^^^^^^^^^^^^^^^^^^
  File "/usr/share/nginx/toornoi/.venv/lib/python3.12/site-packages/django/middleware/common.py", line 48, in process_request
    host = request.get_host()
           ^^^^^^^^^^^^^^^^^^
  File "/usr/share/nginx/toornoi/.venv/lib/python3.12/site-packages/django/http/request.py", line 151, in get_host
    raise DisallowedHost(msg)
django.core.exceptions.DisallowedHost: Invalid HTTP_HOST header: '15.188.23.39'. You may need to add '15.188.23.39' to ALLOWED_HOSTS.
Bad Request: /
[11/Feb/2025 08:24:25] "GET / HTTP/1.1" 400 65335
Invalid HTTP_HOST header: '15.188.23.39'. You may need to add '15.188.23.39' to ALLOWED_HOSTS.
Traceback (most recent call last):
  File "/usr/share/nginx/toornoi/.venv/lib/python3.12/site-packages/django/core/handlers/exception.py", line 55, in inner
    response = get_response(request)
               ^^^^^^^^^^^^^^^^^^^^^
  File "/usr/share/nginx/toornoi/.venv/lib/python3.12/site-packages/django/utils/deprecation.py", line 128, in __call__
    response = self.process_request(request)
               ^^^^^^^^^^^^^^^^^^^^^^^^^^^^^
  File "/usr/share/nginx/toornoi/.venv/lib/python3.12/site-packages/django/middleware/common.py", line 48, in process_request
    host = request.get_host()
           ^^^^^^^^^^^^^^^^^^
  File "/usr/share/nginx/toornoi/.venv/lib/python3.12/site-packages/django/http/request.py", line 151, in get_host
    raise DisallowedHost(msg)
django.core.exceptions.DisallowedHost: Invalid HTTP_HOST header: '15.188.23.39'. You may need to add '15.188.23.39' to ALLOWED_HOSTS.
Bad Request: /ab2g
[11/Feb/2025 08:24:41] "GET /ab2g HTTP/1.1" 400 65061
Invalid HTTP_HOST header: '15.188.23.39'. You may need to add '15.188.23.39' to ALLOWED_HOSTS.
Traceback (most recent call last):
  File "/usr/share/nginx/toornoi/.venv/lib/python3.12/site-packages/django/core/handlers/exception.py", line 55, in inner
    response = get_response(request)
               ^^^^^^^^^^^^^^^^^^^^^
  File "/usr/share/nginx/toornoi/.venv/lib/python3.12/site-packages/django/utils/deprecation.py", line 128, in __call__
    response = self.process_request(request)
               ^^^^^^^^^^^^^^^^^^^^^^^^^^^^^
  File "/usr/share/nginx/toornoi/.venv/lib/python3.12/site-packages/django/middleware/common.py", line 48, in process_request
    host = request.get_host()
           ^^^^^^^^^^^^^^^^^^
  File "/usr/share/nginx/toornoi/.venv/lib/python3.12/site-packages/django/http/request.py", line 151, in get_host
    raise DisallowedHost(msg)
django.core.exceptions.DisallowedHost: Invalid HTTP_HOST header: '15.188.23.39'. You may need to add '15.188.23.39' to ALLOWED_HOSTS.
Bad Request: /ab2h
[11/Feb/2025 08:24:41] "GET /ab2h HTTP/1.1" 400 65061
Invalid HTTP_HOST header: '15.188.23.39'. You may need to add '15.188.23.39' to ALLOWED_HOSTS.
Traceback (most recent call last):
  File "/usr/share/nginx/toornoi/.venv/lib/python3.12/site-packages/django/core/handlers/exception.py", line 55, in inner
    response = get_response(request)
               ^^^^^^^^^^^^^^^^^^^^^
  File "/usr/share/nginx/toornoi/.venv/lib/python3.12/site-packages/django/utils/deprecation.py", line 128, in __call__
    response = self.process_request(request)
               ^^^^^^^^^^^^^^^^^^^^^^^^^^^^^
  File "/usr/share/nginx/toornoi/.venv/lib/python3.12/site-packages/django/middleware/common.py", line 48, in process_request
    host = request.get_host()
           ^^^^^^^^^^^^^^^^^^
  File "/usr/share/nginx/toornoi/.venv/lib/python3.12/site-packages/django/http/request.py", line 151, in get_host
    raise DisallowedHost(msg)
django.core.exceptions.DisallowedHost: Invalid HTTP_HOST header: '15.188.23.39'. You may need to add '15.188.23.39' to ALLOWED_HOSTS.
Bad Request: /alive.php
[11/Feb/2025 08:24:41] "GET /alive.php HTTP/1.1" 400 65328
Invalid HTTP_HOST header: '15.188.23.39'. You may need to add '15.188.23.39' to ALLOWED_HOSTS.
Traceback (most recent call last):
  File "/usr/share/nginx/toornoi/.venv/lib/python3.12/site-packages/django/core/handlers/exception.py", line 55, in inner
    response = get_response(request)
               ^^^^^^^^^^^^^^^^^^^^^
  File "/usr/share/nginx/toornoi/.venv/lib/python3.12/site-packages/django/utils/deprecation.py", line 128, in __call__
    response = self.process_request(request)
               ^^^^^^^^^^^^^^^^^^^^^^^^^^^^^
  File "/usr/share/nginx/toornoi/.venv/lib/python3.12/site-packages/django/middleware/common.py", line 48, in process_request
    host = request.get_host()
           ^^^^^^^^^^^^^^^^^^
  File "/usr/share/nginx/toornoi/.venv/lib/python3.12/site-packages/django/http/request.py", line 151, in get_host
    raise DisallowedHost(msg)
django.core.exceptions.DisallowedHost: Invalid HTTP_HOST header: '15.188.23.39'. You may need to add '15.188.23.39' to ALLOWED_HOSTS.
Bad Request: /
[11/Feb/2025 08:24:42] "GET / HTTP/1.1" 400 65341
Invalid HTTP_HOST header: '15.188.23.39'. You may need to add '15.188.23.39' to ALLOWED_HOSTS.
Traceback (most recent call last):
  File "/usr/share/nginx/toornoi/.venv/lib/python3.12/site-packages/django/core/handlers/exception.py", line 55, in inner
    response = get_response(request)
               ^^^^^^^^^^^^^^^^^^^^^
  File "/usr/share/nginx/toornoi/.venv/lib/python3.12/site-packages/django/utils/deprecation.py", line 128, in __call__
    response = self.process_request(request)
               ^^^^^^^^^^^^^^^^^^^^^^^^^^^^^
  File "/usr/share/nginx/toornoi/.venv/lib/python3.12/site-packages/django/middleware/common.py", line 48, in process_request
    host = request.get_host()
           ^^^^^^^^^^^^^^^^^^
  File "/usr/share/nginx/toornoi/.venv/lib/python3.12/site-packages/django/http/request.py", line 151, in get_host
    raise DisallowedHost(msg)
django.core.exceptions.DisallowedHost: Invalid HTTP_HOST header: '15.188.23.39'. You may need to add '15.188.23.39' to ALLOWED_HOSTS.
Bad Request: /t4
[11/Feb/2025 08:24:42] "GET /t4 HTTP/1.1" 400 65019
Invalid HTTP_HOST header: '15.188.23.39'. You may need to add '15.188.23.39' to ALLOWED_HOSTS.
Traceback (most recent call last):
  File "/usr/share/nginx/toornoi/.venv/lib/python3.12/site-packages/django/core/handlers/exception.py", line 55, in inner
    response = get_response(request)
               ^^^^^^^^^^^^^^^^^^^^^
  File "/usr/share/nginx/toornoi/.venv/lib/python3.12/site-packages/django/utils/deprecation.py", line 128, in __call__
    response = self.process_request(request)
               ^^^^^^^^^^^^^^^^^^^^^^^^^^^^^
  File "/usr/share/nginx/toornoi/.venv/lib/python3.12/site-packages/django/middleware/common.py", line 48, in process_request
    host = request.get_host()
           ^^^^^^^^^^^^^^^^^^
  File "/usr/share/nginx/toornoi/.venv/lib/python3.12/site-packages/django/http/request.py", line 151, in get_host
    raise DisallowedHost(msg)
django.core.exceptions.DisallowedHost: Invalid HTTP_HOST header: '15.188.23.39'. You may need to add '15.188.23.39' to ALLOWED_HOSTS.
Bad Request: /favicon.ico
[11/Feb/2025 08:24:42] "GET /favicon.ico HTTP/1.1" 400 65350
Invalid HTTP_HOST header: '15.188.23.39'. You may need to add '15.188.23.39' to ALLOWED_HOSTS.
Traceback (most recent call last):
  File "/usr/share/nginx/toornoi/.venv/lib/python3.12/site-packages/django/core/handlers/exception.py", line 55, in inner
    response = get_response(request)
               ^^^^^^^^^^^^^^^^^^^^^
  File "/usr/share/nginx/toornoi/.venv/lib/python3.12/site-packages/django/utils/deprecation.py", line 128, in __call__
    response = self.process_request(request)
               ^^^^^^^^^^^^^^^^^^^^^^^^^^^^^
  File "/usr/share/nginx/toornoi/.venv/lib/python3.12/site-packages/django/middleware/common.py", line 48, in process_request
    host = request.get_host()
           ^^^^^^^^^^^^^^^^^^
  File "/usr/share/nginx/toornoi/.venv/lib/python3.12/site-packages/django/http/request.py", line 151, in get_host
    raise DisallowedHost(msg)
django.core.exceptions.DisallowedHost: Invalid HTTP_HOST header: '15.188.23.39'. You may need to add '15.188.23.39' to ALLOWED_HOSTS.
Bad Request: /
[11/Feb/2025 08:24:43] "GET / HTTP/1.1" 400 65655
Invalid HTTP_HOST header: '15.188.23.39'. You may need to add '15.188.23.39' to ALLOWED_HOSTS.
Traceback (most recent call last):
  File "/usr/share/nginx/toornoi/.venv/lib/python3.12/site-packages/django/core/handlers/exception.py", line 55, in inner
    response = get_response(request)
               ^^^^^^^^^^^^^^^^^^^^^
  File "/usr/share/nginx/toornoi/.venv/lib/python3.12/site-packages/django/utils/deprecation.py", line 128, in __call__
    response = self.process_request(request)
               ^^^^^^^^^^^^^^^^^^^^^^^^^^^^^
  File "/usr/share/nginx/toornoi/.venv/lib/python3.12/site-packages/django/middleware/common.py", line 48, in process_request
    host = request.get_host()
           ^^^^^^^^^^^^^^^^^^
  File "/usr/share/nginx/toornoi/.venv/lib/python3.12/site-packages/django/http/request.py", line 151, in get_host
    raise DisallowedHost(msg)
django.core.exceptions.DisallowedHost: Invalid HTTP_HOST header: '15.188.23.39'. You may need to add '15.188.23.39' to ALLOWED_HOSTS.
Bad Request: /teorema505
[11/Feb/2025 08:24:43] "GET /teorema505?t=1 HTTP/1.1" 400 65673
Invalid HTTP_HOST header: '15.188.23.39'. You may need to add '15.188.23.39' to ALLOWED_HOSTS.
Traceback (most recent call last):
  File "/usr/share/nginx/toornoi/.venv/lib/python3.12/site-packages/django/core/handlers/exception.py", line 55, in inner
    response = get_response(request)
               ^^^^^^^^^^^^^^^^^^^^^
  File "/usr/share/nginx/toornoi/.venv/lib/python3.12/site-packages/django/utils/deprecation.py", line 128, in __call__
    response = self.process_request(request)
               ^^^^^^^^^^^^^^^^^^^^^^^^^^^^^
  File "/usr/share/nginx/toornoi/.venv/lib/python3.12/site-packages/django/middleware/common.py", line 48, in process_request
    host = request.get_host()
           ^^^^^^^^^^^^^^^^^^
  File "/usr/share/nginx/toornoi/.venv/lib/python3.12/site-packages/django/http/request.py", line 151, in get_host
    raise DisallowedHost(msg)
django.core.exceptions.DisallowedHost: Invalid HTTP_HOST header: '15.188.23.39'. You may need to add '15.188.23.39' to ALLOWED_HOSTS.
Bad Request: /.env
[11/Feb/2025 08:32:25] "GET /.env HTTP/1.1" 400 65404
Invalid HTTP_HOST header: '15.188.23.39'. You may need to add '15.188.23.39' to ALLOWED_HOSTS.
Traceback (most recent call last):
  File "/usr/share/nginx/toornoi/.venv/lib/python3.12/site-packages/django/core/handlers/exception.py", line 55, in inner
    response = get_response(request)
               ^^^^^^^^^^^^^^^^^^^^^
  File "/usr/share/nginx/toornoi/.venv/lib/python3.12/site-packages/django/utils/deprecation.py", line 128, in __call__
    response = self.process_request(request)
               ^^^^^^^^^^^^^^^^^^^^^^^^^^^^^
  File "/usr/share/nginx/toornoi/.venv/lib/python3.12/site-packages/django/middleware/common.py", line 48, in process_request
    host = request.get_host()
           ^^^^^^^^^^^^^^^^^^
  File "/usr/share/nginx/toornoi/.venv/lib/python3.12/site-packages/django/http/request.py", line 151, in get_host
    raise DisallowedHost(msg)
django.core.exceptions.DisallowedHost: Invalid HTTP_HOST header: '15.188.23.39'. You may need to add '15.188.23.39' to ALLOWED_HOSTS.
Bad Request: /actuator/gateway/routes
[11/Feb/2025 08:38:52] "GET /actuator/gateway/routes HTTP/1.1" 400 65366
Invalid HTTP_HOST header: '15.188.23.39'. You may need to add '15.188.23.39' to ALLOWED_HOSTS.
Traceback (most recent call last):
  File "/usr/share/nginx/toornoi/.venv/lib/python3.12/site-packages/django/core/handlers/exception.py", line 55, in inner
    response = get_response(request)
               ^^^^^^^^^^^^^^^^^^^^^
  File "/usr/share/nginx/toornoi/.venv/lib/python3.12/site-packages/django/utils/deprecation.py", line 128, in __call__
    response = self.process_request(request)
               ^^^^^^^^^^^^^^^^^^^^^^^^^^^^^
  File "/usr/share/nginx/toornoi/.venv/lib/python3.12/site-packages/django/middleware/common.py", line 48, in process_request
    host = request.get_host()
           ^^^^^^^^^^^^^^^^^^
  File "/usr/share/nginx/toornoi/.venv/lib/python3.12/site-packages/django/http/request.py", line 151, in get_host
    raise DisallowedHost(msg)
django.core.exceptions.DisallowedHost: Invalid HTTP_HOST header: '15.188.23.39'. You may need to add '15.188.23.39' to ALLOWED_HOSTS.
Bad Request: /
[11/Feb/2025 08:56:39] "GET / HTTP/1.1" 400 65597
[11/Feb/2025 09:16:03] "GET / HTTP/1.1" 200 5660
Not Found: /favicon.ico
[11/Feb/2025 09:16:05] "GET /favicon.ico HTTP/1.1" 404 8624
Invalid HTTP_HOST header: '15.188.23.39'. You may need to add '15.188.23.39' to ALLOWED_HOSTS.
Traceback (most recent call last):
  File "/usr/share/nginx/toornoi/.venv/lib/python3.12/site-packages/django/core/handlers/exception.py", line 55, in inner
    response = get_response(request)
               ^^^^^^^^^^^^^^^^^^^^^
  File "/usr/share/nginx/toornoi/.venv/lib/python3.12/site-packages/django/utils/deprecation.py", line 128, in __call__
    response = self.process_request(request)
               ^^^^^^^^^^^^^^^^^^^^^^^^^^^^^
  File "/usr/share/nginx/toornoi/.venv/lib/python3.12/site-packages/django/middleware/common.py", line 48, in process_request
    host = request.get_host()
           ^^^^^^^^^^^^^^^^^^
  File "/usr/share/nginx/toornoi/.venv/lib/python3.12/site-packages/django/http/request.py", line 151, in get_host
    raise DisallowedHost(msg)
django.core.exceptions.DisallowedHost: Invalid HTTP_HOST header: '15.188.23.39'. You may need to add '15.188.23.39' to ALLOWED_HOSTS.
Bad Request: /
[11/Feb/2025 09:38:58] "GET / HTTP/1.1" 400 65359
Invalid HTTP_HOST header: '15.188.23.39'. You may need to add '15.188.23.39' to ALLOWED_HOSTS.
Traceback (most recent call last):
  File "/usr/share/nginx/toornoi/.venv/lib/python3.12/site-packages/django/core/handlers/exception.py", line 55, in inner
    response = get_response(request)
               ^^^^^^^^^^^^^^^^^^^^^
  File "/usr/share/nginx/toornoi/.venv/lib/python3.12/site-packages/django/utils/deprecation.py", line 128, in __call__
    response = self.process_request(request)
               ^^^^^^^^^^^^^^^^^^^^^^^^^^^^^
  File "/usr/share/nginx/toornoi/.venv/lib/python3.12/site-packages/django/middleware/common.py", line 48, in process_request
    host = request.get_host()
           ^^^^^^^^^^^^^^^^^^
  File "/usr/share/nginx/toornoi/.venv/lib/python3.12/site-packages/django/http/request.py", line 151, in get_host
    raise DisallowedHost(msg)
django.core.exceptions.DisallowedHost: Invalid HTTP_HOST header: '15.188.23.39'. You may need to add '15.188.23.39' to ALLOWED_HOSTS.
Bad Request: /
[11/Feb/2025 10:04:15] "GET / HTTP/1.1" 400 64857
Invalid HTTP_HOST header: '15.188.23.39'. You may need to add '15.188.23.39' to ALLOWED_HOSTS.
Traceback (most recent call last):
  File "/usr/share/nginx/toornoi/.venv/lib/python3.12/site-packages/django/core/handlers/exception.py", line 55, in inner
    response = get_response(request)
               ^^^^^^^^^^^^^^^^^^^^^
  File "/usr/share/nginx/toornoi/.venv/lib/python3.12/site-packages/django/utils/deprecation.py", line 128, in __call__
    response = self.process_request(request)
               ^^^^^^^^^^^^^^^^^^^^^^^^^^^^^
  File "/usr/share/nginx/toornoi/.venv/lib/python3.12/site-packages/django/middleware/common.py", line 48, in process_request
    host = request.get_host()
           ^^^^^^^^^^^^^^^^^^
  File "/usr/share/nginx/toornoi/.venv/lib/python3.12/site-packages/django/http/request.py", line 151, in get_host
    raise DisallowedHost(msg)
django.core.exceptions.DisallowedHost: Invalid HTTP_HOST header: '15.188.23.39'. You may need to add '15.188.23.39' to ALLOWED_HOSTS.
Bad Request: /server/.git/config
[11/Feb/2025 10:04:15] "GET /server/.git/config HTTP/1.1" 400 65079
Invalid HTTP_HOST header: '15.188.23.39'. You may need to add '15.188.23.39' to ALLOWED_HOSTS.
Traceback (most recent call last):
  File "/usr/share/nginx/toornoi/.venv/lib/python3.12/site-packages/django/core/handlers/exception.py", line 55, in inner
    response = get_response(request)
               ^^^^^^^^^^^^^^^^^^^^^
  File "/usr/share/nginx/toornoi/.venv/lib/python3.12/site-packages/django/utils/deprecation.py", line 128, in __call__
    response = self.process_request(request)
               ^^^^^^^^^^^^^^^^^^^^^^^^^^^^^
  File "/usr/share/nginx/toornoi/.venv/lib/python3.12/site-packages/django/middleware/common.py", line 48, in process_request
    host = request.get_host()
           ^^^^^^^^^^^^^^^^^^
  File "/usr/share/nginx/toornoi/.venv/lib/python3.12/site-packages/django/http/request.py", line 151, in get_host
    raise DisallowedHost(msg)
django.core.exceptions.DisallowedHost: Invalid HTTP_HOST header: '15.188.23.39'. You may need to add '15.188.23.39' to ALLOWED_HOSTS.
Bad Request: /media/.git/config
[11/Feb/2025 10:04:16] "GET /media/.git/config HTTP/1.1" 400 65068
Invalid HTTP_HOST header: '15.188.23.39'. You may need to add '15.188.23.39' to ALLOWED_HOSTS.
Traceback (most recent call last):
  File "/usr/share/nginx/toornoi/.venv/lib/python3.12/site-packages/django/core/handlers/exception.py", line 55, in inner
    response = get_response(request)
               ^^^^^^^^^^^^^^^^^^^^^
  File "/usr/share/nginx/toornoi/.venv/lib/python3.12/site-packages/django/utils/deprecation.py", line 128, in __call__
    response = self.process_request(request)
               ^^^^^^^^^^^^^^^^^^^^^^^^^^^^^
  File "/usr/share/nginx/toornoi/.venv/lib/python3.12/site-packages/django/middleware/common.py", line 48, in process_request
    host = request.get_host()
           ^^^^^^^^^^^^^^^^^^
  File "/usr/share/nginx/toornoi/.venv/lib/python3.12/site-packages/django/http/request.py", line 151, in get_host
    raise DisallowedHost(msg)
django.core.exceptions.DisallowedHost: Invalid HTTP_HOST header: '15.188.23.39'. You may need to add '15.188.23.39' to ALLOWED_HOSTS.
Bad Request: /.env.bak
[11/Feb/2025 10:04:16] "GET /.env.bak HTTP/1.1" 400 64969
Invalid HTTP_HOST header: '15.188.23.39'. You may need to add '15.188.23.39' to ALLOWED_HOSTS.
Traceback (most recent call last):
  File "/usr/share/nginx/toornoi/.venv/lib/python3.12/site-packages/django/core/handlers/exception.py", line 55, in inner
    response = get_response(request)
               ^^^^^^^^^^^^^^^^^^^^^
  File "/usr/share/nginx/toornoi/.venv/lib/python3.12/site-packages/django/utils/deprecation.py", line 128, in __call__
    response = self.process_request(request)
               ^^^^^^^^^^^^^^^^^^^^^^^^^^^^^
  File "/usr/share/nginx/toornoi/.venv/lib/python3.12/site-packages/django/middleware/common.py", line 48, in process_request
    host = request.get_host()
           ^^^^^^^^^^^^^^^^^^
  File "/usr/share/nginx/toornoi/.venv/lib/python3.12/site-packages/django/http/request.py", line 151, in get_host
    raise DisallowedHost(msg)
django.core.exceptions.DisallowedHost: Invalid HTTP_HOST header: '15.188.23.39'. You may need to add '15.188.23.39' to ALLOWED_HOSTS.
Bad Request: /.env.ci
[11/Feb/2025 10:04:16] "GET /.env.ci HTTP/1.1" 400 64958
Invalid HTTP_HOST header: '15.188.23.39'. You may need to add '15.188.23.39' to ALLOWED_HOSTS.
Traceback (most recent call last):
  File "/usr/share/nginx/toornoi/.venv/lib/python3.12/site-packages/django/core/handlers/exception.py", line 55, in inner
    response = get_response(request)
               ^^^^^^^^^^^^^^^^^^^^^
  File "/usr/share/nginx/toornoi/.venv/lib/python3.12/site-packages/django/utils/deprecation.py", line 128, in __call__
    response = self.process_request(request)
               ^^^^^^^^^^^^^^^^^^^^^^^^^^^^^
  File "/usr/share/nginx/toornoi/.venv/lib/python3.12/site-packages/django/middleware/common.py", line 48, in process_request
    host = request.get_host()
           ^^^^^^^^^^^^^^^^^^
  File "/usr/share/nginx/toornoi/.venv/lib/python3.12/site-packages/django/http/request.py", line 151, in get_host
    raise DisallowedHost(msg)
django.core.exceptions.DisallowedHost: Invalid HTTP_HOST header: '15.188.23.39'. You may need to add '15.188.23.39' to ALLOWED_HOSTS.
Bad Request: /.env.stage
[11/Feb/2025 10:04:16] "GET /.env.stage HTTP/1.1" 400 64991
Invalid HTTP_HOST header: '15.188.23.39'. You may need to add '15.188.23.39' to ALLOWED_HOSTS.
Traceback (most recent call last):
  File "/usr/share/nginx/toornoi/.venv/lib/python3.12/site-packages/django/core/handlers/exception.py", line 55, in inner
    response = get_response(request)
               ^^^^^^^^^^^^^^^^^^^^^
  File "/usr/share/nginx/toornoi/.venv/lib/python3.12/site-packages/django/utils/deprecation.py", line 128, in __call__
    response = self.process_request(request)
               ^^^^^^^^^^^^^^^^^^^^^^^^^^^^^
  File "/usr/share/nginx/toornoi/.venv/lib/python3.12/site-packages/django/middleware/common.py", line 48, in process_request
    host = request.get_host()
           ^^^^^^^^^^^^^^^^^^
  File "/usr/share/nginx/toornoi/.venv/lib/python3.12/site-packages/django/http/request.py", line 151, in get_host
    raise DisallowedHost(msg)
django.core.exceptions.DisallowedHost: Invalid HTTP_HOST header: '15.188.23.39'. You may need to add '15.188.23.39' to ALLOWED_HOSTS.
Bad Request: /.env.test
[11/Feb/2025 10:04:16] "GET /.env.test HTTP/1.1" 400 64980
Invalid HTTP_HOST header: '15.188.23.39'. You may need to add '15.188.23.39' to ALLOWED_HOSTS.
Traceback (most recent call last):
  File "/usr/share/nginx/toornoi/.venv/lib/python3.12/site-packages/django/core/handlers/exception.py", line 55, in inner
    response = get_response(request)
               ^^^^^^^^^^^^^^^^^^^^^
  File "/usr/share/nginx/toornoi/.venv/lib/python3.12/site-packages/django/utils/deprecation.py", line 128, in __call__
    response = self.process_request(request)
               ^^^^^^^^^^^^^^^^^^^^^^^^^^^^^
  File "/usr/share/nginx/toornoi/.venv/lib/python3.12/site-packages/django/middleware/common.py", line 48, in process_request
    host = request.get_host()
           ^^^^^^^^^^^^^^^^^^
  File "/usr/share/nginx/toornoi/.venv/lib/python3.12/site-packages/django/http/request.py", line 151, in get_host
    raise DisallowedHost(msg)
django.core.exceptions.DisallowedHost: Invalid HTTP_HOST header: '15.188.23.39'. You may need to add '15.188.23.39' to ALLOWED_HOSTS.
Bad Request: /config.json
[11/Feb/2025 10:04:16] "GET /config.json HTTP/1.1" 400 65002
Invalid HTTP_HOST header: '15.188.23.39'. You may need to add '15.188.23.39' to ALLOWED_HOSTS.
Traceback (most recent call last):
  File "/usr/share/nginx/toornoi/.venv/lib/python3.12/site-packages/django/core/handlers/exception.py", line 55, in inner
    response = get_response(request)
               ^^^^^^^^^^^^^^^^^^^^^
  File "/usr/share/nginx/toornoi/.venv/lib/python3.12/site-packages/django/utils/deprecation.py", line 128, in __call__
    response = self.process_request(request)
               ^^^^^^^^^^^^^^^^^^^^^^^^^^^^^
  File "/usr/share/nginx/toornoi/.venv/lib/python3.12/site-packages/django/middleware/common.py", line 48, in process_request
    host = request.get_host()
           ^^^^^^^^^^^^^^^^^^
  File "/usr/share/nginx/toornoi/.venv/lib/python3.12/site-packages/django/http/request.py", line 151, in get_host
    raise DisallowedHost(msg)
django.core.exceptions.DisallowedHost: Invalid HTTP_HOST header: '15.188.23.39'. You may need to add '15.188.23.39' to ALLOWED_HOSTS.
Bad Request: /.env.preprod
[11/Feb/2025 10:04:16] "GET /.env.preprod HTTP/1.1" 400 65013
Invalid HTTP_HOST header: '15.188.23.39'. You may need to add '15.188.23.39' to ALLOWED_HOSTS.
Traceback (most recent call last):
  File "/usr/share/nginx/toornoi/.venv/lib/python3.12/site-packages/django/core/handlers/exception.py", line 55, in inner
    response = get_response(request)
               ^^^^^^^^^^^^^^^^^^^^^
  File "/usr/share/nginx/toornoi/.venv/lib/python3.12/site-packages/django/utils/deprecation.py", line 128, in __call__
    response = self.process_request(request)
               ^^^^^^^^^^^^^^^^^^^^^^^^^^^^^
  File "/usr/share/nginx/toornoi/.venv/lib/python3.12/site-packages/django/middleware/common.py", line 48, in process_request
    host = request.get_host()
           ^^^^^^^^^^^^^^^^^^
  File "/usr/share/nginx/toornoi/.venv/lib/python3.12/site-packages/django/http/request.py", line 151, in get_host
    raise DisallowedHost(msg)
django.core.exceptions.DisallowedHost: Invalid HTTP_HOST header: '15.188.23.39'. You may need to add '15.188.23.39' to ALLOWED_HOSTS.
Bad Request: /.env.template
[11/Feb/2025 10:04:16] "GET /.env.template HTTP/1.1" 400 65024
Invalid HTTP_HOST header: '15.188.23.39'. You may need to add '15.188.23.39' to ALLOWED_HOSTS.
Traceback (most recent call last):
  File "/usr/share/nginx/toornoi/.venv/lib/python3.12/site-packages/django/core/handlers/exception.py", line 55, in inner
    response = get_response(request)
               ^^^^^^^^^^^^^^^^^^^^^
  File "/usr/share/nginx/toornoi/.venv/lib/python3.12/site-packages/django/utils/deprecation.py", line 128, in __call__
    response = self.process_request(request)
               ^^^^^^^^^^^^^^^^^^^^^^^^^^^^^
  File "/usr/share/nginx/toornoi/.venv/lib/python3.12/site-packages/django/middleware/common.py", line 48, in process_request
    host = request.get_host()
           ^^^^^^^^^^^^^^^^^^
  File "/usr/share/nginx/toornoi/.venv/lib/python3.12/site-packages/django/http/request.py", line 151, in get_host
    raise DisallowedHost(msg)
django.core.exceptions.DisallowedHost: Invalid HTTP_HOST header: '15.188.23.39'. You may need to add '15.188.23.39' to ALLOWED_HOSTS.
Bad Request: /app/.git/config
[11/Feb/2025 10:04:16] "GET /app/.git/config HTTP/1.1" 400 65046
Invalid HTTP_HOST header: '15.188.23.39'. You may need to add '15.188.23.39' to ALLOWED_HOSTS.
Traceback (most recent call last):
  File "/usr/share/nginx/toornoi/.venv/lib/python3.12/site-packages/django/core/handlers/exception.py", line 55, in inner
    response = get_response(request)
               ^^^^^^^^^^^^^^^^^^^^^
  File "/usr/share/nginx/toornoi/.venv/lib/python3.12/site-packages/django/utils/deprecation.py", line 128, in __call__
    response = self.process_request(request)
               ^^^^^^^^^^^^^^^^^^^^^^^^^^^^^
  File "/usr/share/nginx/toornoi/.venv/lib/python3.12/site-packages/django/middleware/common.py", line 48, in process_request
    host = request.get_host()
           ^^^^^^^^^^^^^^^^^^
  File "/usr/share/nginx/toornoi/.venv/lib/python3.12/site-packages/django/http/request.py", line 151, in get_host
    raise DisallowedHost(msg)
django.core.exceptions.DisallowedHost: Invalid HTTP_HOST header: '15.188.23.39'. You may need to add '15.188.23.39' to ALLOWED_HOSTS.
Bad Request: /data/.git/config
[11/Feb/2025 10:04:17] "GET /data/.git/config HTTP/1.1" 400 65057
Invalid HTTP_HOST header: '15.188.23.39'. You may need to add '15.188.23.39' to ALLOWED_HOSTS.
Traceback (most recent call last):
  File "/usr/share/nginx/toornoi/.venv/lib/python3.12/site-packages/django/core/handlers/exception.py", line 55, in inner
    response = get_response(request)
               ^^^^^^^^^^^^^^^^^^^^^
  File "/usr/share/nginx/toornoi/.venv/lib/python3.12/site-packages/django/utils/deprecation.py", line 128, in __call__
    response = self.process_request(request)
               ^^^^^^^^^^^^^^^^^^^^^^^^^^^^^
  File "/usr/share/nginx/toornoi/.venv/lib/python3.12/site-packages/django/middleware/common.py", line 48, in process_request
    host = request.get_host()
           ^^^^^^^^^^^^^^^^^^
  File "/usr/share/nginx/toornoi/.venv/lib/python3.12/site-packages/django/http/request.py", line 151, in get_host
    raise DisallowedHost(msg)
django.core.exceptions.DisallowedHost: Invalid HTTP_HOST header: '15.188.23.39'. You may need to add '15.188.23.39' to ALLOWED_HOSTS.
Bad Request: /.env.development.local
[11/Feb/2025 10:04:17] "GET /.env.development.local HTTP/1.1" 400 65123
Invalid HTTP_HOST header: '15.188.23.39'. You may need to add '15.188.23.39' to ALLOWED_HOSTS.
Traceback (most recent call last):
  File "/usr/share/nginx/toornoi/.venv/lib/python3.12/site-packages/django/core/handlers/exception.py", line 55, in inner
    response = get_response(request)
               ^^^^^^^^^^^^^^^^^^^^^
  File "/usr/share/nginx/toornoi/.venv/lib/python3.12/site-packages/django/utils/deprecation.py", line 128, in __call__
    response = self.process_request(request)
               ^^^^^^^^^^^^^^^^^^^^^^^^^^^^^
  File "/usr/share/nginx/toornoi/.venv/lib/python3.12/site-packages/django/middleware/common.py", line 48, in process_request
    host = request.get_host()
           ^^^^^^^^^^^^^^^^^^
  File "/usr/share/nginx/toornoi/.venv/lib/python3.12/site-packages/django/http/request.py", line 151, in get_host
    raise DisallowedHost(msg)
django.core.exceptions.DisallowedHost: Invalid HTTP_HOST header: '15.188.23.39'. You may need to add '15.188.23.39' to ALLOWED_HOSTS.
Bad Request: /.env.dist
[11/Feb/2025 10:04:17] "GET /.env.dist HTTP/1.1" 400 64980
Invalid HTTP_HOST header: '15.188.23.39'. You may need to add '15.188.23.39' to ALLOWED_HOSTS.
Traceback (most recent call last):
  File "/usr/share/nginx/toornoi/.venv/lib/python3.12/site-packages/django/core/handlers/exception.py", line 55, in inner
    response = get_response(request)
               ^^^^^^^^^^^^^^^^^^^^^
  File "/usr/share/nginx/toornoi/.venv/lib/python3.12/site-packages/django/utils/deprecation.py", line 128, in __call__
    response = self.process_request(request)
               ^^^^^^^^^^^^^^^^^^^^^^^^^^^^^
  File "/usr/share/nginx/toornoi/.venv/lib/python3.12/site-packages/django/middleware/common.py", line 48, in process_request
    host = request.get_host()
           ^^^^^^^^^^^^^^^^^^
  File "/usr/share/nginx/toornoi/.venv/lib/python3.12/site-packages/django/http/request.py", line 151, in get_host
    raise DisallowedHost(msg)
django.core.exceptions.DisallowedHost: Invalid HTTP_HOST header: '15.188.23.39'. You may need to add '15.188.23.39' to ALLOWED_HOSTS.
Bad Request: /.env.testing
[11/Feb/2025 10:04:17] "GET /.env.testing HTTP/1.1" 400 65013
Invalid HTTP_HOST header: '15.188.23.39'. You may need to add '15.188.23.39' to ALLOWED_HOSTS.
Traceback (most recent call last):
  File "/usr/share/nginx/toornoi/.venv/lib/python3.12/site-packages/django/core/handlers/exception.py", line 55, in inner
    response = get_response(request)
               ^^^^^^^^^^^^^^^^^^^^^
  File "/usr/share/nginx/toornoi/.venv/lib/python3.12/site-packages/django/utils/deprecation.py", line 128, in __call__
    response = self.process_request(request)
               ^^^^^^^^^^^^^^^^^^^^^^^^^^^^^
  File "/usr/share/nginx/toornoi/.venv/lib/python3.12/site-packages/django/middleware/common.py", line 48, in process_request
    host = request.get_host()
           ^^^^^^^^^^^^^^^^^^
  File "/usr/share/nginx/toornoi/.venv/lib/python3.12/site-packages/django/http/request.py", line 151, in get_host
    raise DisallowedHost(msg)
django.core.exceptions.DisallowedHost: Invalid HTTP_HOST header: '15.188.23.39'. You may need to add '15.188.23.39' to ALLOWED_HOSTS.
Bad Request: /.env.save
[11/Feb/2025 10:04:17] "GET /.env.save HTTP/1.1" 400 64980
Invalid HTTP_HOST header: '15.188.23.39'. You may need to add '15.188.23.39' to ALLOWED_HOSTS.
Traceback (most recent call last):
  File "/usr/share/nginx/toornoi/.venv/lib/python3.12/site-packages/django/core/handlers/exception.py", line 55, in inner
    response = get_response(request)
               ^^^^^^^^^^^^^^^^^^^^^
  File "/usr/share/nginx/toornoi/.venv/lib/python3.12/site-packages/django/utils/deprecation.py", line 128, in __call__
    response = self.process_request(request)
               ^^^^^^^^^^^^^^^^^^^^^^^^^^^^^
  File "/usr/share/nginx/toornoi/.venv/lib/python3.12/site-packages/django/middleware/common.py", line 48, in process_request
    host = request.get_host()
           ^^^^^^^^^^^^^^^^^^
  File "/usr/share/nginx/toornoi/.venv/lib/python3.12/site-packages/django/http/request.py", line 151, in get_host
    raise DisallowedHost(msg)
django.core.exceptions.DisallowedHost: Invalid HTTP_HOST header: '15.188.23.39'. You may need to add '15.188.23.39' to ALLOWED_HOSTS.
Bad Request: /config/.env
[11/Feb/2025 10:04:17] "GET /config/.env HTTP/1.1" 400 65002
Invalid HTTP_HOST header: '15.188.23.39'. You may need to add '15.188.23.39' to ALLOWED_HOSTS.
Traceback (most recent call last):
  File "/usr/share/nginx/toornoi/.venv/lib/python3.12/site-packages/django/core/handlers/exception.py", line 55, in inner
    response = get_response(request)
               ^^^^^^^^^^^^^^^^^^^^^
  File "/usr/share/nginx/toornoi/.venv/lib/python3.12/site-packages/django/utils/deprecation.py", line 128, in __call__
    response = self.process_request(request)
               ^^^^^^^^^^^^^^^^^^^^^^^^^^^^^
  File "/usr/share/nginx/toornoi/.venv/lib/python3.12/site-packages/django/middleware/common.py", line 48, in process_request
    host = request.get_host()
           ^^^^^^^^^^^^^^^^^^
  File "/usr/share/nginx/toornoi/.venv/lib/python3.12/site-packages/django/http/request.py", line 151, in get_host
    raise DisallowedHost(msg)
django.core.exceptions.DisallowedHost: Invalid HTTP_HOST header: '15.188.23.39'. You may need to add '15.188.23.39' to ALLOWED_HOSTS.
Bad Request: /src/.git/config
[11/Feb/2025 10:04:17] "GET /src/.git/config HTTP/1.1" 400 65046
Invalid HTTP_HOST header: '15.188.23.39'. You may need to add '15.188.23.39' to ALLOWED_HOSTS.
Traceback (most recent call last):
  File "/usr/share/nginx/toornoi/.venv/lib/python3.12/site-packages/django/core/handlers/exception.py", line 55, in inner
    response = get_response(request)
               ^^^^^^^^^^^^^^^^^^^^^
  File "/usr/share/nginx/toornoi/.venv/lib/python3.12/site-packages/django/utils/deprecation.py", line 128, in __call__
    response = self.process_request(request)
               ^^^^^^^^^^^^^^^^^^^^^^^^^^^^^
  File "/usr/share/nginx/toornoi/.venv/lib/python3.12/site-packages/django/middleware/common.py", line 48, in process_request
    host = request.get_host()
           ^^^^^^^^^^^^^^^^^^
  File "/usr/share/nginx/toornoi/.venv/lib/python3.12/site-packages/django/http/request.py", line 151, in get_host
    raise DisallowedHost(msg)
django.core.exceptions.DisallowedHost: Invalid HTTP_HOST header: '15.188.23.39'. You may need to add '15.188.23.39' to ALLOWED_HOSTS.
Bad Request: /www/.git/config
[11/Feb/2025 10:04:17] "GET /www/.git/config HTTP/1.1" 400 65046
Invalid HTTP_HOST header: '15.188.23.39'. You may need to add '15.188.23.39' to ALLOWED_HOSTS.
Traceback (most recent call last):
  File "/usr/share/nginx/toornoi/.venv/lib/python3.12/site-packages/django/core/handlers/exception.py", line 55, in inner
    response = get_response(request)
               ^^^^^^^^^^^^^^^^^^^^^
  File "/usr/share/nginx/toornoi/.venv/lib/python3.12/site-packages/django/utils/deprecation.py", line 128, in __call__
    response = self.process_request(request)
               ^^^^^^^^^^^^^^^^^^^^^^^^^^^^^
  File "/usr/share/nginx/toornoi/.venv/lib/python3.12/site-packages/django/middleware/common.py", line 48, in process_request
    host = request.get_host()
           ^^^^^^^^^^^^^^^^^^
  File "/usr/share/nginx/toornoi/.venv/lib/python3.12/site-packages/django/http/request.py", line 151, in get_host
    raise DisallowedHost(msg)
django.core.exceptions.DisallowedHost: Invalid HTTP_HOST header: '15.188.23.39'. You may need to add '15.188.23.39' to ALLOWED_HOSTS.
Bad Request: /.env
[11/Feb/2025 10:04:17] "GET /.env HTTP/1.1" 400 65037
Invalid HTTP_HOST header: '15.188.23.39'. You may need to add '15.188.23.39' to ALLOWED_HOSTS.
Traceback (most recent call last):
  File "/usr/share/nginx/toornoi/.venv/lib/python3.12/site-packages/django/core/handlers/exception.py", line 55, in inner
    response = get_response(request)
               ^^^^^^^^^^^^^^^^^^^^^
  File "/usr/share/nginx/toornoi/.venv/lib/python3.12/site-packages/django/utils/deprecation.py", line 128, in __call__
    response = self.process_request(request)
               ^^^^^^^^^^^^^^^^^^^^^^^^^^^^^
  File "/usr/share/nginx/toornoi/.venv/lib/python3.12/site-packages/django/middleware/common.py", line 48, in process_request
    host = request.get_host()
           ^^^^^^^^^^^^^^^^^^
  File "/usr/share/nginx/toornoi/.venv/lib/python3.12/site-packages/django/http/request.py", line 151, in get_host
    raise DisallowedHost(msg)
django.core.exceptions.DisallowedHost: Invalid HTTP_HOST header: '15.188.23.39'. You may need to add '15.188.23.39' to ALLOWED_HOSTS.
Bad Request: /.env.default
[11/Feb/2025 10:04:17] "GET /.env.default HTTP/1.1" 400 65013
Invalid HTTP_HOST header: '15.188.23.39'. You may need to add '15.188.23.39' to ALLOWED_HOSTS.
Traceback (most recent call last):
  File "/usr/share/nginx/toornoi/.venv/lib/python3.12/site-packages/django/core/handlers/exception.py", line 55, in inner
    response = get_response(request)
               ^^^^^^^^^^^^^^^^^^^^^
  File "/usr/share/nginx/toornoi/.venv/lib/python3.12/site-packages/django/utils/deprecation.py", line 128, in __call__
    response = self.process_request(request)
               ^^^^^^^^^^^^^^^^^^^^^^^^^^^^^
  File "/usr/share/nginx/toornoi/.venv/lib/python3.12/site-packages/django/middleware/common.py", line 48, in process_request
    host = request.get_host()
           ^^^^^^^^^^^^^^^^^^
  File "/usr/share/nginx/toornoi/.venv/lib/python3.12/site-packages/django/http/request.py", line 151, in get_host
    raise DisallowedHost(msg)
django.core.exceptions.DisallowedHost: Invalid HTTP_HOST header: '15.188.23.39'. You may need to add '15.188.23.39' to ALLOWED_HOSTS.
Bad Request: /files/.git/config
[11/Feb/2025 10:04:18] "GET /files/.git/config HTTP/1.1" 400 65068
Invalid HTTP_HOST header: '15.188.23.39'. You may need to add '15.188.23.39' to ALLOWED_HOSTS.
Traceback (most recent call last):
  File "/usr/share/nginx/toornoi/.venv/lib/python3.12/site-packages/django/core/handlers/exception.py", line 55, in inner
    response = get_response(request)
               ^^^^^^^^^^^^^^^^^^^^^
  File "/usr/share/nginx/toornoi/.venv/lib/python3.12/site-packages/django/utils/deprecation.py", line 128, in __call__
    response = self.process_request(request)
               ^^^^^^^^^^^^^^^^^^^^^^^^^^^^^
  File "/usr/share/nginx/toornoi/.venv/lib/python3.12/site-packages/django/middleware/common.py", line 48, in process_request
    host = request.get_host()
           ^^^^^^^^^^^^^^^^^^
  File "/usr/share/nginx/toornoi/.venv/lib/python3.12/site-packages/django/http/request.py", line 151, in get_host
    raise DisallowedHost(msg)
django.core.exceptions.DisallowedHost: Invalid HTTP_HOST header: '15.188.23.39'. You may need to add '15.188.23.39' to ALLOWED_HOSTS.
Bad Request: /docker-compose.prod.yml
[11/Feb/2025 10:04:18] "GET /docker-compose.prod.yml HTTP/1.1" 400 65134
Invalid HTTP_HOST header: '15.188.23.39'. You may need to add '15.188.23.39' to ALLOWED_HOSTS.
Traceback (most recent call last):
  File "/usr/share/nginx/toornoi/.venv/lib/python3.12/site-packages/django/core/handlers/exception.py", line 55, in inner
    response = get_response(request)
               ^^^^^^^^^^^^^^^^^^^^^
  File "/usr/share/nginx/toornoi/.venv/lib/python3.12/site-packages/django/utils/deprecation.py", line 128, in __call__
    response = self.process_request(request)
               ^^^^^^^^^^^^^^^^^^^^^^^^^^^^^
  File "/usr/share/nginx/toornoi/.venv/lib/python3.12/site-packages/django/middleware/common.py", line 48, in process_request
    host = request.get_host()
           ^^^^^^^^^^^^^^^^^^
  File "/usr/share/nginx/toornoi/.venv/lib/python3.12/site-packages/django/http/request.py", line 151, in get_host
    raise DisallowedHost(msg)
django.core.exceptions.DisallowedHost: Invalid HTTP_HOST header: '15.188.23.39'. You may need to add '15.188.23.39' to ALLOWED_HOSTS.
Bad Request: /core/.git/config
[11/Feb/2025 10:04:18] "GET /core/.git/config HTTP/1.1" 400 65057
Invalid HTTP_HOST header: '15.188.23.39'. You may need to add '15.188.23.39' to ALLOWED_HOSTS.
Traceback (most recent call last):
  File "/usr/share/nginx/toornoi/.venv/lib/python3.12/site-packages/django/core/handlers/exception.py", line 55, in inner
    response = get_response(request)
               ^^^^^^^^^^^^^^^^^^^^^
  File "/usr/share/nginx/toornoi/.venv/lib/python3.12/site-packages/django/utils/deprecation.py", line 128, in __call__
    response = self.process_request(request)
               ^^^^^^^^^^^^^^^^^^^^^^^^^^^^^
  File "/usr/share/nginx/toornoi/.venv/lib/python3.12/site-packages/django/middleware/common.py", line 48, in process_request
    host = request.get_host()
           ^^^^^^^^^^^^^^^^^^
  File "/usr/share/nginx/toornoi/.venv/lib/python3.12/site-packages/django/http/request.py", line 151, in get_host
    raise DisallowedHost(msg)
django.core.exceptions.DisallowedHost: Invalid HTTP_HOST header: '15.188.23.39'. You may need to add '15.188.23.39' to ALLOWED_HOSTS.
Bad Request: /.env.sandbox
[11/Feb/2025 10:04:18] "GET /.env.sandbox HTTP/1.1" 400 65013
Invalid HTTP_HOST header: '15.188.23.39'. You may need to add '15.188.23.39' to ALLOWED_HOSTS.
Traceback (most recent call last):
  File "/usr/share/nginx/toornoi/.venv/lib/python3.12/site-packages/django/core/handlers/exception.py", line 55, in inner
    response = get_response(request)
               ^^^^^^^^^^^^^^^^^^^^^
  File "/usr/share/nginx/toornoi/.venv/lib/python3.12/site-packages/django/utils/deprecation.py", line 128, in __call__
    response = self.process_request(request)
               ^^^^^^^^^^^^^^^^^^^^^^^^^^^^^
  File "/usr/share/nginx/toornoi/.venv/lib/python3.12/site-packages/django/middleware/common.py", line 48, in process_request
    host = request.get_host()
           ^^^^^^^^^^^^^^^^^^
  File "/usr/share/nginx/toornoi/.venv/lib/python3.12/site-packages/django/http/request.py", line 151, in get_host
    raise DisallowedHost(msg)
django.core.exceptions.DisallowedHost: Invalid HTTP_HOST header: '15.188.23.39'. You may need to add '15.188.23.39' to ALLOWED_HOSTS.
Bad Request: /prod/.env
[11/Feb/2025 10:04:18] "GET /prod/.env HTTP/1.1" 400 64980
Invalid HTTP_HOST header: '15.188.23.39'. You may need to add '15.188.23.39' to ALLOWED_HOSTS.
Traceback (most recent call last):
  File "/usr/share/nginx/toornoi/.venv/lib/python3.12/site-packages/django/core/handlers/exception.py", line 55, in inner
    response = get_response(request)
               ^^^^^^^^^^^^^^^^^^^^^
  File "/usr/share/nginx/toornoi/.venv/lib/python3.12/site-packages/django/utils/deprecation.py", line 128, in __call__
    response = self.process_request(request)
               ^^^^^^^^^^^^^^^^^^^^^^^^^^^^^
  File "/usr/share/nginx/toornoi/.venv/lib/python3.12/site-packages/django/middleware/common.py", line 48, in process_request
    host = request.get_host()
           ^^^^^^^^^^^^^^^^^^
  File "/usr/share/nginx/toornoi/.venv/lib/python3.12/site-packages/django/http/request.py", line 151, in get_host
    raise DisallowedHost(msg)
django.core.exceptions.DisallowedHost: Invalid HTTP_HOST header: '15.188.23.39'. You may need to add '15.188.23.39' to ALLOWED_HOSTS.
Bad Request: /.git/config
[11/Feb/2025 10:04:18] "GET /.git/config HTTP/1.1" 400 65002
Invalid HTTP_HOST header: '15.188.23.39'. You may need to add '15.188.23.39' to ALLOWED_HOSTS.
Traceback (most recent call last):
  File "/usr/share/nginx/toornoi/.venv/lib/python3.12/site-packages/django/core/handlers/exception.py", line 55, in inner
    response = get_response(request)
               ^^^^^^^^^^^^^^^^^^^^^
  File "/usr/share/nginx/toornoi/.venv/lib/python3.12/site-packages/django/utils/deprecation.py", line 128, in __call__
    response = self.process_request(request)
               ^^^^^^^^^^^^^^^^^^^^^^^^^^^^^
  File "/usr/share/nginx/toornoi/.venv/lib/python3.12/site-packages/django/middleware/common.py", line 48, in process_request
    host = request.get_host()
           ^^^^^^^^^^^^^^^^^^
  File "/usr/share/nginx/toornoi/.venv/lib/python3.12/site-packages/django/http/request.py", line 151, in get_host
    raise DisallowedHost(msg)
django.core.exceptions.DisallowedHost: Invalid HTTP_HOST header: '15.188.23.39'. You may need to add '15.188.23.39' to ALLOWED_HOSTS.
Bad Request: /api/.env
[11/Feb/2025 10:04:18] "GET /api/.env HTTP/1.1" 400 64969
Invalid HTTP_HOST header: '15.188.23.39'. You may need to add '15.188.23.39' to ALLOWED_HOSTS.
Traceback (most recent call last):
  File "/usr/share/nginx/toornoi/.venv/lib/python3.12/site-packages/django/core/handlers/exception.py", line 55, in inner
    response = get_response(request)
               ^^^^^^^^^^^^^^^^^^^^^
  File "/usr/share/nginx/toornoi/.venv/lib/python3.12/site-packages/django/utils/deprecation.py", line 128, in __call__
    response = self.process_request(request)
               ^^^^^^^^^^^^^^^^^^^^^^^^^^^^^
  File "/usr/share/nginx/toornoi/.venv/lib/python3.12/site-packages/django/middleware/common.py", line 48, in process_request
    host = request.get_host()
           ^^^^^^^^^^^^^^^^^^
  File "/usr/share/nginx/toornoi/.venv/lib/python3.12/site-packages/django/http/request.py", line 151, in get_host
    raise DisallowedHost(msg)
django.core.exceptions.DisallowedHost: Invalid HTTP_HOST header: '15.188.23.39'. You may need to add '15.188.23.39' to ALLOWED_HOSTS.
Bad Request: /media../.git/config
[11/Feb/2025 10:04:18] "GET /media../.git/config HTTP/1.1" 400 65090
Invalid HTTP_HOST header: '15.188.23.39'. You may need to add '15.188.23.39' to ALLOWED_HOSTS.
Traceback (most recent call last):
  File "/usr/share/nginx/toornoi/.venv/lib/python3.12/site-packages/django/core/handlers/exception.py", line 55, in inner
    response = get_response(request)
               ^^^^^^^^^^^^^^^^^^^^^
  File "/usr/share/nginx/toornoi/.venv/lib/python3.12/site-packages/django/utils/deprecation.py", line 128, in __call__
    response = self.process_request(request)
               ^^^^^^^^^^^^^^^^^^^^^^^^^^^^^
  File "/usr/share/nginx/toornoi/.venv/lib/python3.12/site-packages/django/middleware/common.py", line 48, in process_request
    host = request.get_host()
           ^^^^^^^^^^^^^^^^^^
  File "/usr/share/nginx/toornoi/.venv/lib/python3.12/site-packages/django/http/request.py", line 151, in get_host
    raise DisallowedHost(msg)
django.core.exceptions.DisallowedHost: Invalid HTTP_HOST header: '15.188.23.39'. You may need to add '15.188.23.39' to ALLOWED_HOSTS.
Bad Request: /.env.backup
[11/Feb/2025 10:04:19] "GET /.env.backup HTTP/1.1" 400 65002
Invalid HTTP_HOST header: '15.188.23.39'. You may need to add '15.188.23.39' to ALLOWED_HOSTS.
Traceback (most recent call last):
  File "/usr/share/nginx/toornoi/.venv/lib/python3.12/site-packages/django/core/handlers/exception.py", line 55, in inner
    response = get_response(request)
               ^^^^^^^^^^^^^^^^^^^^^
  File "/usr/share/nginx/toornoi/.venv/lib/python3.12/site-packages/django/utils/deprecation.py", line 128, in __call__
    response = self.process_request(request)
               ^^^^^^^^^^^^^^^^^^^^^^^^^^^^^
  File "/usr/share/nginx/toornoi/.venv/lib/python3.12/site-packages/django/middleware/common.py", line 48, in process_request
    host = request.get_host()
           ^^^^^^^^^^^^^^^^^^
  File "/usr/share/nginx/toornoi/.venv/lib/python3.12/site-packages/django/http/request.py", line 151, in get_host
    raise DisallowedHost(msg)
django.core.exceptions.DisallowedHost: Invalid HTTP_HOST header: '15.188.23.39'. You may need to add '15.188.23.39' to ALLOWED_HOSTS.
Bad Request: /.env.prod
[11/Feb/2025 10:04:19] "GET /.env.prod HTTP/1.1" 400 64980
Invalid HTTP_HOST header: '15.188.23.39'. You may need to add '15.188.23.39' to ALLOWED_HOSTS.
Traceback (most recent call last):
  File "/usr/share/nginx/toornoi/.venv/lib/python3.12/site-packages/django/core/handlers/exception.py", line 55, in inner
    response = get_response(request)
               ^^^^^^^^^^^^^^^^^^^^^
  File "/usr/share/nginx/toornoi/.venv/lib/python3.12/site-packages/django/utils/deprecation.py", line 128, in __call__
    response = self.process_request(request)
               ^^^^^^^^^^^^^^^^^^^^^^^^^^^^^
  File "/usr/share/nginx/toornoi/.venv/lib/python3.12/site-packages/django/middleware/common.py", line 48, in process_request
    host = request.get_host()
           ^^^^^^^^^^^^^^^^^^
  File "/usr/share/nginx/toornoi/.venv/lib/python3.12/site-packages/django/http/request.py", line 151, in get_host
    raise DisallowedHost(msg)
django.core.exceptions.DisallowedHost: Invalid HTTP_HOST header: '15.188.23.39'. You may need to add '15.188.23.39' to ALLOWED_HOSTS.
Bad Request: /.env.secret
[11/Feb/2025 10:04:19] "GET /.env.secret HTTP/1.1" 400 65002
Invalid HTTP_HOST header: '15.188.23.39'. You may need to add '15.188.23.39' to ALLOWED_HOSTS.
Traceback (most recent call last):
  File "/usr/share/nginx/toornoi/.venv/lib/python3.12/site-packages/django/core/handlers/exception.py", line 55, in inner
    response = get_response(request)
               ^^^^^^^^^^^^^^^^^^^^^
  File "/usr/share/nginx/toornoi/.venv/lib/python3.12/site-packages/django/utils/deprecation.py", line 128, in __call__
    response = self.process_request(request)
               ^^^^^^^^^^^^^^^^^^^^^^^^^^^^^
  File "/usr/share/nginx/toornoi/.venv/lib/python3.12/site-packages/django/middleware/common.py", line 48, in process_request
    host = request.get_host()
           ^^^^^^^^^^^^^^^^^^
  File "/usr/share/nginx/toornoi/.venv/lib/python3.12/site-packages/django/http/request.py", line 151, in get_host
    raise DisallowedHost(msg)
django.core.exceptions.DisallowedHost: Invalid HTTP_HOST header: '15.188.23.39'. You may need to add '15.188.23.39' to ALLOWED_HOSTS.
Bad Request: /assets../.git/config
[11/Feb/2025 10:04:19] "GET /assets../.git/config HTTP/1.1" 400 65101
Invalid HTTP_HOST header: '15.188.23.39'. You may need to add '15.188.23.39' to ALLOWED_HOSTS.
Traceback (most recent call last):
  File "/usr/share/nginx/toornoi/.venv/lib/python3.12/site-packages/django/core/handlers/exception.py", line 55, in inner
    response = get_response(request)
               ^^^^^^^^^^^^^^^^^^^^^
  File "/usr/share/nginx/toornoi/.venv/lib/python3.12/site-packages/django/utils/deprecation.py", line 128, in __call__
    response = self.process_request(request)
               ^^^^^^^^^^^^^^^^^^^^^^^^^^^^^
  File "/usr/share/nginx/toornoi/.venv/lib/python3.12/site-packages/django/middleware/common.py", line 48, in process_request
    host = request.get_host()
           ^^^^^^^^^^^^^^^^^^
  File "/usr/share/nginx/toornoi/.venv/lib/python3.12/site-packages/django/http/request.py", line 151, in get_host
    raise DisallowedHost(msg)
django.core.exceptions.DisallowedHost: Invalid HTTP_HOST header: '15.188.23.39'. You may need to add '15.188.23.39' to ALLOWED_HOSTS.
Bad Request: /.env.dev
[11/Feb/2025 10:04:19] "GET /.env.dev HTTP/1.1" 400 64969
Invalid HTTP_HOST header: '15.188.23.39'. You may need to add '15.188.23.39' to ALLOWED_HOSTS.
Traceback (most recent call last):
  File "/usr/share/nginx/toornoi/.venv/lib/python3.12/site-packages/django/core/handlers/exception.py", line 55, in inner
    response = get_response(request)
               ^^^^^^^^^^^^^^^^^^^^^
  File "/usr/share/nginx/toornoi/.venv/lib/python3.12/site-packages/django/utils/deprecation.py", line 128, in __call__
    response = self.process_request(request)
               ^^^^^^^^^^^^^^^^^^^^^^^^^^^^^
  File "/usr/share/nginx/toornoi/.venv/lib/python3.12/site-packages/django/middleware/common.py", line 48, in process_request
    host = request.get_host()
           ^^^^^^^^^^^^^^^^^^
  File "/usr/share/nginx/toornoi/.venv/lib/python3.12/site-packages/django/http/request.py", line 151, in get_host
    raise DisallowedHost(msg)
django.core.exceptions.DisallowedHost: Invalid HTTP_HOST header: '15.188.23.39'. You may need to add '15.188.23.39' to ALLOWED_HOSTS.
Bad Request: /.env.dev.local
[11/Feb/2025 10:04:19] "GET /.env.dev.local HTTP/1.1" 400 65035
Invalid HTTP_HOST header: '15.188.23.39'. You may need to add '15.188.23.39' to ALLOWED_HOSTS.
Traceback (most recent call last):
  File "/usr/share/nginx/toornoi/.venv/lib/python3.12/site-packages/django/core/handlers/exception.py", line 55, in inner
    response = get_response(request)
               ^^^^^^^^^^^^^^^^^^^^^
  File "/usr/share/nginx/toornoi/.venv/lib/python3.12/site-packages/django/utils/deprecation.py", line 128, in __call__
    response = self.process_request(request)
               ^^^^^^^^^^^^^^^^^^^^^^^^^^^^^
  File "/usr/share/nginx/toornoi/.venv/lib/python3.12/site-packages/django/middleware/common.py", line 48, in process_request
    host = request.get_host()
           ^^^^^^^^^^^^^^^^^^
  File "/usr/share/nginx/toornoi/.venv/lib/python3.12/site-packages/django/http/request.py", line 151, in get_host
    raise DisallowedHost(msg)
django.core.exceptions.DisallowedHost: Invalid HTTP_HOST header: '15.188.23.39'. You may need to add '15.188.23.39' to ALLOWED_HOSTS.
Bad Request: /build/.env
[11/Feb/2025 10:04:19] "GET /build/.env HTTP/1.1" 400 64991
Invalid HTTP_HOST header: '15.188.23.39'. You may need to add '15.188.23.39' to ALLOWED_HOSTS.
Traceback (most recent call last):
  File "/usr/share/nginx/toornoi/.venv/lib/python3.12/site-packages/django/core/handlers/exception.py", line 55, in inner
    response = get_response(request)
               ^^^^^^^^^^^^^^^^^^^^^
  File "/usr/share/nginx/toornoi/.venv/lib/python3.12/site-packages/django/utils/deprecation.py", line 128, in __call__
    response = self.process_request(request)
               ^^^^^^^^^^^^^^^^^^^^^^^^^^^^^
  File "/usr/share/nginx/toornoi/.venv/lib/python3.12/site-packages/django/middleware/common.py", line 48, in process_request
    host = request.get_host()
           ^^^^^^^^^^^^^^^^^^
  File "/usr/share/nginx/toornoi/.venv/lib/python3.12/site-packages/django/http/request.py", line 151, in get_host
    raise DisallowedHost(msg)
django.core.exceptions.DisallowedHost: Invalid HTTP_HOST header: '15.188.23.39'. You may need to add '15.188.23.39' to ALLOWED_HOSTS.
Bad Request: /api/.git/config
[11/Feb/2025 10:04:19] "GET /api/.git/config HTTP/1.1" 400 65046
Invalid HTTP_HOST header: '15.188.23.39'. You may need to add '15.188.23.39' to ALLOWED_HOSTS.
Traceback (most recent call last):
  File "/usr/share/nginx/toornoi/.venv/lib/python3.12/site-packages/django/core/handlers/exception.py", line 55, in inner
    response = get_response(request)
               ^^^^^^^^^^^^^^^^^^^^^
  File "/usr/share/nginx/toornoi/.venv/lib/python3.12/site-packages/django/utils/deprecation.py", line 128, in __call__
    response = self.process_request(request)
               ^^^^^^^^^^^^^^^^^^^^^^^^^^^^^
  File "/usr/share/nginx/toornoi/.venv/lib/python3.12/site-packages/django/middleware/common.py", line 48, in process_request
    host = request.get_host()
           ^^^^^^^^^^^^^^^^^^
  File "/usr/share/nginx/toornoi/.venv/lib/python3.12/site-packages/django/http/request.py", line 151, in get_host
    raise DisallowedHost(msg)
django.core.exceptions.DisallowedHost: Invalid HTTP_HOST header: '15.188.23.39'. You may need to add '15.188.23.39' to ALLOWED_HOSTS.
Bad Request: /.env.production
[11/Feb/2025 10:04:19] "GET /.env.production HTTP/1.1" 400 65046
Invalid HTTP_HOST header: '15.188.23.39'. You may need to add '15.188.23.39' to ALLOWED_HOSTS.
Traceback (most recent call last):
  File "/usr/share/nginx/toornoi/.venv/lib/python3.12/site-packages/django/core/handlers/exception.py", line 55, in inner
    response = get_response(request)
               ^^^^^^^^^^^^^^^^^^^^^
  File "/usr/share/nginx/toornoi/.venv/lib/python3.12/site-packages/django/utils/deprecation.py", line 128, in __call__
    response = self.process_request(request)
               ^^^^^^^^^^^^^^^^^^^^^^^^^^^^^
  File "/usr/share/nginx/toornoi/.venv/lib/python3.12/site-packages/django/middleware/common.py", line 48, in process_request
    host = request.get_host()
           ^^^^^^^^^^^^^^^^^^
  File "/usr/share/nginx/toornoi/.venv/lib/python3.12/site-packages/django/http/request.py", line 151, in get_host
    raise DisallowedHost(msg)
django.core.exceptions.DisallowedHost: Invalid HTTP_HOST header: '15.188.23.39'. You may need to add '15.188.23.39' to ALLOWED_HOSTS.
Bad Request: /.env.production.local
[11/Feb/2025 10:04:19] "GET /.env.production.local HTTP/1.1" 400 65112
Invalid HTTP_HOST header: '15.188.23.39'. You may need to add '15.188.23.39' to ALLOWED_HOSTS.
Traceback (most recent call last):
  File "/usr/share/nginx/toornoi/.venv/lib/python3.12/site-packages/django/core/handlers/exception.py", line 55, in inner
    response = get_response(request)
               ^^^^^^^^^^^^^^^^^^^^^
  File "/usr/share/nginx/toornoi/.venv/lib/python3.12/site-packages/django/utils/deprecation.py", line 128, in __call__
    response = self.process_request(request)
               ^^^^^^^^^^^^^^^^^^^^^^^^^^^^^
  File "/usr/share/nginx/toornoi/.venv/lib/python3.12/site-packages/django/middleware/common.py", line 48, in process_request
    host = request.get_host()
           ^^^^^^^^^^^^^^^^^^
  File "/usr/share/nginx/toornoi/.venv/lib/python3.12/site-packages/django/http/request.py", line 151, in get_host
    raise DisallowedHost(msg)
django.core.exceptions.DisallowedHost: Invalid HTTP_HOST header: '15.188.23.39'. You may need to add '15.188.23.39' to ALLOWED_HOSTS.
Bad Request: /.env.staging.local
[11/Feb/2025 10:04:20] "GET /.env.staging.local HTTP/1.1" 400 65079
Invalid HTTP_HOST header: '15.188.23.39'. You may need to add '15.188.23.39' to ALLOWED_HOSTS.
Traceback (most recent call last):
  File "/usr/share/nginx/toornoi/.venv/lib/python3.12/site-packages/django/core/handlers/exception.py", line 55, in inner
    response = get_response(request)
               ^^^^^^^^^^^^^^^^^^^^^
  File "/usr/share/nginx/toornoi/.venv/lib/python3.12/site-packages/django/utils/deprecation.py", line 128, in __call__
    response = self.process_request(request)
               ^^^^^^^^^^^^^^^^^^^^^^^^^^^^^
  File "/usr/share/nginx/toornoi/.venv/lib/python3.12/site-packages/django/middleware/common.py", line 48, in process_request
    host = request.get_host()
           ^^^^^^^^^^^^^^^^^^
  File "/usr/share/nginx/toornoi/.venv/lib/python3.12/site-packages/django/http/request.py", line 151, in get_host
    raise DisallowedHost(msg)
django.core.exceptions.DisallowedHost: Invalid HTTP_HOST header: '15.188.23.39'. You may need to add '15.188.23.39' to ALLOWED_HOSTS.
Bad Request: /.aws/credentials
[11/Feb/2025 10:04:20] "GET /.aws/credentials HTTP/1.1" 400 65057
Invalid HTTP_HOST header: '15.188.23.39'. You may need to add '15.188.23.39' to ALLOWED_HOSTS.
Traceback (most recent call last):
  File "/usr/share/nginx/toornoi/.venv/lib/python3.12/site-packages/django/core/handlers/exception.py", line 55, in inner
    response = get_response(request)
               ^^^^^^^^^^^^^^^^^^^^^
  File "/usr/share/nginx/toornoi/.venv/lib/python3.12/site-packages/django/utils/deprecation.py", line 128, in __call__
    response = self.process_request(request)
               ^^^^^^^^^^^^^^^^^^^^^^^^^^^^^
  File "/usr/share/nginx/toornoi/.venv/lib/python3.12/site-packages/django/middleware/common.py", line 48, in process_request
    host = request.get_host()
           ^^^^^^^^^^^^^^^^^^
  File "/usr/share/nginx/toornoi/.venv/lib/python3.12/site-packages/django/http/request.py", line 151, in get_host
    raise DisallowedHost(msg)
django.core.exceptions.DisallowedHost: Invalid HTTP_HOST header: '15.188.23.39'. You may need to add '15.188.23.39' to ALLOWED_HOSTS.
Bad Request: /project/.git/config
[11/Feb/2025 10:04:20] "GET /project/.git/config HTTP/1.1" 400 65090
Invalid HTTP_HOST header: '15.188.23.39'. You may need to add '15.188.23.39' to ALLOWED_HOSTS.
Traceback (most recent call last):
  File "/usr/share/nginx/toornoi/.venv/lib/python3.12/site-packages/django/core/handlers/exception.py", line 55, in inner
    response = get_response(request)
               ^^^^^^^^^^^^^^^^^^^^^
  File "/usr/share/nginx/toornoi/.venv/lib/python3.12/site-packages/django/utils/deprecation.py", line 128, in __call__
    response = self.process_request(request)
               ^^^^^^^^^^^^^^^^^^^^^^^^^^^^^
  File "/usr/share/nginx/toornoi/.venv/lib/python3.12/site-packages/django/middleware/common.py", line 48, in process_request
    host = request.get_host()
           ^^^^^^^^^^^^^^^^^^
  File "/usr/share/nginx/toornoi/.venv/lib/python3.12/site-packages/django/http/request.py", line 151, in get_host
    raise DisallowedHost(msg)
django.core.exceptions.DisallowedHost: Invalid HTTP_HOST header: '15.188.23.39'. You may need to add '15.188.23.39' to ALLOWED_HOSTS.
Bad Request: /public/.git/config
[11/Feb/2025 10:04:20] "GET /public/.git/config HTTP/1.1" 400 65079
Invalid HTTP_HOST header: '15.188.23.39'. You may need to add '15.188.23.39' to ALLOWED_HOSTS.
Traceback (most recent call last):
  File "/usr/share/nginx/toornoi/.venv/lib/python3.12/site-packages/django/core/handlers/exception.py", line 55, in inner
    response = get_response(request)
               ^^^^^^^^^^^^^^^^^^^^^
  File "/usr/share/nginx/toornoi/.venv/lib/python3.12/site-packages/django/utils/deprecation.py", line 128, in __call__
    response = self.process_request(request)
               ^^^^^^^^^^^^^^^^^^^^^^^^^^^^^
  File "/usr/share/nginx/toornoi/.venv/lib/python3.12/site-packages/django/middleware/common.py", line 48, in process_request
    host = request.get_host()
           ^^^^^^^^^^^^^^^^^^
  File "/usr/share/nginx/toornoi/.venv/lib/python3.12/site-packages/django/http/request.py", line 151, in get_host
    raise DisallowedHost(msg)
django.core.exceptions.DisallowedHost: Invalid HTTP_HOST header: '15.188.23.39'. You may need to add '15.188.23.39' to ALLOWED_HOSTS.
Bad Request: /cms/.git/config
[11/Feb/2025 10:04:20] "GET /cms/.git/config HTTP/1.1" 400 65046
Invalid HTTP_HOST header: '15.188.23.39'. You may need to add '15.188.23.39' to ALLOWED_HOSTS.
Traceback (most recent call last):
  File "/usr/share/nginx/toornoi/.venv/lib/python3.12/site-packages/django/core/handlers/exception.py", line 55, in inner
    response = get_response(request)
               ^^^^^^^^^^^^^^^^^^^^^
  File "/usr/share/nginx/toornoi/.venv/lib/python3.12/site-packages/django/utils/deprecation.py", line 128, in __call__
    response = self.process_request(request)
               ^^^^^^^^^^^^^^^^^^^^^^^^^^^^^
  File "/usr/share/nginx/toornoi/.venv/lib/python3.12/site-packages/django/middleware/common.py", line 48, in process_request
    host = request.get_host()
           ^^^^^^^^^^^^^^^^^^
  File "/usr/share/nginx/toornoi/.venv/lib/python3.12/site-packages/django/http/request.py", line 151, in get_host
    raise DisallowedHost(msg)
django.core.exceptions.DisallowedHost: Invalid HTTP_HOST header: '15.188.23.39'. You may need to add '15.188.23.39' to ALLOWED_HOSTS.
Bad Request: /static../.git/config
[11/Feb/2025 10:04:20] "GET /static../.git/config HTTP/1.1" 400 65101
Invalid HTTP_HOST header: '15.188.23.39'. You may need to add '15.188.23.39' to ALLOWED_HOSTS.
Traceback (most recent call last):
  File "/usr/share/nginx/toornoi/.venv/lib/python3.12/site-packages/django/core/handlers/exception.py", line 55, in inner
    response = get_response(request)
               ^^^^^^^^^^^^^^^^^^^^^
  File "/usr/share/nginx/toornoi/.venv/lib/python3.12/site-packages/django/utils/deprecation.py", line 128, in __call__
    response = self.process_request(request)
               ^^^^^^^^^^^^^^^^^^^^^^^^^^^^^
  File "/usr/share/nginx/toornoi/.venv/lib/python3.12/site-packages/django/middleware/common.py", line 48, in process_request
    host = request.get_host()
           ^^^^^^^^^^^^^^^^^^
  File "/usr/share/nginx/toornoi/.venv/lib/python3.12/site-packages/django/http/request.py", line 151, in get_host
    raise DisallowedHost(msg)
django.core.exceptions.DisallowedHost: Invalid HTTP_HOST header: '15.188.23.39'. You may need to add '15.188.23.39' to ALLOWED_HOSTS.
Bad Request: /admin/.git/config
[11/Feb/2025 10:04:20] "GET /admin/.git/config HTTP/1.1" 400 65187
Invalid HTTP_HOST header: '15.188.23.39'. You may need to add '15.188.23.39' to ALLOWED_HOSTS.
Traceback (most recent call last):
  File "/usr/share/nginx/toornoi/.venv/lib/python3.12/site-packages/django/core/handlers/exception.py", line 55, in inner
    response = get_response(request)
               ^^^^^^^^^^^^^^^^^^^^^
  File "/usr/share/nginx/toornoi/.venv/lib/python3.12/site-packages/django/utils/deprecation.py", line 128, in __call__
    response = self.process_request(request)
               ^^^^^^^^^^^^^^^^^^^^^^^^^^^^^
  File "/usr/share/nginx/toornoi/.venv/lib/python3.12/site-packages/django/middleware/common.py", line 48, in process_request
    host = request.get_host()
           ^^^^^^^^^^^^^^^^^^
  File "/usr/share/nginx/toornoi/.venv/lib/python3.12/site-packages/django/http/request.py", line 151, in get_host
    raise DisallowedHost(msg)
django.core.exceptions.DisallowedHost: Invalid HTTP_HOST header: '15.188.23.39'. You may need to add '15.188.23.39' to ALLOWED_HOSTS.
Bad Request: /.env.live
[11/Feb/2025 10:04:20] "GET /.env.live HTTP/1.1" 400 64980
Invalid HTTP_HOST header: '15.188.23.39'. You may need to add '15.188.23.39' to ALLOWED_HOSTS.
Traceback (most recent call last):
  File "/usr/share/nginx/toornoi/.venv/lib/python3.12/site-packages/django/core/handlers/exception.py", line 55, in inner
    response = get_response(request)
               ^^^^^^^^^^^^^^^^^^^^^
  File "/usr/share/nginx/toornoi/.venv/lib/python3.12/site-packages/django/utils/deprecation.py", line 128, in __call__
    response = self.process_request(request)
               ^^^^^^^^^^^^^^^^^^^^^^^^^^^^^
  File "/usr/share/nginx/toornoi/.venv/lib/python3.12/site-packages/django/middleware/common.py", line 48, in process_request
    host = request.get_host()
           ^^^^^^^^^^^^^^^^^^
  File "/usr/share/nginx/toornoi/.venv/lib/python3.12/site-packages/django/http/request.py", line 151, in get_host
    raise DisallowedHost(msg)
django.core.exceptions.DisallowedHost: Invalid HTTP_HOST header: '15.188.23.39'. You may need to add '15.188.23.39' to ALLOWED_HOSTS.
Bad Request: /.env.config
[11/Feb/2025 10:04:20] "GET /.env.config HTTP/1.1" 400 65002
Invalid HTTP_HOST header: '15.188.23.39'. You may need to add '15.188.23.39' to ALLOWED_HOSTS.
Traceback (most recent call last):
  File "/usr/share/nginx/toornoi/.venv/lib/python3.12/site-packages/django/core/handlers/exception.py", line 55, in inner
    response = get_response(request)
               ^^^^^^^^^^^^^^^^^^^^^
  File "/usr/share/nginx/toornoi/.venv/lib/python3.12/site-packages/django/utils/deprecation.py", line 128, in __call__
    response = self.process_request(request)
               ^^^^^^^^^^^^^^^^^^^^^^^^^^^^^
  File "/usr/share/nginx/toornoi/.venv/lib/python3.12/site-packages/django/middleware/common.py", line 48, in process_request
    host = request.get_host()
           ^^^^^^^^^^^^^^^^^^
  File "/usr/share/nginx/toornoi/.venv/lib/python3.12/site-packages/django/http/request.py", line 151, in get_host
    raise DisallowedHost(msg)
django.core.exceptions.DisallowedHost: Invalid HTTP_HOST header: '15.188.23.39'. You may need to add '15.188.23.39' to ALLOWED_HOSTS.
Bad Request: /settings/.env
[11/Feb/2025 10:04:20] "GET /settings/.env HTTP/1.1" 400 65024
Invalid HTTP_HOST header: '15.188.23.39'. You may need to add '15.188.23.39' to ALLOWED_HOSTS.
Traceback (most recent call last):
  File "/usr/share/nginx/toornoi/.venv/lib/python3.12/site-packages/django/core/handlers/exception.py", line 55, in inner
    response = get_response(request)
               ^^^^^^^^^^^^^^^^^^^^^
  File "/usr/share/nginx/toornoi/.venv/lib/python3.12/site-packages/django/utils/deprecation.py", line 128, in __call__
    response = self.process_request(request)
               ^^^^^^^^^^^^^^^^^^^^^^^^^^^^^
  File "/usr/share/nginx/toornoi/.venv/lib/python3.12/site-packages/django/middleware/common.py", line 48, in process_request
    host = request.get_host()
           ^^^^^^^^^^^^^^^^^^
  File "/usr/share/nginx/toornoi/.venv/lib/python3.12/site-packages/django/http/request.py", line 151, in get_host
    raise DisallowedHost(msg)
django.core.exceptions.DisallowedHost: Invalid HTTP_HOST header: '15.188.23.39'. You may need to add '15.188.23.39' to ALLOWED_HOSTS.
Bad Request: /config/.git/config
[11/Feb/2025 10:04:21] "GET /config/.git/config HTTP/1.1" 400 65079
Invalid HTTP_HOST header: '15.188.23.39'. You may need to add '15.188.23.39' to ALLOWED_HOSTS.
Traceback (most recent call last):
  File "/usr/share/nginx/toornoi/.venv/lib/python3.12/site-packages/django/core/handlers/exception.py", line 55, in inner
    response = get_response(request)
               ^^^^^^^^^^^^^^^^^^^^^
  File "/usr/share/nginx/toornoi/.venv/lib/python3.12/site-packages/django/utils/deprecation.py", line 128, in __call__
    response = self.process_request(request)
               ^^^^^^^^^^^^^^^^^^^^^^^^^^^^^
  File "/usr/share/nginx/toornoi/.venv/lib/python3.12/site-packages/django/middleware/common.py", line 48, in process_request
    host = request.get_host()
           ^^^^^^^^^^^^^^^^^^
  File "/usr/share/nginx/toornoi/.venv/lib/python3.12/site-packages/django/http/request.py", line 151, in get_host
    raise DisallowedHost(msg)
django.core.exceptions.DisallowedHost: Invalid HTTP_HOST header: '15.188.23.39'. You may need to add '15.188.23.39' to ALLOWED_HOSTS.
Bad Request: /configuration/.env
[11/Feb/2025 10:04:21] "GET /configuration/.env HTTP/1.1" 400 65079
Invalid HTTP_HOST header: '15.188.23.39'. You may need to add '15.188.23.39' to ALLOWED_HOSTS.
Traceback (most recent call last):
  File "/usr/share/nginx/toornoi/.venv/lib/python3.12/site-packages/django/core/handlers/exception.py", line 55, in inner
    response = get_response(request)
               ^^^^^^^^^^^^^^^^^^^^^
  File "/usr/share/nginx/toornoi/.venv/lib/python3.12/site-packages/django/utils/deprecation.py", line 128, in __call__
    response = self.process_request(request)
               ^^^^^^^^^^^^^^^^^^^^^^^^^^^^^
  File "/usr/share/nginx/toornoi/.venv/lib/python3.12/site-packages/django/middleware/common.py", line 48, in process_request
    host = request.get_host()
           ^^^^^^^^^^^^^^^^^^
  File "/usr/share/nginx/toornoi/.venv/lib/python3.12/site-packages/django/http/request.py", line 151, in get_host
    raise DisallowedHost(msg)
django.core.exceptions.DisallowedHost: Invalid HTTP_HOST header: '15.188.23.39'. You may need to add '15.188.23.39' to ALLOWED_HOSTS.
Bad Request: /dev/.git/config
[11/Feb/2025 10:04:21] "GET /dev/.git/config HTTP/1.1" 400 65046
Invalid HTTP_HOST header: '15.188.23.39'. You may need to add '15.188.23.39' to ALLOWED_HOSTS.
Traceback (most recent call last):
  File "/usr/share/nginx/toornoi/.venv/lib/python3.12/site-packages/django/core/handlers/exception.py", line 55, in inner
    response = get_response(request)
               ^^^^^^^^^^^^^^^^^^^^^
  File "/usr/share/nginx/toornoi/.venv/lib/python3.12/site-packages/django/utils/deprecation.py", line 128, in __call__
    response = self.process_request(request)
               ^^^^^^^^^^^^^^^^^^^^^^^^^^^^^
  File "/usr/share/nginx/toornoi/.venv/lib/python3.12/site-packages/django/middleware/common.py", line 48, in process_request
    host = request.get_host()
           ^^^^^^^^^^^^^^^^^^
  File "/usr/share/nginx/toornoi/.venv/lib/python3.12/site-packages/django/http/request.py", line 151, in get_host
    raise DisallowedHost(msg)
django.core.exceptions.DisallowedHost: Invalid HTTP_HOST header: '15.188.23.39'. You may need to add '15.188.23.39' to ALLOWED_HOSTS.
Bad Request: /.env_sample
[11/Feb/2025 10:04:21] "GET /.env_sample HTTP/1.1" 400 65002
Invalid HTTP_HOST header: '15.188.23.39'. You may need to add '15.188.23.39' to ALLOWED_HOSTS.
Traceback (most recent call last):
  File "/usr/share/nginx/toornoi/.venv/lib/python3.12/site-packages/django/core/handlers/exception.py", line 55, in inner
    response = get_response(request)
               ^^^^^^^^^^^^^^^^^^^^^
  File "/usr/share/nginx/toornoi/.venv/lib/python3.12/site-packages/django/utils/deprecation.py", line 128, in __call__
    response = self.process_request(request)
               ^^^^^^^^^^^^^^^^^^^^^^^^^^^^^
  File "/usr/share/nginx/toornoi/.venv/lib/python3.12/site-packages/django/middleware/common.py", line 48, in process_request
    host = request.get_host()
           ^^^^^^^^^^^^^^^^^^
  File "/usr/share/nginx/toornoi/.venv/lib/python3.12/site-packages/django/http/request.py", line 151, in get_host
    raise DisallowedHost(msg)
django.core.exceptions.DisallowedHost: Invalid HTTP_HOST header: '15.188.23.39'. You may need to add '15.188.23.39' to ALLOWED_HOSTS.
Bad Request: /.env.uat
[11/Feb/2025 10:04:21] "GET /.env.uat HTTP/1.1" 400 64969
Invalid HTTP_HOST header: '15.188.23.39'. You may need to add '15.188.23.39' to ALLOWED_HOSTS.
Traceback (most recent call last):
  File "/usr/share/nginx/toornoi/.venv/lib/python3.12/site-packages/django/core/handlers/exception.py", line 55, in inner
    response = get_response(request)
               ^^^^^^^^^^^^^^^^^^^^^
  File "/usr/share/nginx/toornoi/.venv/lib/python3.12/site-packages/django/utils/deprecation.py", line 128, in __call__
    response = self.process_request(request)
               ^^^^^^^^^^^^^^^^^^^^^^^^^^^^^
  File "/usr/share/nginx/toornoi/.venv/lib/python3.12/site-packages/django/middleware/common.py", line 48, in process_request
    host = request.get_host()
           ^^^^^^^^^^^^^^^^^^
  File "/usr/share/nginx/toornoi/.venv/lib/python3.12/site-packages/django/http/request.py", line 151, in get_host
    raise DisallowedHost(msg)
django.core.exceptions.DisallowedHost: Invalid HTTP_HOST header: '15.188.23.39'. You may need to add '15.188.23.39' to ALLOWED_HOSTS.
Bad Request: /backup/.git/config
[11/Feb/2025 10:04:21] "GET /backup/.git/config HTTP/1.1" 400 65079
Invalid HTTP_HOST header: '15.188.23.39'. You may need to add '15.188.23.39' to ALLOWED_HOSTS.
Traceback (most recent call last):
  File "/usr/share/nginx/toornoi/.venv/lib/python3.12/site-packages/django/core/handlers/exception.py", line 55, in inner
    response = get_response(request)
               ^^^^^^^^^^^^^^^^^^^^^
  File "/usr/share/nginx/toornoi/.venv/lib/python3.12/site-packages/django/utils/deprecation.py", line 128, in __call__
    response = self.process_request(request)
               ^^^^^^^^^^^^^^^^^^^^^^^^^^^^^
  File "/usr/share/nginx/toornoi/.venv/lib/python3.12/site-packages/django/middleware/common.py", line 48, in process_request
    host = request.get_host()
           ^^^^^^^^^^^^^^^^^^
  File "/usr/share/nginx/toornoi/.venv/lib/python3.12/site-packages/django/http/request.py", line 151, in get_host
    raise DisallowedHost(msg)
django.core.exceptions.DisallowedHost: Invalid HTTP_HOST header: '15.188.23.39'. You may need to add '15.188.23.39' to ALLOWED_HOSTS.
Bad Request: /.env.local
[11/Feb/2025 10:04:21] "GET /.env.local HTTP/1.1" 400 64991
Invalid HTTP_HOST header: '15.188.23.39'. You may need to add '15.188.23.39' to ALLOWED_HOSTS.
Traceback (most recent call last):
  File "/usr/share/nginx/toornoi/.venv/lib/python3.12/site-packages/django/core/handlers/exception.py", line 55, in inner
    response = get_response(request)
               ^^^^^^^^^^^^^^^^^^^^^
  File "/usr/share/nginx/toornoi/.venv/lib/python3.12/site-packages/django/utils/deprecation.py", line 128, in __call__
    response = self.process_request(request)
               ^^^^^^^^^^^^^^^^^^^^^^^^^^^^^
  File "/usr/share/nginx/toornoi/.venv/lib/python3.12/site-packages/django/middleware/common.py", line 48, in process_request
    host = request.get_host()
           ^^^^^^^^^^^^^^^^^^
  File "/usr/share/nginx/toornoi/.venv/lib/python3.12/site-packages/django/http/request.py", line 151, in get_host
    raise DisallowedHost(msg)
django.core.exceptions.DisallowedHost: Invalid HTTP_HOST header: '15.188.23.39'. You may need to add '15.188.23.39' to ALLOWED_HOSTS.
Bad Request: /
[11/Feb/2025 10:29:04] "GET /?XDEBUG_SESSION_START=phpstorm HTTP/1.1" 400 65767
Invalid HTTP_HOST header: '15.188.23.39'. You may need to add '15.188.23.39' to ALLOWED_HOSTS.
Traceback (most recent call last):
  File "/usr/share/nginx/toornoi/.venv/lib/python3.12/site-packages/django/core/handlers/exception.py", line 55, in inner
    response = get_response(request)
               ^^^^^^^^^^^^^^^^^^^^^
  File "/usr/share/nginx/toornoi/.venv/lib/python3.12/site-packages/django/utils/deprecation.py", line 128, in __call__
    response = self.process_request(request)
               ^^^^^^^^^^^^^^^^^^^^^^^^^^^^^
  File "/usr/share/nginx/toornoi/.venv/lib/python3.12/site-packages/django/middleware/common.py", line 48, in process_request
    host = request.get_host()
           ^^^^^^^^^^^^^^^^^^
  File "/usr/share/nginx/toornoi/.venv/lib/python3.12/site-packages/django/http/request.py", line 151, in get_host
    raise DisallowedHost(msg)
django.core.exceptions.DisallowedHost: Invalid HTTP_HOST header: '15.188.23.39'. You may need to add '15.188.23.39' to ALLOWED_HOSTS.
Bad Request: /
[11/Feb/2025 10:55:51] "GET / HTTP/1.1" 400 65129
[11/Feb/2025 11:17:35] "GET / HTTP/1.1" 200 199
[11/Feb/2025 11:21:02] "OPTIONS /loge/superadmin/login/ HTTP/1.1" 200 0
[11/Feb/2025 11:21:39] "OPTIONS /loge/superadmin/login/ HTTP/1.1" 200 0
[11/Feb/2025 11:23:17] "OPTIONS /loge/superadmin/login/ HTTP/1.1" 200 0
[11/Feb/2025 11:23:18] "POST /loge/superadmin/login/ HTTP/1.1" 200 82
[11/Feb/2025 11:24:14] "POST /loge/superadmin/login/ HTTP/1.1" 200 82
Invalid HTTP_HOST header: '15.188.23.39'. You may need to add '15.188.23.39' to ALLOWED_HOSTS.
Traceback (most recent call last):
  File "/usr/share/nginx/toornoi/.venv/lib/python3.12/site-packages/django/core/handlers/exception.py", line 55, in inner
    response = get_response(request)
               ^^^^^^^^^^^^^^^^^^^^^
  File "/usr/share/nginx/toornoi/.venv/lib/python3.12/site-packages/django/utils/deprecation.py", line 128, in __call__
    response = self.process_request(request)
               ^^^^^^^^^^^^^^^^^^^^^^^^^^^^^
  File "/usr/share/nginx/toornoi/.venv/lib/python3.12/site-packages/django/middleware/common.py", line 48, in process_request
    host = request.get_host()
           ^^^^^^^^^^^^^^^^^^
  File "/usr/share/nginx/toornoi/.venv/lib/python3.12/site-packages/django/http/request.py", line 151, in get_host
    raise DisallowedHost(msg)
django.core.exceptions.DisallowedHost: Invalid HTTP_HOST header: '15.188.23.39'. You may need to add '15.188.23.39' to ALLOWED_HOSTS.
Bad Request: /.git/config
[11/Feb/2025 11:29:43] "GET /.git/config HTTP/1.1" 400 65244
[11/Feb/2025 11:39:18] "POST /loge/superadmin/login/ HTTP/1.1" 200 82
Invalid HTTP_HOST header: '15.188.23.39'. You may need to add '15.188.23.39' to ALLOWED_HOSTS.
Traceback (most recent call last):
  File "/usr/share/nginx/toornoi/.venv/lib/python3.12/site-packages/django/core/handlers/exception.py", line 55, in inner
    response = get_response(request)
               ^^^^^^^^^^^^^^^^^^^^^
  File "/usr/share/nginx/toornoi/.venv/lib/python3.12/site-packages/django/utils/deprecation.py", line 128, in __call__
    response = self.process_request(request)
               ^^^^^^^^^^^^^^^^^^^^^^^^^^^^^
  File "/usr/share/nginx/toornoi/.venv/lib/python3.12/site-packages/django/middleware/common.py", line 48, in process_request
    host = request.get_host()
           ^^^^^^^^^^^^^^^^^^
  File "/usr/share/nginx/toornoi/.venv/lib/python3.12/site-packages/django/http/request.py", line 151, in get_host
    raise DisallowedHost(msg)
django.core.exceptions.DisallowedHost: Invalid HTTP_HOST header: '15.188.23.39'. You may need to add '15.188.23.39' to ALLOWED_HOSTS.
Bad Request: /.git/config
[11/Feb/2025 11:44:04] "GET /.git/config HTTP/1.1" 400 65348
[11/Feb/2025 11:44:49] "OPTIONS /loge/login/ HTTP/1.1" 200 0
[11/Feb/2025 11:45:06] "OPTIONS /loge/login/ HTTP/1.1" 200 0
[11/Feb/2025 11:46:38] "OPTIONS /loge/login/ HTTP/1.1" 200 0
[11/Feb/2025 11:50:28] "OPTIONS /loge/login/ HTTP/1.1" 200 0
[11/Feb/2025 11:50:49] "OPTIONS /loge/login/ HTTP/1.1" 200 0
[11/Feb/2025 11:51:16] "OPTIONS /loge/superadmin/login/ HTTP/1.1" 200 0
Invalid HTTP_HOST header: '15.188.23.39'. You may need to add '15.188.23.39' to ALLOWED_HOSTS.
Traceback (most recent call last):
  File "/usr/share/nginx/toornoi/.venv/lib/python3.12/site-packages/django/core/handlers/exception.py", line 55, in inner
    response = get_response(request)
               ^^^^^^^^^^^^^^^^^^^^^
  File "/usr/share/nginx/toornoi/.venv/lib/python3.12/site-packages/django/utils/deprecation.py", line 128, in __call__
    response = self.process_request(request)
               ^^^^^^^^^^^^^^^^^^^^^^^^^^^^^
  File "/usr/share/nginx/toornoi/.venv/lib/python3.12/site-packages/django/middleware/common.py", line 48, in process_request
    host = request.get_host()
           ^^^^^^^^^^^^^^^^^^
  File "/usr/share/nginx/toornoi/.venv/lib/python3.12/site-packages/django/http/request.py", line 151, in get_host
    raise DisallowedHost(msg)
django.core.exceptions.DisallowedHost: Invalid HTTP_HOST header: '15.188.23.39'. You may need to add '15.188.23.39' to ALLOWED_HOSTS.
Bad Request: /actuator/health
[11/Feb/2025 12:00:03] "GET /actuator/health HTTP/1.1" 400 65182
Invalid HTTP_HOST header: '15.188.23.39'. You may need to add '15.188.23.39' to ALLOWED_HOSTS.
Traceback (most recent call last):
  File "/usr/share/nginx/toornoi/.venv/lib/python3.12/site-packages/django/core/handlers/exception.py", line 55, in inner
    response = get_response(request)
               ^^^^^^^^^^^^^^^^^^^^^
  File "/usr/share/nginx/toornoi/.venv/lib/python3.12/site-packages/django/utils/deprecation.py", line 128, in __call__
    response = self.process_request(request)
               ^^^^^^^^^^^^^^^^^^^^^^^^^^^^^
  File "/usr/share/nginx/toornoi/.venv/lib/python3.12/site-packages/django/middleware/common.py", line 48, in process_request
    host = request.get_host()
           ^^^^^^^^^^^^^^^^^^
  File "/usr/share/nginx/toornoi/.venv/lib/python3.12/site-packages/django/http/request.py", line 151, in get_host
    raise DisallowedHost(msg)
django.core.exceptions.DisallowedHost: Invalid HTTP_HOST header: '15.188.23.39'. You may need to add '15.188.23.39' to ALLOWED_HOSTS.
Bad Request: /
[11/Feb/2025 12:30:44] "GET / HTTP/1.1" 400 65349
Invalid HTTP_HOST header: '15.188.23.39'. You may need to add '15.188.23.39' to ALLOWED_HOSTS.
Traceback (most recent call last):
  File "/usr/share/nginx/toornoi/.venv/lib/python3.12/site-packages/django/core/handlers/exception.py", line 55, in inner
    response = get_response(request)
               ^^^^^^^^^^^^^^^^^^^^^
  File "/usr/share/nginx/toornoi/.venv/lib/python3.12/site-packages/django/utils/deprecation.py", line 128, in __call__
    response = self.process_request(request)
               ^^^^^^^^^^^^^^^^^^^^^^^^^^^^^
  File "/usr/share/nginx/toornoi/.venv/lib/python3.12/site-packages/django/middleware/common.py", line 48, in process_request
    host = request.get_host()
           ^^^^^^^^^^^^^^^^^^
  File "/usr/share/nginx/toornoi/.venv/lib/python3.12/site-packages/django/http/request.py", line 151, in get_host
    raise DisallowedHost(msg)
django.core.exceptions.DisallowedHost: Invalid HTTP_HOST header: '15.188.23.39'. You may need to add '15.188.23.39' to ALLOWED_HOSTS.
Bad Request: /.env
[11/Feb/2025 13:11:51] "GET /.env HTTP/1.1" 400 65399
Invalid HTTP_HOST header: '15.188.23.39'. You may need to add '15.188.23.39' to ALLOWED_HOSTS.
Traceback (most recent call last):
  File "/usr/share/nginx/toornoi/.venv/lib/python3.12/site-packages/django/core/handlers/exception.py", line 55, in inner
    response = get_response(request)
               ^^^^^^^^^^^^^^^^^^^^^
  File "/usr/share/nginx/toornoi/.venv/lib/python3.12/site-packages/django/utils/deprecation.py", line 128, in __call__
    response = self.process_request(request)
               ^^^^^^^^^^^^^^^^^^^^^^^^^^^^^
  File "/usr/share/nginx/toornoi/.venv/lib/python3.12/site-packages/django/middleware/common.py", line 48, in process_request
    host = request.get_host()
           ^^^^^^^^^^^^^^^^^^
  File "/usr/share/nginx/toornoi/.venv/lib/python3.12/site-packages/django/http/request.py", line 151, in get_host
    raise DisallowedHost(msg)
django.core.exceptions.DisallowedHost: Invalid HTTP_HOST header: '15.188.23.39'. You may need to add '15.188.23.39' to ALLOWED_HOSTS.
Bad Request: /.env
[11/Feb/2025 13:29:25] "GET /.env HTTP/1.1" 400 65404
Invalid HTTP_HOST header: '15.188.23.39'. You may need to add '15.188.23.39' to ALLOWED_HOSTS.
Traceback (most recent call last):
  File "/usr/share/nginx/toornoi/.venv/lib/python3.12/site-packages/django/core/handlers/exception.py", line 55, in inner
    response = get_response(request)
               ^^^^^^^^^^^^^^^^^^^^^
  File "/usr/share/nginx/toornoi/.venv/lib/python3.12/site-packages/django/utils/deprecation.py", line 128, in __call__
    response = self.process_request(request)
               ^^^^^^^^^^^^^^^^^^^^^^^^^^^^^
  File "/usr/share/nginx/toornoi/.venv/lib/python3.12/site-packages/django/middleware/common.py", line 48, in process_request
    host = request.get_host()
           ^^^^^^^^^^^^^^^^^^
  File "/usr/share/nginx/toornoi/.venv/lib/python3.12/site-packages/django/http/request.py", line 151, in get_host
    raise DisallowedHost(msg)
django.core.exceptions.DisallowedHost: Invalid HTTP_HOST header: '15.188.23.39'. You may need to add '15.188.23.39' to ALLOWED_HOSTS.
Bad Request: /.env
[11/Feb/2025 13:36:53] "GET /.env HTTP/1.1" 400 65169
[11/Feb/2025 13:39:25] "OPTIONS /loge/superadmin/login/ HTTP/1.1" 200 0
Invalid HTTP_HOST header: '15.188.23.39'. You may need to add '15.188.23.39' to ALLOWED_HOSTS.
Traceback (most recent call last):
  File "/usr/share/nginx/toornoi/.venv/lib/python3.12/site-packages/django/core/handlers/exception.py", line 55, in inner
    response = get_response(request)
               ^^^^^^^^^^^^^^^^^^^^^
  File "/usr/share/nginx/toornoi/.venv/lib/python3.12/site-packages/django/utils/deprecation.py", line 128, in __call__
    response = self.process_request(request)
               ^^^^^^^^^^^^^^^^^^^^^^^^^^^^^
  File "/usr/share/nginx/toornoi/.venv/lib/python3.12/site-packages/django/middleware/common.py", line 48, in process_request
    host = request.get_host()
           ^^^^^^^^^^^^^^^^^^
  File "/usr/share/nginx/toornoi/.venv/lib/python3.12/site-packages/django/http/request.py", line 151, in get_host
    raise DisallowedHost(msg)
django.core.exceptions.DisallowedHost: Invalid HTTP_HOST header: '15.188.23.39'. You may need to add '15.188.23.39' to ALLOWED_HOSTS.
Bad Request: /
[11/Feb/2025 14:47:54] "GET / HTTP/1.1" 400 65343
Invalid HTTP_HOST header: '15.188.23.39'. You may need to add '15.188.23.39' to ALLOWED_HOSTS.
Traceback (most recent call last):
  File "/usr/share/nginx/toornoi/.venv/lib/python3.12/site-packages/django/core/handlers/exception.py", line 55, in inner
    response = get_response(request)
               ^^^^^^^^^^^^^^^^^^^^^
  File "/usr/share/nginx/toornoi/.venv/lib/python3.12/site-packages/django/utils/deprecation.py", line 128, in __call__
    response = self.process_request(request)
               ^^^^^^^^^^^^^^^^^^^^^^^^^^^^^
  File "/usr/share/nginx/toornoi/.venv/lib/python3.12/site-packages/django/middleware/common.py", line 48, in process_request
    host = request.get_host()
           ^^^^^^^^^^^^^^^^^^
  File "/usr/share/nginx/toornoi/.venv/lib/python3.12/site-packages/django/http/request.py", line 151, in get_host
    raise DisallowedHost(msg)
django.core.exceptions.DisallowedHost: Invalid HTTP_HOST header: '15.188.23.39'. You may need to add '15.188.23.39' to ALLOWED_HOSTS.
Bad Request: /.env
[11/Feb/2025 15:59:13] "GET /.env HTTP/1.1" 400 65404
Not Found: /.env
[11/Feb/2025 16:11:09] "GET /.env HTTP/1.1" 404 23
Invalid HTTP_HOST header: '15.188.23.39'. You may need to add '15.188.23.39' to ALLOWED_HOSTS.
Traceback (most recent call last):
  File "/usr/share/nginx/toornoi/.venv/lib/python3.12/site-packages/django/core/handlers/exception.py", line 55, in inner
    response = get_response(request)
               ^^^^^^^^^^^^^^^^^^^^^
  File "/usr/share/nginx/toornoi/.venv/lib/python3.12/site-packages/django/utils/deprecation.py", line 128, in __call__
    response = self.process_request(request)
               ^^^^^^^^^^^^^^^^^^^^^^^^^^^^^
  File "/usr/share/nginx/toornoi/.venv/lib/python3.12/site-packages/django/middleware/common.py", line 48, in process_request
    host = request.get_host()
           ^^^^^^^^^^^^^^^^^^
  File "/usr/share/nginx/toornoi/.venv/lib/python3.12/site-packages/django/http/request.py", line 151, in get_host
    raise DisallowedHost(msg)
django.core.exceptions.DisallowedHost: Invalid HTTP_HOST header: '15.188.23.39'. You may need to add '15.188.23.39' to ALLOWED_HOSTS.
Bad Request: /
[11/Feb/2025 17:00:18] "GET / HTTP/1.1" 400 65371
Invalid HTTP_HOST header: '15.188.23.39'. You may need to add '15.188.23.39' to ALLOWED_HOSTS.
Traceback (most recent call last):
  File "/usr/share/nginx/toornoi/.venv/lib/python3.12/site-packages/django/core/handlers/exception.py", line 55, in inner
    response = get_response(request)
               ^^^^^^^^^^^^^^^^^^^^^
  File "/usr/share/nginx/toornoi/.venv/lib/python3.12/site-packages/django/utils/deprecation.py", line 128, in __call__
    response = self.process_request(request)
               ^^^^^^^^^^^^^^^^^^^^^^^^^^^^^
  File "/usr/share/nginx/toornoi/.venv/lib/python3.12/site-packages/django/middleware/common.py", line 48, in process_request
    host = request.get_host()
           ^^^^^^^^^^^^^^^^^^
  File "/usr/share/nginx/toornoi/.venv/lib/python3.12/site-packages/django/http/request.py", line 151, in get_host
    raise DisallowedHost(msg)
django.core.exceptions.DisallowedHost: Invalid HTTP_HOST header: '15.188.23.39'. You may need to add '15.188.23.39' to ALLOWED_HOSTS.
Bad Request: /.git/config
[11/Feb/2025 17:30:36] "GET /.git/config HTTP/1.1" 400 65490
Invalid HTTP_HOST header: '15.188.23.39'. You may need to add '15.188.23.39' to ALLOWED_HOSTS.
Traceback (most recent call last):
  File "/usr/share/nginx/toornoi/.venv/lib/python3.12/site-packages/django/core/handlers/exception.py", line 55, in inner
    response = get_response(request)
               ^^^^^^^^^^^^^^^^^^^^^
  File "/usr/share/nginx/toornoi/.venv/lib/python3.12/site-packages/django/utils/deprecation.py", line 128, in __call__
    response = self.process_request(request)
               ^^^^^^^^^^^^^^^^^^^^^^^^^^^^^
  File "/usr/share/nginx/toornoi/.venv/lib/python3.12/site-packages/django/middleware/common.py", line 48, in process_request
    host = request.get_host()
           ^^^^^^^^^^^^^^^^^^
  File "/usr/share/nginx/toornoi/.venv/lib/python3.12/site-packages/django/http/request.py", line 151, in get_host
    raise DisallowedHost(msg)
django.core.exceptions.DisallowedHost: Invalid HTTP_HOST header: '15.188.23.39'. You may need to add '15.188.23.39' to ALLOWED_HOSTS.
Bad Request: /
[11/Feb/2025 17:46:02] "GET / HTTP/1.1" 400 64696
Invalid HTTP_HOST header: '15.188.23.39'. You may need to add '15.188.23.39' to ALLOWED_HOSTS.
Traceback (most recent call last):
  File "/usr/share/nginx/toornoi/.venv/lib/python3.12/site-packages/django/core/handlers/exception.py", line 55, in inner
    response = get_response(request)
               ^^^^^^^^^^^^^^^^^^^^^
  File "/usr/share/nginx/toornoi/.venv/lib/python3.12/site-packages/django/utils/deprecation.py", line 128, in __call__
    response = self.process_request(request)
               ^^^^^^^^^^^^^^^^^^^^^^^^^^^^^
  File "/usr/share/nginx/toornoi/.venv/lib/python3.12/site-packages/django/middleware/common.py", line 48, in process_request
    host = request.get_host()
           ^^^^^^^^^^^^^^^^^^
  File "/usr/share/nginx/toornoi/.venv/lib/python3.12/site-packages/django/http/request.py", line 151, in get_host
    raise DisallowedHost(msg)
django.core.exceptions.DisallowedHost: Invalid HTTP_HOST header: '15.188.23.39'. You may need to add '15.188.23.39' to ALLOWED_HOSTS.
Bad Request: /
[11/Feb/2025 17:46:08] "GET / HTTP/1.1" 400 65227
[11/Feb/2025 17:48:23] "OPTIONS /loge/login/ HTTP/1.1" 200 0
Not Found: /.env
[11/Feb/2025 18:43:29] "GET /.env HTTP/1.1" 404 23
[11/Feb/2025 18:54:03] "OPTIONS /loge/login/ HTTP/1.1" 200 0
Bad Request: /loge/login/
[11/Feb/2025 18:54:04] "POST /loge/login/ HTTP/1.1" 400 51
Invalid HTTP_HOST header: '15.188.23.39'. You may need to add '15.188.23.39' to ALLOWED_HOSTS.
Traceback (most recent call last):
  File "/usr/share/nginx/toornoi/.venv/lib/python3.12/site-packages/django/core/handlers/exception.py", line 55, in inner
    response = get_response(request)
               ^^^^^^^^^^^^^^^^^^^^^
  File "/usr/share/nginx/toornoi/.venv/lib/python3.12/site-packages/django/utils/deprecation.py", line 128, in __call__
    response = self.process_request(request)
               ^^^^^^^^^^^^^^^^^^^^^^^^^^^^^
  File "/usr/share/nginx/toornoi/.venv/lib/python3.12/site-packages/django/middleware/common.py", line 48, in process_request
    host = request.get_host()
           ^^^^^^^^^^^^^^^^^^
  File "/usr/share/nginx/toornoi/.venv/lib/python3.12/site-packages/django/http/request.py", line 151, in get_host
    raise DisallowedHost(msg)
django.core.exceptions.DisallowedHost: Invalid HTTP_HOST header: '15.188.23.39'. You may need to add '15.188.23.39' to ALLOWED_HOSTS.
Bad Request: /RDWeb/Pages/en-US/default.aspx
[11/Feb/2025 19:09:37] "GET /RDWeb/Pages/en-US/default.aspx HTTP/1.1" 400 65486
Invalid HTTP_HOST header: '15.188.23.39'. You may need to add '15.188.23.39' to ALLOWED_HOSTS.
Traceback (most recent call last):
  File "/usr/share/nginx/toornoi/.venv/lib/python3.12/site-packages/django/core/handlers/exception.py", line 55, in inner
    response = get_response(request)
               ^^^^^^^^^^^^^^^^^^^^^
  File "/usr/share/nginx/toornoi/.venv/lib/python3.12/site-packages/django/utils/deprecation.py", line 128, in __call__
    response = self.process_request(request)
               ^^^^^^^^^^^^^^^^^^^^^^^^^^^^^
  File "/usr/share/nginx/toornoi/.venv/lib/python3.12/site-packages/django/middleware/common.py", line 48, in process_request
    host = request.get_host()
           ^^^^^^^^^^^^^^^^^^
  File "/usr/share/nginx/toornoi/.venv/lib/python3.12/site-packages/django/http/request.py", line 151, in get_host
    raise DisallowedHost(msg)
django.core.exceptions.DisallowedHost: Invalid HTTP_HOST header: '15.188.23.39'. You may need to add '15.188.23.39' to ALLOWED_HOSTS.
Bad Request: /
[11/Feb/2025 19:54:57] "GET / HTTP/1.1" 400 65597
Invalid HTTP_HOST header: '15.188.23.39'. You may need to add '15.188.23.39' to ALLOWED_HOSTS.
Traceback (most recent call last):
  File "/usr/share/nginx/toornoi/.venv/lib/python3.12/site-packages/django/core/handlers/exception.py", line 55, in inner
    response = get_response(request)
               ^^^^^^^^^^^^^^^^^^^^^
  File "/usr/share/nginx/toornoi/.venv/lib/python3.12/site-packages/django/utils/deprecation.py", line 128, in __call__
    response = self.process_request(request)
               ^^^^^^^^^^^^^^^^^^^^^^^^^^^^^
  File "/usr/share/nginx/toornoi/.venv/lib/python3.12/site-packages/django/middleware/common.py", line 48, in process_request
    host = request.get_host()
           ^^^^^^^^^^^^^^^^^^
  File "/usr/share/nginx/toornoi/.venv/lib/python3.12/site-packages/django/http/request.py", line 151, in get_host
    raise DisallowedHost(msg)
django.core.exceptions.DisallowedHost: Invalid HTTP_HOST header: '15.188.23.39'. You may need to add '15.188.23.39' to ALLOWED_HOSTS.
Bad Request: /
[11/Feb/2025 20:08:49] "GET / HTTP/1.1" 400 64696
Invalid HTTP_HOST header: '15.188.23.39'. You may need to add '15.188.23.39' to ALLOWED_HOSTS.
Traceback (most recent call last):
  File "/usr/share/nginx/toornoi/.venv/lib/python3.12/site-packages/django/core/handlers/exception.py", line 55, in inner
    response = get_response(request)
               ^^^^^^^^^^^^^^^^^^^^^
  File "/usr/share/nginx/toornoi/.venv/lib/python3.12/site-packages/django/utils/deprecation.py", line 128, in __call__
    response = self.process_request(request)
               ^^^^^^^^^^^^^^^^^^^^^^^^^^^^^
  File "/usr/share/nginx/toornoi/.venv/lib/python3.12/site-packages/django/middleware/common.py", line 48, in process_request
    host = request.get_host()
           ^^^^^^^^^^^^^^^^^^
  File "/usr/share/nginx/toornoi/.venv/lib/python3.12/site-packages/django/http/request.py", line 151, in get_host
    raise DisallowedHost(msg)
django.core.exceptions.DisallowedHost: Invalid HTTP_HOST header: '15.188.23.39'. You may need to add '15.188.23.39' to ALLOWED_HOSTS.
Bad Request: /
[11/Feb/2025 20:08:56] "GET / HTTP/1.1" 400 65227
Invalid HTTP_HOST header: '15.188.23.39'. You may need to add '15.188.23.39' to ALLOWED_HOSTS.
Traceback (most recent call last):
  File "/usr/share/nginx/toornoi/.venv/lib/python3.12/site-packages/django/core/handlers/exception.py", line 55, in inner
    response = get_response(request)
               ^^^^^^^^^^^^^^^^^^^^^
  File "/usr/share/nginx/toornoi/.venv/lib/python3.12/site-packages/django/utils/deprecation.py", line 128, in __call__
    response = self.process_request(request)
               ^^^^^^^^^^^^^^^^^^^^^^^^^^^^^
  File "/usr/share/nginx/toornoi/.venv/lib/python3.12/site-packages/django/middleware/common.py", line 48, in process_request
    host = request.get_host()
           ^^^^^^^^^^^^^^^^^^
  File "/usr/share/nginx/toornoi/.venv/lib/python3.12/site-packages/django/http/request.py", line 151, in get_host
    raise DisallowedHost(msg)
django.core.exceptions.DisallowedHost: Invalid HTTP_HOST header: '15.188.23.39'. You may need to add '15.188.23.39' to ALLOWED_HOSTS.
Bad Request: /.env
[11/Feb/2025 20:13:42] "GET /.env HTTP/1.1" 400 65404
Invalid HTTP_HOST header: '15.188.23.39'. You may need to add '15.188.23.39' to ALLOWED_HOSTS.
Traceback (most recent call last):
  File "/usr/share/nginx/toornoi/.venv/lib/python3.12/site-packages/django/core/handlers/exception.py", line 55, in inner
    response = get_response(request)
               ^^^^^^^^^^^^^^^^^^^^^
  File "/usr/share/nginx/toornoi/.venv/lib/python3.12/site-packages/django/utils/deprecation.py", line 128, in __call__
    response = self.process_request(request)
               ^^^^^^^^^^^^^^^^^^^^^^^^^^^^^
  File "/usr/share/nginx/toornoi/.venv/lib/python3.12/site-packages/django/middleware/common.py", line 48, in process_request
    host = request.get_host()
           ^^^^^^^^^^^^^^^^^^
  File "/usr/share/nginx/toornoi/.venv/lib/python3.12/site-packages/django/http/request.py", line 151, in get_host
    raise DisallowedHost(msg)
django.core.exceptions.DisallowedHost: Invalid HTTP_HOST header: '15.188.23.39'. You may need to add '15.188.23.39' to ALLOWED_HOSTS.
Bad Request: /
[11/Feb/2025 20:48:40] "GET / HTTP/1.1" 400 65243
Invalid HTTP_HOST header: '15.188.23.39'. You may need to add '15.188.23.39' to ALLOWED_HOSTS.
Traceback (most recent call last):
  File "/usr/share/nginx/toornoi/.venv/lib/python3.12/site-packages/django/core/handlers/exception.py", line 55, in inner
    response = get_response(request)
               ^^^^^^^^^^^^^^^^^^^^^
  File "/usr/share/nginx/toornoi/.venv/lib/python3.12/site-packages/django/utils/deprecation.py", line 128, in __call__
    response = self.process_request(request)
               ^^^^^^^^^^^^^^^^^^^^^^^^^^^^^
  File "/usr/share/nginx/toornoi/.venv/lib/python3.12/site-packages/django/middleware/common.py", line 48, in process_request
    host = request.get_host()
           ^^^^^^^^^^^^^^^^^^
  File "/usr/share/nginx/toornoi/.venv/lib/python3.12/site-packages/django/http/request.py", line 151, in get_host
    raise DisallowedHost(msg)
django.core.exceptions.DisallowedHost: Invalid HTTP_HOST header: '15.188.23.39'. You may need to add '15.188.23.39' to ALLOWED_HOSTS.
Bad Request: /
[11/Feb/2025 20:49:34] "GET / HTTP/1.1" 400 65140
Invalid HTTP_HOST header: '15.188.23.39'. You may need to add '15.188.23.39' to ALLOWED_HOSTS.
Traceback (most recent call last):
  File "/usr/share/nginx/toornoi/.venv/lib/python3.12/site-packages/django/core/handlers/exception.py", line 55, in inner
    response = get_response(request)
               ^^^^^^^^^^^^^^^^^^^^^
  File "/usr/share/nginx/toornoi/.venv/lib/python3.12/site-packages/django/utils/deprecation.py", line 128, in __call__
    response = self.process_request(request)
               ^^^^^^^^^^^^^^^^^^^^^^^^^^^^^
  File "/usr/share/nginx/toornoi/.venv/lib/python3.12/site-packages/django/middleware/common.py", line 48, in process_request
    host = request.get_host()
           ^^^^^^^^^^^^^^^^^^
  File "/usr/share/nginx/toornoi/.venv/lib/python3.12/site-packages/django/http/request.py", line 151, in get_host
    raise DisallowedHost(msg)
django.core.exceptions.DisallowedHost: Invalid HTTP_HOST header: '15.188.23.39'. You may need to add '15.188.23.39' to ALLOWED_HOSTS.
Bad Request: /.env
[11/Feb/2025 21:48:59] "GET /.env HTTP/1.1" 400 65188
Invalid HTTP_HOST header: '15.188.23.39'. You may need to add '15.188.23.39' to ALLOWED_HOSTS.
Traceback (most recent call last):
  File "/usr/share/nginx/toornoi/.venv/lib/python3.12/site-packages/django/core/handlers/exception.py", line 55, in inner
    response = get_response(request)
               ^^^^^^^^^^^^^^^^^^^^^
  File "/usr/share/nginx/toornoi/.venv/lib/python3.12/site-packages/django/utils/deprecation.py", line 128, in __call__
    response = self.process_request(request)
               ^^^^^^^^^^^^^^^^^^^^^^^^^^^^^
  File "/usr/share/nginx/toornoi/.venv/lib/python3.12/site-packages/django/middleware/common.py", line 48, in process_request
    host = request.get_host()
           ^^^^^^^^^^^^^^^^^^
  File "/usr/share/nginx/toornoi/.venv/lib/python3.12/site-packages/django/http/request.py", line 151, in get_host
    raise DisallowedHost(msg)
django.core.exceptions.DisallowedHost: Invalid HTTP_HOST header: '15.188.23.39'. You may need to add '15.188.23.39' to ALLOWED_HOSTS.
Bad Request: /RDWeb/Pages/en-US/default.aspx
[11/Feb/2025 21:56:26] "GET /RDWeb/Pages/en-US/default.aspx HTTP/1.1" 400 65486
Invalid HTTP_HOST header: '15.188.23.39'. You may need to add '15.188.23.39' to ALLOWED_HOSTS.
Traceback (most recent call last):
  File "/usr/share/nginx/toornoi/.venv/lib/python3.12/site-packages/django/core/handlers/exception.py", line 55, in inner
    response = get_response(request)
               ^^^^^^^^^^^^^^^^^^^^^
  File "/usr/share/nginx/toornoi/.venv/lib/python3.12/site-packages/django/utils/deprecation.py", line 128, in __call__
    response = self.process_request(request)
               ^^^^^^^^^^^^^^^^^^^^^^^^^^^^^
  File "/usr/share/nginx/toornoi/.venv/lib/python3.12/site-packages/django/middleware/common.py", line 48, in process_request
    host = request.get_host()
           ^^^^^^^^^^^^^^^^^^
  File "/usr/share/nginx/toornoi/.venv/lib/python3.12/site-packages/django/http/request.py", line 151, in get_host
    raise DisallowedHost(msg)
django.core.exceptions.DisallowedHost: Invalid HTTP_HOST header: '15.188.23.39'. You may need to add '15.188.23.39' to ALLOWED_HOSTS.
Bad Request: /
[11/Feb/2025 22:49:42] "GET / HTTP/1.1" 400 65597
Invalid HTTP_HOST header: '15.188.23.39'. You may need to add '15.188.23.39' to ALLOWED_HOSTS.
Traceback (most recent call last):
  File "/usr/share/nginx/toornoi/.venv/lib/python3.12/site-packages/django/core/handlers/exception.py", line 55, in inner
    response = get_response(request)
               ^^^^^^^^^^^^^^^^^^^^^
  File "/usr/share/nginx/toornoi/.venv/lib/python3.12/site-packages/django/utils/deprecation.py", line 128, in __call__
    response = self.process_request(request)
               ^^^^^^^^^^^^^^^^^^^^^^^^^^^^^
  File "/usr/share/nginx/toornoi/.venv/lib/python3.12/site-packages/django/middleware/common.py", line 48, in process_request
    host = request.get_host()
           ^^^^^^^^^^^^^^^^^^
  File "/usr/share/nginx/toornoi/.venv/lib/python3.12/site-packages/django/http/request.py", line 151, in get_host
    raise DisallowedHost(msg)
django.core.exceptions.DisallowedHost: Invalid HTTP_HOST header: '15.188.23.39'. You may need to add '15.188.23.39' to ALLOWED_HOSTS.
Bad Request: /.git/index
[11/Feb/2025 23:16:36] "GET /.git/index HTTP/1.1" 400 65391
Invalid HTTP_HOST header: '15.188.23.39'. You may need to add '15.188.23.39' to ALLOWED_HOSTS.
Traceback (most recent call last):
  File "/usr/share/nginx/toornoi/.venv/lib/python3.12/site-packages/django/core/handlers/exception.py", line 55, in inner
    response = get_response(request)
               ^^^^^^^^^^^^^^^^^^^^^
  File "/usr/share/nginx/toornoi/.venv/lib/python3.12/site-packages/django/utils/deprecation.py", line 128, in __call__
    response = self.process_request(request)
               ^^^^^^^^^^^^^^^^^^^^^^^^^^^^^
  File "/usr/share/nginx/toornoi/.venv/lib/python3.12/site-packages/django/middleware/common.py", line 48, in process_request
    host = request.get_host()
           ^^^^^^^^^^^^^^^^^^
  File "/usr/share/nginx/toornoi/.venv/lib/python3.12/site-packages/django/http/request.py", line 151, in get_host
    raise DisallowedHost(msg)
django.core.exceptions.DisallowedHost: Invalid HTTP_HOST header: '15.188.23.39'. You may need to add '15.188.23.39' to ALLOWED_HOSTS.
Bad Request: /
[11/Feb/2025 23:19:19] "GET / HTTP/1.1" 400 65083
Invalid HTTP_HOST header: '15.188.23.39'. You may need to add '15.188.23.39' to ALLOWED_HOSTS.
Traceback (most recent call last):
  File "/usr/share/nginx/toornoi/.venv/lib/python3.12/site-packages/django/core/handlers/exception.py", line 55, in inner
    response = get_response(request)
               ^^^^^^^^^^^^^^^^^^^^^
  File "/usr/share/nginx/toornoi/.venv/lib/python3.12/site-packages/django/utils/deprecation.py", line 128, in __call__
    response = self.process_request(request)
               ^^^^^^^^^^^^^^^^^^^^^^^^^^^^^
  File "/usr/share/nginx/toornoi/.venv/lib/python3.12/site-packages/django/middleware/common.py", line 48, in process_request
    host = request.get_host()
           ^^^^^^^^^^^^^^^^^^
  File "/usr/share/nginx/toornoi/.venv/lib/python3.12/site-packages/django/http/request.py", line 151, in get_host
    raise DisallowedHost(msg)
django.core.exceptions.DisallowedHost: Invalid HTTP_HOST header: '15.188.23.39'. You may need to add '15.188.23.39' to ALLOWED_HOSTS.
Bad Request: /.env
[12/Feb/2025 00:33:09] "GET /.env HTTP/1.1" 400 65169
Invalid HTTP_HOST header: '15.188.23.39'. You may need to add '15.188.23.39' to ALLOWED_HOSTS.
Traceback (most recent call last):
  File "/usr/share/nginx/toornoi/.venv/lib/python3.12/site-packages/django/core/handlers/exception.py", line 55, in inner
    response = get_response(request)
               ^^^^^^^^^^^^^^^^^^^^^
  File "/usr/share/nginx/toornoi/.venv/lib/python3.12/site-packages/django/utils/deprecation.py", line 128, in __call__
    response = self.process_request(request)
               ^^^^^^^^^^^^^^^^^^^^^^^^^^^^^
  File "/usr/share/nginx/toornoi/.venv/lib/python3.12/site-packages/django/middleware/common.py", line 48, in process_request
    host = request.get_host()
           ^^^^^^^^^^^^^^^^^^
  File "/usr/share/nginx/toornoi/.venv/lib/python3.12/site-packages/django/http/request.py", line 151, in get_host
    raise DisallowedHost(msg)
django.core.exceptions.DisallowedHost: Invalid HTTP_HOST header: '15.188.23.39'. You may need to add '15.188.23.39' to ALLOWED_HOSTS.
Bad Request: /.env
[12/Feb/2025 01:02:49] "GET /.env HTTP/1.1" 400 65404
Invalid HTTP_HOST header: '15.188.23.39'. You may need to add '15.188.23.39' to ALLOWED_HOSTS.
Traceback (most recent call last):
  File "/usr/share/nginx/toornoi/.venv/lib/python3.12/site-packages/django/core/handlers/exception.py", line 55, in inner
    response = get_response(request)
               ^^^^^^^^^^^^^^^^^^^^^
  File "/usr/share/nginx/toornoi/.venv/lib/python3.12/site-packages/django/utils/deprecation.py", line 128, in __call__
    response = self.process_request(request)
               ^^^^^^^^^^^^^^^^^^^^^^^^^^^^^
  File "/usr/share/nginx/toornoi/.venv/lib/python3.12/site-packages/django/middleware/common.py", line 48, in process_request
    host = request.get_host()
           ^^^^^^^^^^^^^^^^^^
  File "/usr/share/nginx/toornoi/.venv/lib/python3.12/site-packages/django/http/request.py", line 151, in get_host
    raise DisallowedHost(msg)
django.core.exceptions.DisallowedHost: Invalid HTTP_HOST header: '15.188.23.39'. You may need to add '15.188.23.39' to ALLOWED_HOSTS.
Bad Request: /
[12/Feb/2025 01:08:13] "GET / HTTP/1.1" 400 65349
Invalid HTTP_HOST header: '15.188.23.39'. You may need to add '15.188.23.39' to ALLOWED_HOSTS.
Traceback (most recent call last):
  File "/usr/share/nginx/toornoi/.venv/lib/python3.12/site-packages/django/core/handlers/exception.py", line 55, in inner
    response = get_response(request)
               ^^^^^^^^^^^^^^^^^^^^^
  File "/usr/share/nginx/toornoi/.venv/lib/python3.12/site-packages/django/utils/deprecation.py", line 128, in __call__
    response = self.process_request(request)
               ^^^^^^^^^^^^^^^^^^^^^^^^^^^^^
  File "/usr/share/nginx/toornoi/.venv/lib/python3.12/site-packages/django/middleware/common.py", line 48, in process_request
    host = request.get_host()
           ^^^^^^^^^^^^^^^^^^
  File "/usr/share/nginx/toornoi/.venv/lib/python3.12/site-packages/django/http/request.py", line 151, in get_host
    raise DisallowedHost(msg)
django.core.exceptions.DisallowedHost: Invalid HTTP_HOST header: '15.188.23.39'. You may need to add '15.188.23.39' to ALLOWED_HOSTS.
Bad Request: /
[12/Feb/2025 01:24:33] "GET / HTTP/1.1" 400 65349
[12/Feb/2025 02:15:00] "GET / HTTP/1.1" 200 199
[12/Feb/2025 02:15:01] "GET / HTTP/1.1" 200 199
Invalid HTTP_HOST header: '15.188.23.39'. You may need to add '15.188.23.39' to ALLOWED_HOSTS.
Traceback (most recent call last):
  File "/usr/share/nginx/toornoi/.venv/lib/python3.12/site-packages/django/core/handlers/exception.py", line 55, in inner
    response = get_response(request)
               ^^^^^^^^^^^^^^^^^^^^^
  File "/usr/share/nginx/toornoi/.venv/lib/python3.12/site-packages/django/utils/deprecation.py", line 128, in __call__
    response = self.process_request(request)
               ^^^^^^^^^^^^^^^^^^^^^^^^^^^^^
  File "/usr/share/nginx/toornoi/.venv/lib/python3.12/site-packages/django/middleware/common.py", line 48, in process_request
    host = request.get_host()
           ^^^^^^^^^^^^^^^^^^
  File "/usr/share/nginx/toornoi/.venv/lib/python3.12/site-packages/django/http/request.py", line 151, in get_host
    raise DisallowedHost(msg)
django.core.exceptions.DisallowedHost: Invalid HTTP_HOST header: '15.188.23.39'. You may need to add '15.188.23.39' to ALLOWED_HOSTS.
Bad Request: /
[12/Feb/2025 02:15:12] "GET / HTTP/1.1" 400 65146
Invalid HTTP_HOST header: '15.188.23.39'. You may need to add '15.188.23.39' to ALLOWED_HOSTS.
Traceback (most recent call last):
  File "/usr/share/nginx/toornoi/.venv/lib/python3.12/site-packages/django/core/handlers/exception.py", line 55, in inner
    response = get_response(request)
               ^^^^^^^^^^^^^^^^^^^^^
  File "/usr/share/nginx/toornoi/.venv/lib/python3.12/site-packages/django/utils/deprecation.py", line 128, in __call__
    response = self.process_request(request)
               ^^^^^^^^^^^^^^^^^^^^^^^^^^^^^
  File "/usr/share/nginx/toornoi/.venv/lib/python3.12/site-packages/django/middleware/common.py", line 48, in process_request
    host = request.get_host()
           ^^^^^^^^^^^^^^^^^^
  File "/usr/share/nginx/toornoi/.venv/lib/python3.12/site-packages/django/http/request.py", line 151, in get_host
    raise DisallowedHost(msg)
django.core.exceptions.DisallowedHost: Invalid HTTP_HOST header: '15.188.23.39'. You may need to add '15.188.23.39' to ALLOWED_HOSTS.
Bad Request: /
[12/Feb/2025 03:04:51] "GET / HTTP/1.1" 400 65268
Invalid HTTP_HOST header: '15.188.23.39'. You may need to add '15.188.23.39' to ALLOWED_HOSTS.
Traceback (most recent call last):
  File "/usr/share/nginx/toornoi/.venv/lib/python3.12/site-packages/django/core/handlers/exception.py", line 55, in inner
    response = get_response(request)
               ^^^^^^^^^^^^^^^^^^^^^
  File "/usr/share/nginx/toornoi/.venv/lib/python3.12/site-packages/django/utils/deprecation.py", line 128, in __call__
    response = self.process_request(request)
               ^^^^^^^^^^^^^^^^^^^^^^^^^^^^^
  File "/usr/share/nginx/toornoi/.venv/lib/python3.12/site-packages/django/middleware/common.py", line 48, in process_request
    host = request.get_host()
           ^^^^^^^^^^^^^^^^^^
  File "/usr/share/nginx/toornoi/.venv/lib/python3.12/site-packages/django/http/request.py", line 151, in get_host
    raise DisallowedHost(msg)
django.core.exceptions.DisallowedHost: Invalid HTTP_HOST header: '15.188.23.39'. You may need to add '15.188.23.39' to ALLOWED_HOSTS.
Bad Request: /.env
[12/Feb/2025 03:34:57] "GET /.env HTTP/1.1" 400 65404
Invalid HTTP_HOST header: '15.188.23.39'. You may need to add '15.188.23.39' to ALLOWED_HOSTS.
Traceback (most recent call last):
  File "/usr/share/nginx/toornoi/.venv/lib/python3.12/site-packages/django/core/handlers/exception.py", line 55, in inner
    response = get_response(request)
               ^^^^^^^^^^^^^^^^^^^^^
  File "/usr/share/nginx/toornoi/.venv/lib/python3.12/site-packages/django/utils/deprecation.py", line 128, in __call__
    response = self.process_request(request)
               ^^^^^^^^^^^^^^^^^^^^^^^^^^^^^
  File "/usr/share/nginx/toornoi/.venv/lib/python3.12/site-packages/django/middleware/common.py", line 48, in process_request
    host = request.get_host()
           ^^^^^^^^^^^^^^^^^^
  File "/usr/share/nginx/toornoi/.venv/lib/python3.12/site-packages/django/http/request.py", line 151, in get_host
    raise DisallowedHost(msg)
django.core.exceptions.DisallowedHost: Invalid HTTP_HOST header: '15.188.23.39'. You may need to add '15.188.23.39' to ALLOWED_HOSTS.
Bad Request: /dns-query
[12/Feb/2025 03:38:04] "GET /dns-query?dns=u7ABAAABAAAAAAAAB2V4YW1wbGUDY29tAAABAAE HTTP/1.1" 400 65519
Invalid HTTP_HOST header: '15.188.23.39'. You may need to add '15.188.23.39' to ALLOWED_HOSTS.
Traceback (most recent call last):
  File "/usr/share/nginx/toornoi/.venv/lib/python3.12/site-packages/django/core/handlers/exception.py", line 55, in inner
    response = get_response(request)
               ^^^^^^^^^^^^^^^^^^^^^
  File "/usr/share/nginx/toornoi/.venv/lib/python3.12/site-packages/django/utils/deprecation.py", line 128, in __call__
    response = self.process_request(request)
               ^^^^^^^^^^^^^^^^^^^^^^^^^^^^^
  File "/usr/share/nginx/toornoi/.venv/lib/python3.12/site-packages/django/middleware/common.py", line 48, in process_request
    host = request.get_host()
           ^^^^^^^^^^^^^^^^^^
  File "/usr/share/nginx/toornoi/.venv/lib/python3.12/site-packages/django/http/request.py", line 151, in get_host
    raise DisallowedHost(msg)
django.core.exceptions.DisallowedHost: Invalid HTTP_HOST header: '15.188.23.39'. You may need to add '15.188.23.39' to ALLOWED_HOSTS.
Bad Request: /dns-query
[12/Feb/2025 03:38:05] "POST /dns-query HTTP/1.1" 400 64874
Invalid HTTP_HOST header: '15.188.23.39'. You may need to add '15.188.23.39' to ALLOWED_HOSTS.
Traceback (most recent call last):
  File "/usr/share/nginx/toornoi/.venv/lib/python3.12/site-packages/django/core/handlers/exception.py", line 55, in inner
    response = get_response(request)
               ^^^^^^^^^^^^^^^^^^^^^
  File "/usr/share/nginx/toornoi/.venv/lib/python3.12/site-packages/django/utils/deprecation.py", line 128, in __call__
    response = self.process_request(request)
               ^^^^^^^^^^^^^^^^^^^^^^^^^^^^^
  File "/usr/share/nginx/toornoi/.venv/lib/python3.12/site-packages/django/middleware/common.py", line 48, in process_request
    host = request.get_host()
           ^^^^^^^^^^^^^^^^^^
  File "/usr/share/nginx/toornoi/.venv/lib/python3.12/site-packages/django/http/request.py", line 151, in get_host
    raise DisallowedHost(msg)
django.core.exceptions.DisallowedHost: Invalid HTTP_HOST header: '15.188.23.39'. You may need to add '15.188.23.39' to ALLOWED_HOSTS.
Bad Request: /dns-query
[12/Feb/2025 03:38:06] "GET /dns-query?name=example.com&type=A HTTP/1.1" 400 15824
Invalid HTTP_HOST header: '15.188.23.39'. You may need to add '15.188.23.39' to ALLOWED_HOSTS.
Traceback (most recent call last):
  File "/usr/share/nginx/toornoi/.venv/lib/python3.12/site-packages/django/core/handlers/exception.py", line 55, in inner
    response = get_response(request)
               ^^^^^^^^^^^^^^^^^^^^^
  File "/usr/share/nginx/toornoi/.venv/lib/python3.12/site-packages/django/utils/deprecation.py", line 128, in __call__
    response = self.process_request(request)
               ^^^^^^^^^^^^^^^^^^^^^^^^^^^^^
  File "/usr/share/nginx/toornoi/.venv/lib/python3.12/site-packages/django/middleware/common.py", line 48, in process_request
    host = request.get_host()
           ^^^^^^^^^^^^^^^^^^
  File "/usr/share/nginx/toornoi/.venv/lib/python3.12/site-packages/django/http/request.py", line 151, in get_host
    raise DisallowedHost(msg)
django.core.exceptions.DisallowedHost: Invalid HTTP_HOST header: '15.188.23.39'. You may need to add '15.188.23.39' to ALLOWED_HOSTS.
Bad Request: /dns-query
[12/Feb/2025 03:38:07] "GET /dns-query?dns=DEEBAAABAAAAAAAAB2V4YW1wbGUDY29tAAABAAE HTTP/1.1" 400 65519
Invalid HTTP_HOST header: '15.188.23.39'. You may need to add '15.188.23.39' to ALLOWED_HOSTS.
Traceback (most recent call last):
  File "/usr/share/nginx/toornoi/.venv/lib/python3.12/site-packages/django/core/handlers/exception.py", line 55, in inner
    response = get_response(request)
               ^^^^^^^^^^^^^^^^^^^^^
  File "/usr/share/nginx/toornoi/.venv/lib/python3.12/site-packages/django/utils/deprecation.py", line 128, in __call__
    response = self.process_request(request)
               ^^^^^^^^^^^^^^^^^^^^^^^^^^^^^
  File "/usr/share/nginx/toornoi/.venv/lib/python3.12/site-packages/django/middleware/common.py", line 48, in process_request
    host = request.get_host()
           ^^^^^^^^^^^^^^^^^^
  File "/usr/share/nginx/toornoi/.venv/lib/python3.12/site-packages/django/http/request.py", line 151, in get_host
    raise DisallowedHost(msg)
django.core.exceptions.DisallowedHost: Invalid HTTP_HOST header: '15.188.23.39'. You may need to add '15.188.23.39' to ALLOWED_HOSTS.
Bad Request: /dns-query
[12/Feb/2025 03:38:10] "POST /dns-query HTTP/1.1" 400 64874
Invalid HTTP_HOST header: '15.188.23.39'. You may need to add '15.188.23.39' to ALLOWED_HOSTS.
Traceback (most recent call last):
  File "/usr/share/nginx/toornoi/.venv/lib/python3.12/site-packages/django/core/handlers/exception.py", line 55, in inner
    response = get_response(request)
               ^^^^^^^^^^^^^^^^^^^^^
  File "/usr/share/nginx/toornoi/.venv/lib/python3.12/site-packages/django/utils/deprecation.py", line 128, in __call__
    response = self.process_request(request)
               ^^^^^^^^^^^^^^^^^^^^^^^^^^^^^
  File "/usr/share/nginx/toornoi/.venv/lib/python3.12/site-packages/django/middleware/common.py", line 48, in process_request
    host = request.get_host()
           ^^^^^^^^^^^^^^^^^^
  File "/usr/share/nginx/toornoi/.venv/lib/python3.12/site-packages/django/http/request.py", line 151, in get_host
    raise DisallowedHost(msg)
django.core.exceptions.DisallowedHost: Invalid HTTP_HOST header: '15.188.23.39'. You may need to add '15.188.23.39' to ALLOWED_HOSTS.
Bad Request: /dns-query
[12/Feb/2025 03:38:12] "GET /dns-query?name=example.com&type=A HTTP/1.1" 400 15824
Invalid HTTP_HOST header: '15.188.23.39'. You may need to add '15.188.23.39' to ALLOWED_HOSTS.
Traceback (most recent call last):
  File "/usr/share/nginx/toornoi/.venv/lib/python3.12/site-packages/django/core/handlers/exception.py", line 55, in inner
    response = get_response(request)
               ^^^^^^^^^^^^^^^^^^^^^
  File "/usr/share/nginx/toornoi/.venv/lib/python3.12/site-packages/django/utils/deprecation.py", line 128, in __call__
    response = self.process_request(request)
               ^^^^^^^^^^^^^^^^^^^^^^^^^^^^^
  File "/usr/share/nginx/toornoi/.venv/lib/python3.12/site-packages/django/middleware/common.py", line 48, in process_request
    host = request.get_host()
           ^^^^^^^^^^^^^^^^^^
  File "/usr/share/nginx/toornoi/.venv/lib/python3.12/site-packages/django/http/request.py", line 151, in get_host
    raise DisallowedHost(msg)
django.core.exceptions.DisallowedHost: Invalid HTTP_HOST header: '15.188.23.39'. You may need to add '15.188.23.39' to ALLOWED_HOSTS.
Bad Request: /query
[12/Feb/2025 03:38:14] "GET /query?dns=kvIBAAABAAAAAAAAB2V4YW1wbGUDY29tAAABAAE HTTP/1.1" 400 65475
Invalid HTTP_HOST header: '15.188.23.39'. You may need to add '15.188.23.39' to ALLOWED_HOSTS.
Traceback (most recent call last):
  File "/usr/share/nginx/toornoi/.venv/lib/python3.12/site-packages/django/core/handlers/exception.py", line 55, in inner
    response = get_response(request)
               ^^^^^^^^^^^^^^^^^^^^^
  File "/usr/share/nginx/toornoi/.venv/lib/python3.12/site-packages/django/utils/deprecation.py", line 128, in __call__
    response = self.process_request(request)
               ^^^^^^^^^^^^^^^^^^^^^^^^^^^^^
  File "/usr/share/nginx/toornoi/.venv/lib/python3.12/site-packages/django/middleware/common.py", line 48, in process_request
    host = request.get_host()
           ^^^^^^^^^^^^^^^^^^
  File "/usr/share/nginx/toornoi/.venv/lib/python3.12/site-packages/django/http/request.py", line 151, in get_host
    raise DisallowedHost(msg)
django.core.exceptions.DisallowedHost: Invalid HTTP_HOST header: '15.188.23.39'. You may need to add '15.188.23.39' to ALLOWED_HOSTS.
Bad Request: /query
[12/Feb/2025 03:38:16] "POST /query HTTP/1.1" 400 64830
Invalid HTTP_HOST header: '15.188.23.39'. You may need to add '15.188.23.39' to ALLOWED_HOSTS.
Traceback (most recent call last):
  File "/usr/share/nginx/toornoi/.venv/lib/python3.12/site-packages/django/core/handlers/exception.py", line 55, in inner
    response = get_response(request)
               ^^^^^^^^^^^^^^^^^^^^^
  File "/usr/share/nginx/toornoi/.venv/lib/python3.12/site-packages/django/utils/deprecation.py", line 128, in __call__
    response = self.process_request(request)
               ^^^^^^^^^^^^^^^^^^^^^^^^^^^^^
  File "/usr/share/nginx/toornoi/.venv/lib/python3.12/site-packages/django/middleware/common.py", line 48, in process_request
    host = request.get_host()
           ^^^^^^^^^^^^^^^^^^
  File "/usr/share/nginx/toornoi/.venv/lib/python3.12/site-packages/django/http/request.py", line 151, in get_host
    raise DisallowedHost(msg)
django.core.exceptions.DisallowedHost: Invalid HTTP_HOST header: '15.188.23.39'. You may need to add '15.188.23.39' to ALLOWED_HOSTS.
Bad Request: /query
[12/Feb/2025 03:38:18] "GET /query?name=example.com&type=A HTTP/1.1" 400 15808
Invalid HTTP_HOST header: '15.188.23.39'. You may need to add '15.188.23.39' to ALLOWED_HOSTS.
Traceback (most recent call last):
  File "/usr/share/nginx/toornoi/.venv/lib/python3.12/site-packages/django/core/handlers/exception.py", line 55, in inner
    response = get_response(request)
               ^^^^^^^^^^^^^^^^^^^^^
  File "/usr/share/nginx/toornoi/.venv/lib/python3.12/site-packages/django/utils/deprecation.py", line 128, in __call__
    response = self.process_request(request)
               ^^^^^^^^^^^^^^^^^^^^^^^^^^^^^
  File "/usr/share/nginx/toornoi/.venv/lib/python3.12/site-packages/django/middleware/common.py", line 48, in process_request
    host = request.get_host()
           ^^^^^^^^^^^^^^^^^^
  File "/usr/share/nginx/toornoi/.venv/lib/python3.12/site-packages/django/http/request.py", line 151, in get_host
    raise DisallowedHost(msg)
django.core.exceptions.DisallowedHost: Invalid HTTP_HOST header: '15.188.23.39'. You may need to add '15.188.23.39' to ALLOWED_HOSTS.
Bad Request: /query
[12/Feb/2025 03:38:19] "GET /query?dns=8YwBAAABAAAAAAAAB2V4YW1wbGUDY29tAAABAAE HTTP/1.1" 400 65475
Invalid HTTP_HOST header: '15.188.23.39'. You may need to add '15.188.23.39' to ALLOWED_HOSTS.
Traceback (most recent call last):
  File "/usr/share/nginx/toornoi/.venv/lib/python3.12/site-packages/django/core/handlers/exception.py", line 55, in inner
    response = get_response(request)
               ^^^^^^^^^^^^^^^^^^^^^
  File "/usr/share/nginx/toornoi/.venv/lib/python3.12/site-packages/django/utils/deprecation.py", line 128, in __call__
    response = self.process_request(request)
               ^^^^^^^^^^^^^^^^^^^^^^^^^^^^^
  File "/usr/share/nginx/toornoi/.venv/lib/python3.12/site-packages/django/middleware/common.py", line 48, in process_request
    host = request.get_host()
           ^^^^^^^^^^^^^^^^^^
  File "/usr/share/nginx/toornoi/.venv/lib/python3.12/site-packages/django/http/request.py", line 151, in get_host
    raise DisallowedHost(msg)
django.core.exceptions.DisallowedHost: Invalid HTTP_HOST header: '15.188.23.39'. You may need to add '15.188.23.39' to ALLOWED_HOSTS.
Bad Request: /query
[12/Feb/2025 03:38:20] "POST /query HTTP/1.1" 400 64830
Invalid HTTP_HOST header: '15.188.23.39'. You may need to add '15.188.23.39' to ALLOWED_HOSTS.
Traceback (most recent call last):
  File "/usr/share/nginx/toornoi/.venv/lib/python3.12/site-packages/django/core/handlers/exception.py", line 55, in inner
    response = get_response(request)
               ^^^^^^^^^^^^^^^^^^^^^
  File "/usr/share/nginx/toornoi/.venv/lib/python3.12/site-packages/django/utils/deprecation.py", line 128, in __call__
    response = self.process_request(request)
               ^^^^^^^^^^^^^^^^^^^^^^^^^^^^^
  File "/usr/share/nginx/toornoi/.venv/lib/python3.12/site-packages/django/middleware/common.py", line 48, in process_request
    host = request.get_host()
           ^^^^^^^^^^^^^^^^^^
  File "/usr/share/nginx/toornoi/.venv/lib/python3.12/site-packages/django/http/request.py", line 151, in get_host
    raise DisallowedHost(msg)
django.core.exceptions.DisallowedHost: Invalid HTTP_HOST header: '15.188.23.39'. You may need to add '15.188.23.39' to ALLOWED_HOSTS.
Bad Request: /query
[12/Feb/2025 03:38:22] "GET /query?name=example.com&type=A HTTP/1.1" 400 15808
Invalid HTTP_HOST header: '15.188.23.39'. You may need to add '15.188.23.39' to ALLOWED_HOSTS.
Traceback (most recent call last):
  File "/usr/share/nginx/toornoi/.venv/lib/python3.12/site-packages/django/core/handlers/exception.py", line 55, in inner
    response = get_response(request)
               ^^^^^^^^^^^^^^^^^^^^^
  File "/usr/share/nginx/toornoi/.venv/lib/python3.12/site-packages/django/utils/deprecation.py", line 128, in __call__
    response = self.process_request(request)
               ^^^^^^^^^^^^^^^^^^^^^^^^^^^^^
  File "/usr/share/nginx/toornoi/.venv/lib/python3.12/site-packages/django/middleware/common.py", line 48, in process_request
    host = request.get_host()
           ^^^^^^^^^^^^^^^^^^
  File "/usr/share/nginx/toornoi/.venv/lib/python3.12/site-packages/django/http/request.py", line 151, in get_host
    raise DisallowedHost(msg)
django.core.exceptions.DisallowedHost: Invalid HTTP_HOST header: '15.188.23.39'. You may need to add '15.188.23.39' to ALLOWED_HOSTS.
Bad Request: /resolve
[12/Feb/2025 03:38:23] "GET /resolve?dns=ny8BAAABAAAAAAAAB2V4YW1wbGUDY29tAAABAAE HTTP/1.1" 400 65497
Invalid HTTP_HOST header: '15.188.23.39'. You may need to add '15.188.23.39' to ALLOWED_HOSTS.
Traceback (most recent call last):
  File "/usr/share/nginx/toornoi/.venv/lib/python3.12/site-packages/django/core/handlers/exception.py", line 55, in inner
    response = get_response(request)
               ^^^^^^^^^^^^^^^^^^^^^
  File "/usr/share/nginx/toornoi/.venv/lib/python3.12/site-packages/django/utils/deprecation.py", line 128, in __call__
    response = self.process_request(request)
               ^^^^^^^^^^^^^^^^^^^^^^^^^^^^^
  File "/usr/share/nginx/toornoi/.venv/lib/python3.12/site-packages/django/middleware/common.py", line 48, in process_request
    host = request.get_host()
           ^^^^^^^^^^^^^^^^^^
  File "/usr/share/nginx/toornoi/.venv/lib/python3.12/site-packages/django/http/request.py", line 151, in get_host
    raise DisallowedHost(msg)
django.core.exceptions.DisallowedHost: Invalid HTTP_HOST header: '15.188.23.39'. You may need to add '15.188.23.39' to ALLOWED_HOSTS.
Bad Request: /resolve
[12/Feb/2025 03:38:25] "POST /resolve HTTP/1.1" 400 64852
Invalid HTTP_HOST header: '15.188.23.39'. You may need to add '15.188.23.39' to ALLOWED_HOSTS.
Traceback (most recent call last):
  File "/usr/share/nginx/toornoi/.venv/lib/python3.12/site-packages/django/core/handlers/exception.py", line 55, in inner
    response = get_response(request)
               ^^^^^^^^^^^^^^^^^^^^^
  File "/usr/share/nginx/toornoi/.venv/lib/python3.12/site-packages/django/utils/deprecation.py", line 128, in __call__
    response = self.process_request(request)
               ^^^^^^^^^^^^^^^^^^^^^^^^^^^^^
  File "/usr/share/nginx/toornoi/.venv/lib/python3.12/site-packages/django/middleware/common.py", line 48, in process_request
    host = request.get_host()
           ^^^^^^^^^^^^^^^^^^
  File "/usr/share/nginx/toornoi/.venv/lib/python3.12/site-packages/django/http/request.py", line 151, in get_host
    raise DisallowedHost(msg)
django.core.exceptions.DisallowedHost: Invalid HTTP_HOST header: '15.188.23.39'. You may need to add '15.188.23.39' to ALLOWED_HOSTS.
Bad Request: /resolve
[12/Feb/2025 03:38:28] "GET /resolve?name=example.com&type=A HTTP/1.1" 400 15816
Invalid HTTP_HOST header: '15.188.23.39'. You may need to add '15.188.23.39' to ALLOWED_HOSTS.
Traceback (most recent call last):
  File "/usr/share/nginx/toornoi/.venv/lib/python3.12/site-packages/django/core/handlers/exception.py", line 55, in inner
    response = get_response(request)
               ^^^^^^^^^^^^^^^^^^^^^
  File "/usr/share/nginx/toornoi/.venv/lib/python3.12/site-packages/django/utils/deprecation.py", line 128, in __call__
    response = self.process_request(request)
               ^^^^^^^^^^^^^^^^^^^^^^^^^^^^^
  File "/usr/share/nginx/toornoi/.venv/lib/python3.12/site-packages/django/middleware/common.py", line 48, in process_request
    host = request.get_host()
           ^^^^^^^^^^^^^^^^^^
  File "/usr/share/nginx/toornoi/.venv/lib/python3.12/site-packages/django/http/request.py", line 151, in get_host
    raise DisallowedHost(msg)
django.core.exceptions.DisallowedHost: Invalid HTTP_HOST header: '15.188.23.39'. You may need to add '15.188.23.39' to ALLOWED_HOSTS.
Bad Request: /resolve
[12/Feb/2025 03:38:30] "GET /resolve?dns=DXQBAAABAAAAAAAAB2V4YW1wbGUDY29tAAABAAE HTTP/1.1" 400 65497
Invalid HTTP_HOST header: '15.188.23.39'. You may need to add '15.188.23.39' to ALLOWED_HOSTS.
Traceback (most recent call last):
  File "/usr/share/nginx/toornoi/.venv/lib/python3.12/site-packages/django/core/handlers/exception.py", line 55, in inner
    response = get_response(request)
               ^^^^^^^^^^^^^^^^^^^^^
  File "/usr/share/nginx/toornoi/.venv/lib/python3.12/site-packages/django/utils/deprecation.py", line 128, in __call__
    response = self.process_request(request)
               ^^^^^^^^^^^^^^^^^^^^^^^^^^^^^
  File "/usr/share/nginx/toornoi/.venv/lib/python3.12/site-packages/django/middleware/common.py", line 48, in process_request
    host = request.get_host()
           ^^^^^^^^^^^^^^^^^^
  File "/usr/share/nginx/toornoi/.venv/lib/python3.12/site-packages/django/http/request.py", line 151, in get_host
    raise DisallowedHost(msg)
django.core.exceptions.DisallowedHost: Invalid HTTP_HOST header: '15.188.23.39'. You may need to add '15.188.23.39' to ALLOWED_HOSTS.
Bad Request: /resolve
[12/Feb/2025 03:38:31] "POST /resolve HTTP/1.1" 400 64852
Invalid HTTP_HOST header: '15.188.23.39'. You may need to add '15.188.23.39' to ALLOWED_HOSTS.
Traceback (most recent call last):
  File "/usr/share/nginx/toornoi/.venv/lib/python3.12/site-packages/django/core/handlers/exception.py", line 55, in inner
    response = get_response(request)
               ^^^^^^^^^^^^^^^^^^^^^
  File "/usr/share/nginx/toornoi/.venv/lib/python3.12/site-packages/django/utils/deprecation.py", line 128, in __call__
    response = self.process_request(request)
               ^^^^^^^^^^^^^^^^^^^^^^^^^^^^^
  File "/usr/share/nginx/toornoi/.venv/lib/python3.12/site-packages/django/middleware/common.py", line 48, in process_request
    host = request.get_host()
           ^^^^^^^^^^^^^^^^^^
  File "/usr/share/nginx/toornoi/.venv/lib/python3.12/site-packages/django/http/request.py", line 151, in get_host
    raise DisallowedHost(msg)
django.core.exceptions.DisallowedHost: Invalid HTTP_HOST header: '15.188.23.39'. You may need to add '15.188.23.39' to ALLOWED_HOSTS.
Bad Request: /resolve
[12/Feb/2025 03:38:33] "GET /resolve?name=example.com&type=A HTTP/1.1" 400 15816
Invalid HTTP_HOST header: '15.188.23.39'. You may need to add '15.188.23.39' to ALLOWED_HOSTS.
Traceback (most recent call last):
  File "/usr/share/nginx/toornoi/.venv/lib/python3.12/site-packages/django/core/handlers/exception.py", line 55, in inner
    response = get_response(request)
               ^^^^^^^^^^^^^^^^^^^^^
  File "/usr/share/nginx/toornoi/.venv/lib/python3.12/site-packages/django/utils/deprecation.py", line 128, in __call__
    response = self.process_request(request)
               ^^^^^^^^^^^^^^^^^^^^^^^^^^^^^
  File "/usr/share/nginx/toornoi/.venv/lib/python3.12/site-packages/django/middleware/common.py", line 48, in process_request
    host = request.get_host()
           ^^^^^^^^^^^^^^^^^^
  File "/usr/share/nginx/toornoi/.venv/lib/python3.12/site-packages/django/http/request.py", line 151, in get_host
    raise DisallowedHost(msg)
django.core.exceptions.DisallowedHost: Invalid HTTP_HOST header: '15.188.23.39'. You may need to add '15.188.23.39' to ALLOWED_HOSTS.
Bad Request: /
[12/Feb/2025 03:38:33] "GET /?dns=f64BAAABAAAAAAAAB2V4YW1wbGUDY29tAAABAAE HTTP/1.1" 400 65532
Invalid HTTP_HOST header: '15.188.23.39'. You may need to add '15.188.23.39' to ALLOWED_HOSTS.
Traceback (most recent call last):
  File "/usr/share/nginx/toornoi/.venv/lib/python3.12/site-packages/django/core/handlers/exception.py", line 55, in inner
    response = get_response(request)
               ^^^^^^^^^^^^^^^^^^^^^
  File "/usr/share/nginx/toornoi/.venv/lib/python3.12/site-packages/django/utils/deprecation.py", line 128, in __call__
    response = self.process_request(request)
               ^^^^^^^^^^^^^^^^^^^^^^^^^^^^^
  File "/usr/share/nginx/toornoi/.venv/lib/python3.12/site-packages/django/middleware/common.py", line 48, in process_request
    host = request.get_host()
           ^^^^^^^^^^^^^^^^^^
  File "/usr/share/nginx/toornoi/.venv/lib/python3.12/site-packages/django/http/request.py", line 151, in get_host
    raise DisallowedHost(msg)
django.core.exceptions.DisallowedHost: Invalid HTTP_HOST header: '15.188.23.39'. You may need to add '15.188.23.39' to ALLOWED_HOSTS.
Bad Request: /
[12/Feb/2025 03:38:38] "POST / HTTP/1.1" 400 64887
Invalid HTTP_HOST header: '15.188.23.39'. You may need to add '15.188.23.39' to ALLOWED_HOSTS.
Traceback (most recent call last):
  File "/usr/share/nginx/toornoi/.venv/lib/python3.12/site-packages/django/core/handlers/exception.py", line 55, in inner
    response = get_response(request)
               ^^^^^^^^^^^^^^^^^^^^^
  File "/usr/share/nginx/toornoi/.venv/lib/python3.12/site-packages/django/utils/deprecation.py", line 128, in __call__
    response = self.process_request(request)
               ^^^^^^^^^^^^^^^^^^^^^^^^^^^^^
  File "/usr/share/nginx/toornoi/.venv/lib/python3.12/site-packages/django/middleware/common.py", line 48, in process_request
    host = request.get_host()
           ^^^^^^^^^^^^^^^^^^
  File "/usr/share/nginx/toornoi/.venv/lib/python3.12/site-packages/django/http/request.py", line 151, in get_host
    raise DisallowedHost(msg)
django.core.exceptions.DisallowedHost: Invalid HTTP_HOST header: '15.188.23.39'. You may need to add '15.188.23.39' to ALLOWED_HOSTS.
Bad Request: /
[12/Feb/2025 03:38:41] "GET /?name=example.com&type=A HTTP/1.1" 400 15837
Invalid HTTP_HOST header: '15.188.23.39'. You may need to add '15.188.23.39' to ALLOWED_HOSTS.
Traceback (most recent call last):
  File "/usr/share/nginx/toornoi/.venv/lib/python3.12/site-packages/django/core/handlers/exception.py", line 55, in inner
    response = get_response(request)
               ^^^^^^^^^^^^^^^^^^^^^
  File "/usr/share/nginx/toornoi/.venv/lib/python3.12/site-packages/django/utils/deprecation.py", line 128, in __call__
    response = self.process_request(request)
               ^^^^^^^^^^^^^^^^^^^^^^^^^^^^^
  File "/usr/share/nginx/toornoi/.venv/lib/python3.12/site-packages/django/middleware/common.py", line 48, in process_request
    host = request.get_host()
           ^^^^^^^^^^^^^^^^^^
  File "/usr/share/nginx/toornoi/.venv/lib/python3.12/site-packages/django/http/request.py", line 151, in get_host
    raise DisallowedHost(msg)
django.core.exceptions.DisallowedHost: Invalid HTTP_HOST header: '15.188.23.39'. You may need to add '15.188.23.39' to ALLOWED_HOSTS.
Bad Request: /
[12/Feb/2025 03:38:42] "GET /?dns=oXcBAAABAAAAAAAAB2V4YW1wbGUDY29tAAABAAE HTTP/1.1" 400 65532
Invalid HTTP_HOST header: '15.188.23.39'. You may need to add '15.188.23.39' to ALLOWED_HOSTS.
Traceback (most recent call last):
  File "/usr/share/nginx/toornoi/.venv/lib/python3.12/site-packages/django/core/handlers/exception.py", line 55, in inner
    response = get_response(request)
               ^^^^^^^^^^^^^^^^^^^^^
  File "/usr/share/nginx/toornoi/.venv/lib/python3.12/site-packages/django/utils/deprecation.py", line 128, in __call__
    response = self.process_request(request)
               ^^^^^^^^^^^^^^^^^^^^^^^^^^^^^
  File "/usr/share/nginx/toornoi/.venv/lib/python3.12/site-packages/django/middleware/common.py", line 48, in process_request
    host = request.get_host()
           ^^^^^^^^^^^^^^^^^^
  File "/usr/share/nginx/toornoi/.venv/lib/python3.12/site-packages/django/http/request.py", line 151, in get_host
    raise DisallowedHost(msg)
django.core.exceptions.DisallowedHost: Invalid HTTP_HOST header: '15.188.23.39'. You may need to add '15.188.23.39' to ALLOWED_HOSTS.
Bad Request: /
[12/Feb/2025 03:38:45] "POST / HTTP/1.1" 400 64887
Invalid HTTP_HOST header: '15.188.23.39'. You may need to add '15.188.23.39' to ALLOWED_HOSTS.
Traceback (most recent call last):
  File "/usr/share/nginx/toornoi/.venv/lib/python3.12/site-packages/django/core/handlers/exception.py", line 55, in inner
    response = get_response(request)
               ^^^^^^^^^^^^^^^^^^^^^
  File "/usr/share/nginx/toornoi/.venv/lib/python3.12/site-packages/django/utils/deprecation.py", line 128, in __call__
    response = self.process_request(request)
               ^^^^^^^^^^^^^^^^^^^^^^^^^^^^^
  File "/usr/share/nginx/toornoi/.venv/lib/python3.12/site-packages/django/middleware/common.py", line 48, in process_request
    host = request.get_host()
           ^^^^^^^^^^^^^^^^^^
  File "/usr/share/nginx/toornoi/.venv/lib/python3.12/site-packages/django/http/request.py", line 151, in get_host
    raise DisallowedHost(msg)
django.core.exceptions.DisallowedHost: Invalid HTTP_HOST header: '15.188.23.39'. You may need to add '15.188.23.39' to ALLOWED_HOSTS.
Bad Request: /
[12/Feb/2025 03:38:48] "GET /?name=example.com&type=A HTTP/1.1" 400 15837
Invalid HTTP_HOST header: '15.188.23.39'. You may need to add '15.188.23.39' to ALLOWED_HOSTS.
Traceback (most recent call last):
  File "/usr/share/nginx/toornoi/.venv/lib/python3.12/site-packages/django/core/handlers/exception.py", line 55, in inner
    response = get_response(request)
               ^^^^^^^^^^^^^^^^^^^^^
  File "/usr/share/nginx/toornoi/.venv/lib/python3.12/site-packages/django/utils/deprecation.py", line 128, in __call__
    response = self.process_request(request)
               ^^^^^^^^^^^^^^^^^^^^^^^^^^^^^
  File "/usr/share/nginx/toornoi/.venv/lib/python3.12/site-packages/django/middleware/common.py", line 48, in process_request
    host = request.get_host()
           ^^^^^^^^^^^^^^^^^^
  File "/usr/share/nginx/toornoi/.venv/lib/python3.12/site-packages/django/http/request.py", line 151, in get_host
    raise DisallowedHost(msg)
django.core.exceptions.DisallowedHost: Invalid HTTP_HOST header: '15.188.23.39'. You may need to add '15.188.23.39' to ALLOWED_HOSTS.
Bad Request: /vpn/index.html
[12/Feb/2025 03:50:51] "GET /vpn/index.html HTTP/1.1" 400 66182
Invalid HTTP_HOST header: '15.188.23.39'. You may need to add '15.188.23.39' to ALLOWED_HOSTS.
Traceback (most recent call last):
  File "/usr/share/nginx/toornoi/.venv/lib/python3.12/site-packages/django/core/handlers/exception.py", line 55, in inner
    response = get_response(request)
               ^^^^^^^^^^^^^^^^^^^^^
  File "/usr/share/nginx/toornoi/.venv/lib/python3.12/site-packages/django/utils/deprecation.py", line 128, in __call__
    response = self.process_request(request)
               ^^^^^^^^^^^^^^^^^^^^^^^^^^^^^
  File "/usr/share/nginx/toornoi/.venv/lib/python3.12/site-packages/django/middleware/common.py", line 48, in process_request
    host = request.get_host()
           ^^^^^^^^^^^^^^^^^^
  File "/usr/share/nginx/toornoi/.venv/lib/python3.12/site-packages/django/http/request.py", line 151, in get_host
    raise DisallowedHost(msg)
django.core.exceptions.DisallowedHost: Invalid HTTP_HOST header: '15.188.23.39'. You may need to add '15.188.23.39' to ALLOWED_HOSTS.
Bad Request: /vpn/index.html
[12/Feb/2025 03:50:58] "GET /vpn/index.html HTTP/1.1" 400 66750
Invalid HTTP_HOST header: '15.188.23.39'. You may need to add '15.188.23.39' to ALLOWED_HOSTS.
Traceback (most recent call last):
  File "/usr/share/nginx/toornoi/.venv/lib/python3.12/site-packages/django/core/handlers/exception.py", line 55, in inner
    response = get_response(request)
               ^^^^^^^^^^^^^^^^^^^^^
  File "/usr/share/nginx/toornoi/.venv/lib/python3.12/site-packages/django/utils/deprecation.py", line 128, in __call__
    response = self.process_request(request)
               ^^^^^^^^^^^^^^^^^^^^^^^^^^^^^
  File "/usr/share/nginx/toornoi/.venv/lib/python3.12/site-packages/django/middleware/common.py", line 48, in process_request
    host = request.get_host()
           ^^^^^^^^^^^^^^^^^^
  File "/usr/share/nginx/toornoi/.venv/lib/python3.12/site-packages/django/http/request.py", line 151, in get_host
    raise DisallowedHost(msg)
django.core.exceptions.DisallowedHost: Invalid HTTP_HOST header: '15.188.23.39'. You may need to add '15.188.23.39' to ALLOWED_HOSTS.
Bad Request: /
[12/Feb/2025 04:43:30] "GET / HTTP/1.1" 400 65245
Invalid HTTP_HOST header: '15.188.23.39'. You may need to add '15.188.23.39' to ALLOWED_HOSTS.
Traceback (most recent call last):
  File "/usr/share/nginx/toornoi/.venv/lib/python3.12/site-packages/django/core/handlers/exception.py", line 55, in inner
    response = get_response(request)
               ^^^^^^^^^^^^^^^^^^^^^
  File "/usr/share/nginx/toornoi/.venv/lib/python3.12/site-packages/django/utils/deprecation.py", line 128, in __call__
    response = self.process_request(request)
               ^^^^^^^^^^^^^^^^^^^^^^^^^^^^^
  File "/usr/share/nginx/toornoi/.venv/lib/python3.12/site-packages/django/middleware/common.py", line 48, in process_request
    host = request.get_host()
           ^^^^^^^^^^^^^^^^^^
  File "/usr/share/nginx/toornoi/.venv/lib/python3.12/site-packages/django/http/request.py", line 151, in get_host
    raise DisallowedHost(msg)
django.core.exceptions.DisallowedHost: Invalid HTTP_HOST header: '15.188.23.39'. You may need to add '15.188.23.39' to ALLOWED_HOSTS.
Bad Request: /favicon.ico
[12/Feb/2025 04:43:30] "GET /favicon.ico HTTP/1.1" 400 65254
Invalid HTTP_HOST header: '15.188.23.39'. You may need to add '15.188.23.39' to ALLOWED_HOSTS.
Traceback (most recent call last):
  File "/usr/share/nginx/toornoi/.venv/lib/python3.12/site-packages/django/core/handlers/exception.py", line 55, in inner
    response = get_response(request)
               ^^^^^^^^^^^^^^^^^^^^^
  File "/usr/share/nginx/toornoi/.venv/lib/python3.12/site-packages/django/utils/deprecation.py", line 128, in __call__
    response = self.process_request(request)
               ^^^^^^^^^^^^^^^^^^^^^^^^^^^^^
  File "/usr/share/nginx/toornoi/.venv/lib/python3.12/site-packages/django/middleware/common.py", line 48, in process_request
    host = request.get_host()
           ^^^^^^^^^^^^^^^^^^
  File "/usr/share/nginx/toornoi/.venv/lib/python3.12/site-packages/django/http/request.py", line 151, in get_host
    raise DisallowedHost(msg)
django.core.exceptions.DisallowedHost: Invalid HTTP_HOST header: '15.188.23.39'. You may need to add '15.188.23.39' to ALLOWED_HOSTS.
Bad Request: /
[12/Feb/2025 05:10:45] "GET / HTTP/1.1" 400 65597
Invalid HTTP_HOST header: '15.188.23.39'. You may need to add '15.188.23.39' to ALLOWED_HOSTS.
Traceback (most recent call last):
  File "/usr/share/nginx/toornoi/.venv/lib/python3.12/site-packages/django/core/handlers/exception.py", line 55, in inner
    response = get_response(request)
               ^^^^^^^^^^^^^^^^^^^^^
  File "/usr/share/nginx/toornoi/.venv/lib/python3.12/site-packages/django/utils/deprecation.py", line 128, in __call__
    response = self.process_request(request)
               ^^^^^^^^^^^^^^^^^^^^^^^^^^^^^
  File "/usr/share/nginx/toornoi/.venv/lib/python3.12/site-packages/django/middleware/common.py", line 48, in process_request
    host = request.get_host()
           ^^^^^^^^^^^^^^^^^^
  File "/usr/share/nginx/toornoi/.venv/lib/python3.12/site-packages/django/http/request.py", line 151, in get_host
    raise DisallowedHost(msg)
django.core.exceptions.DisallowedHost: Invalid HTTP_HOST header: '15.188.23.39'. You may need to add '15.188.23.39' to ALLOWED_HOSTS.
Bad Request: /.git/HEAD
[12/Feb/2025 05:14:25] "GET /.git/HEAD HTTP/1.1" 400 65390
[12/Feb/2025 05:27:06] "GET / HTTP/1.1" 200 199
Not Found: /.env_example
[12/Feb/2025 06:25:37] "GET /.env_example HTTP/1.1" 404 8627
Not Found: /core/.env
[12/Feb/2025 06:25:39] "GET /core/.env HTTP/1.1" 404 8618
Not Found: /app/.env
[12/Feb/2025 06:25:41] "GET /app/.env HTTP/1.1" 404 8615
Not Found: /laravel/.env
[12/Feb/2025 06:25:43] "GET /laravel/.env HTTP/1.1" 404 8627
Not Found: /web/.env
[12/Feb/2025 06:25:45] "GET /web/.env HTTP/1.1" 404 8615
Not Found: /crm/.env
[12/Feb/2025 06:25:47] "GET /crm/.env HTTP/1.1" 404 8615
Not Found: /backend/.env
[12/Feb/2025 06:25:50] "GET /backend/.env HTTP/1.1" 404 8627
Not Found: /local/.env
[12/Feb/2025 06:25:52] "GET /local/.env HTTP/1.1" 404 8621
Not Found: /api/.env
[12/Feb/2025 06:25:55] "GET /api/.env HTTP/1.1" 404 8615
[12/Feb/2025 06:25:57] "GET /admin/.env HTTP/1.1" 302 0
Invalid HTTP_HOST header: '15.188.23.39'. You may need to add '15.188.23.39' to ALLOWED_HOSTS.
Traceback (most recent call last):
  File "/usr/share/nginx/toornoi/.venv/lib/python3.12/site-packages/django/core/handlers/exception.py", line 55, in inner
    response = get_response(request)
               ^^^^^^^^^^^^^^^^^^^^^
  File "/usr/share/nginx/toornoi/.venv/lib/python3.12/site-packages/django/utils/deprecation.py", line 128, in __call__
    response = self.process_request(request)
               ^^^^^^^^^^^^^^^^^^^^^^^^^^^^^
  File "/usr/share/nginx/toornoi/.venv/lib/python3.12/site-packages/django/middleware/common.py", line 48, in process_request
    host = request.get_host()
           ^^^^^^^^^^^^^^^^^^
  File "/usr/share/nginx/toornoi/.venv/lib/python3.12/site-packages/django/http/request.py", line 151, in get_host
    raise DisallowedHost(msg)
django.core.exceptions.DisallowedHost: Invalid HTTP_HOST header: '15.188.23.39'. You may need to add '15.188.23.39' to ALLOWED_HOSTS.
Bad Request: /.env
[12/Feb/2025 06:56:48] "GET /.env HTTP/1.1" 400 65404
Invalid HTTP_HOST header: '15.188.23.39'. You may need to add '15.188.23.39' to ALLOWED_HOSTS.
Traceback (most recent call last):
  File "/usr/share/nginx/toornoi/.venv/lib/python3.12/site-packages/django/core/handlers/exception.py", line 55, in inner
    response = get_response(request)
               ^^^^^^^^^^^^^^^^^^^^^
  File "/usr/share/nginx/toornoi/.venv/lib/python3.12/site-packages/django/utils/deprecation.py", line 128, in __call__
    response = self.process_request(request)
               ^^^^^^^^^^^^^^^^^^^^^^^^^^^^^
  File "/usr/share/nginx/toornoi/.venv/lib/python3.12/site-packages/django/middleware/common.py", line 48, in process_request
    host = request.get_host()
           ^^^^^^^^^^^^^^^^^^
  File "/usr/share/nginx/toornoi/.venv/lib/python3.12/site-packages/django/http/request.py", line 151, in get_host
    raise DisallowedHost(msg)
django.core.exceptions.DisallowedHost: Invalid HTTP_HOST header: '15.188.23.39'. You may need to add '15.188.23.39' to ALLOWED_HOSTS.
Bad Request: /robots.txt
[12/Feb/2025 07:38:31] "GET /robots.txt HTTP/1.1" 400 65091
Invalid HTTP_HOST header: '15.188.23.39'. You may need to add '15.188.23.39' to ALLOWED_HOSTS.
Traceback (most recent call last):
  File "/usr/share/nginx/toornoi/.venv/lib/python3.12/site-packages/django/core/handlers/exception.py", line 55, in inner
    response = get_response(request)
               ^^^^^^^^^^^^^^^^^^^^^
  File "/usr/share/nginx/toornoi/.venv/lib/python3.12/site-packages/django/utils/deprecation.py", line 128, in __call__
    response = self.process_request(request)
               ^^^^^^^^^^^^^^^^^^^^^^^^^^^^^
  File "/usr/share/nginx/toornoi/.venv/lib/python3.12/site-packages/django/middleware/common.py", line 48, in process_request
    host = request.get_host()
           ^^^^^^^^^^^^^^^^^^
  File "/usr/share/nginx/toornoi/.venv/lib/python3.12/site-packages/django/http/request.py", line 151, in get_host
    raise DisallowedHost(msg)
django.core.exceptions.DisallowedHost: Invalid HTTP_HOST header: '15.188.23.39'. You may need to add '15.188.23.39' to ALLOWED_HOSTS.
Bad Request: /
[12/Feb/2025 07:44:54] "GET / HTTP/1.1" 400 64927
Invalid HTTP_HOST header: '15.188.23.39'. You may need to add '15.188.23.39' to ALLOWED_HOSTS.
Traceback (most recent call last):
  File "/usr/share/nginx/toornoi/.venv/lib/python3.12/site-packages/django/core/handlers/exception.py", line 55, in inner
    response = get_response(request)
               ^^^^^^^^^^^^^^^^^^^^^
  File "/usr/share/nginx/toornoi/.venv/lib/python3.12/site-packages/django/utils/deprecation.py", line 128, in __call__
    response = self.process_request(request)
               ^^^^^^^^^^^^^^^^^^^^^^^^^^^^^
  File "/usr/share/nginx/toornoi/.venv/lib/python3.12/site-packages/django/middleware/common.py", line 48, in process_request
    host = request.get_host()
           ^^^^^^^^^^^^^^^^^^
  File "/usr/share/nginx/toornoi/.venv/lib/python3.12/site-packages/django/http/request.py", line 151, in get_host
    raise DisallowedHost(msg)
django.core.exceptions.DisallowedHost: Invalid HTTP_HOST header: '15.188.23.39'. You may need to add '15.188.23.39' to ALLOWED_HOSTS.
Bad Request: /
[12/Feb/2025 07:50:07] "GET / HTTP/1.1" 400 65375
Invalid HTTP_HOST header: '15.188.23.39'. You may need to add '15.188.23.39' to ALLOWED_HOSTS.
Traceback (most recent call last):
  File "/usr/share/nginx/toornoi/.venv/lib/python3.12/site-packages/django/core/handlers/exception.py", line 55, in inner
    response = get_response(request)
               ^^^^^^^^^^^^^^^^^^^^^
  File "/usr/share/nginx/toornoi/.venv/lib/python3.12/site-packages/django/utils/deprecation.py", line 128, in __call__
    response = self.process_request(request)
               ^^^^^^^^^^^^^^^^^^^^^^^^^^^^^
  File "/usr/share/nginx/toornoi/.venv/lib/python3.12/site-packages/django/middleware/common.py", line 48, in process_request
    host = request.get_host()
           ^^^^^^^^^^^^^^^^^^
  File "/usr/share/nginx/toornoi/.venv/lib/python3.12/site-packages/django/http/request.py", line 151, in get_host
    raise DisallowedHost(msg)
django.core.exceptions.DisallowedHost: Invalid HTTP_HOST header: '15.188.23.39'. You may need to add '15.188.23.39' to ALLOWED_HOSTS.
Bad Request: /
[12/Feb/2025 08:25:52] "GET / HTTP/1.1" 400 65658
Invalid HTTP_HOST header: '15.188.23.39'. You may need to add '15.188.23.39' to ALLOWED_HOSTS.
Traceback (most recent call last):
  File "/usr/share/nginx/toornoi/.venv/lib/python3.12/site-packages/django/core/handlers/exception.py", line 55, in inner
    response = get_response(request)
               ^^^^^^^^^^^^^^^^^^^^^
  File "/usr/share/nginx/toornoi/.venv/lib/python3.12/site-packages/django/utils/deprecation.py", line 128, in __call__
    response = self.process_request(request)
               ^^^^^^^^^^^^^^^^^^^^^^^^^^^^^
  File "/usr/share/nginx/toornoi/.venv/lib/python3.12/site-packages/django/middleware/common.py", line 48, in process_request
    host = request.get_host()
           ^^^^^^^^^^^^^^^^^^
  File "/usr/share/nginx/toornoi/.venv/lib/python3.12/site-packages/django/http/request.py", line 151, in get_host
    raise DisallowedHost(msg)
django.core.exceptions.DisallowedHost: Invalid HTTP_HOST header: '15.188.23.39'. You may need to add '15.188.23.39' to ALLOWED_HOSTS.
Bad Request: /favicon.ico
[12/Feb/2025 08:25:53] "GET /favicon.ico HTTP/1.1" 400 65667
[12/Feb/2025 09:02:02] "GET / HTTP/1.1" 200 5660
Not Found: /js/twint_ch.js
[12/Feb/2025 09:02:02] "GET /js/twint_ch.js HTTP/1.1" 404 8633
[12/Feb/2025 09:02:02] "GET /static/rest_framework/js/prettify-min.js HTTP/1.1" 200 13632
[12/Feb/2025 09:02:02] "GET /static/rest_framework/js/default.js HTTP/1.1" 200 1268
[12/Feb/2025 09:02:02] "GET /static/rest_framework/css/prettify.css HTTP/1.1" 200 817
[12/Feb/2025 09:02:02] "GET /static/rest_framework/js/jquery-3.7.1.min.js HTTP/1.1" 200 87533
[12/Feb/2025 09:02:02] "GET /static/rest_framework/css/default.css HTTP/1.1" 200 1152
[12/Feb/2025 09:02:02] "GET /static/rest_framework/js/load-ajax-form.js HTTP/1.1" 200 59
[12/Feb/2025 09:02:02] "GET /static/rest_framework/css/bootstrap.min.css HTTP/1.1" 200 121457
[12/Feb/2025 09:02:02] "GET /static/rest_framework/js/bootstrap.min.js HTTP/1.1" 200 39680
[12/Feb/2025 09:02:02] "GET /static/rest_framework/js/ajax-form.js HTTP/1.1" 200 3796
[12/Feb/2025 09:02:02] "GET /static/rest_framework/css/bootstrap-tweaks.css HTTP/1.1" 200 3426
[12/Feb/2025 09:02:02] "GET /static/rest_framework/js/csrf.js HTTP/1.1" 200 1793
Invalid HTTP_HOST header: '15.188.23.39'. You may need to add '15.188.23.39' to ALLOWED_HOSTS.
Traceback (most recent call last):
  File "/usr/share/nginx/toornoi/.venv/lib/python3.12/site-packages/django/core/handlers/exception.py", line 55, in inner
    response = get_response(request)
               ^^^^^^^^^^^^^^^^^^^^^
  File "/usr/share/nginx/toornoi/.venv/lib/python3.12/site-packages/django/utils/deprecation.py", line 128, in __call__
    response = self.process_request(request)
               ^^^^^^^^^^^^^^^^^^^^^^^^^^^^^
  File "/usr/share/nginx/toornoi/.venv/lib/python3.12/site-packages/django/middleware/common.py", line 48, in process_request
    host = request.get_host()
           ^^^^^^^^^^^^^^^^^^
  File "/usr/share/nginx/toornoi/.venv/lib/python3.12/site-packages/django/http/request.py", line 151, in get_host
    raise DisallowedHost(msg)
django.core.exceptions.DisallowedHost: Invalid HTTP_HOST header: '15.188.23.39'. You may need to add '15.188.23.39' to ALLOWED_HOSTS.
Bad Request: /
[12/Feb/2025 09:31:31] "GET / HTTP/1.1" 400 65140
Invalid HTTP_HOST header: '15.188.23.39'. You may need to add '15.188.23.39' to ALLOWED_HOSTS.
Traceback (most recent call last):
  File "/usr/share/nginx/toornoi/.venv/lib/python3.12/site-packages/django/core/handlers/exception.py", line 55, in inner
    response = get_response(request)
               ^^^^^^^^^^^^^^^^^^^^^
  File "/usr/share/nginx/toornoi/.venv/lib/python3.12/site-packages/django/utils/deprecation.py", line 128, in __call__
    response = self.process_request(request)
               ^^^^^^^^^^^^^^^^^^^^^^^^^^^^^
  File "/usr/share/nginx/toornoi/.venv/lib/python3.12/site-packages/django/middleware/common.py", line 48, in process_request
    host = request.get_host()
           ^^^^^^^^^^^^^^^^^^
  File "/usr/share/nginx/toornoi/.venv/lib/python3.12/site-packages/django/http/request.py", line 151, in get_host
    raise DisallowedHost(msg)
django.core.exceptions.DisallowedHost: Invalid HTTP_HOST header: '15.188.23.39'. You may need to add '15.188.23.39' to ALLOWED_HOSTS.
Bad Request: /
[12/Feb/2025 09:32:09] "GET /?XDEBUG_SESSION_START=phpstorm HTTP/1.1" 400 65767
Invalid HTTP_HOST header: '142.93.161.32'. You may need to add '142.93.161.32' to ALLOWED_HOSTS.
Traceback (most recent call last):
  File "/usr/share/nginx/toornoi/.venv/lib/python3.12/site-packages/django/core/handlers/exception.py", line 55, in inner
    response = get_response(request)
               ^^^^^^^^^^^^^^^^^^^^^
  File "/usr/share/nginx/toornoi/.venv/lib/python3.12/site-packages/django/utils/deprecation.py", line 128, in __call__
    response = self.process_request(request)
               ^^^^^^^^^^^^^^^^^^^^^^^^^^^^^
  File "/usr/share/nginx/toornoi/.venv/lib/python3.12/site-packages/django/middleware/common.py", line 48, in process_request
    host = request.get_host()
           ^^^^^^^^^^^^^^^^^^
  File "/usr/share/nginx/toornoi/.venv/lib/python3.12/site-packages/django/http/request.py", line 151, in get_host
    raise DisallowedHost(msg)
django.core.exceptions.DisallowedHost: Invalid HTTP_HOST header: '142.93.161.32'. You may need to add '142.93.161.32' to ALLOWED_HOSTS.
Bad Request: /
[12/Feb/2025 09:37:22] "GET / HTTP/1.1" 400 65395
Invalid HTTP_HOST header: '15-188-23-39.cprapid.com'. You may need to add '15-188-23-39.cprapid.com' to ALLOWED_HOSTS.
Traceback (most recent call last):
  File "/usr/share/nginx/toornoi/.venv/lib/python3.12/site-packages/django/core/handlers/exception.py", line 55, in inner
    response = get_response(request)
               ^^^^^^^^^^^^^^^^^^^^^
  File "/usr/share/nginx/toornoi/.venv/lib/python3.12/site-packages/django/utils/deprecation.py", line 128, in __call__
    response = self.process_request(request)
               ^^^^^^^^^^^^^^^^^^^^^^^^^^^^^
  File "/usr/share/nginx/toornoi/.venv/lib/python3.12/site-packages/django/middleware/common.py", line 48, in process_request
    host = request.get_host()
           ^^^^^^^^^^^^^^^^^^
  File "/usr/share/nginx/toornoi/.venv/lib/python3.12/site-packages/django/http/request.py", line 151, in get_host
    raise DisallowedHost(msg)
django.core.exceptions.DisallowedHost: Invalid HTTP_HOST header: '15-188-23-39.cprapid.com'. You may need to add '15-188-23-39.cprapid.com' to ALLOWED_HOSTS.
Bad Request: /
[12/Feb/2025 09:48:38] "GET / HTTP/1.1" 400 65172
Invalid HTTP_HOST header: '15.188.23.39'. You may need to add '15.188.23.39' to ALLOWED_HOSTS.
Traceback (most recent call last):
  File "/usr/share/nginx/toornoi/.venv/lib/python3.12/site-packages/django/core/handlers/exception.py", line 55, in inner
    response = get_response(request)
               ^^^^^^^^^^^^^^^^^^^^^
  File "/usr/share/nginx/toornoi/.venv/lib/python3.12/site-packages/django/utils/deprecation.py", line 128, in __call__
    response = self.process_request(request)
               ^^^^^^^^^^^^^^^^^^^^^^^^^^^^^
  File "/usr/share/nginx/toornoi/.venv/lib/python3.12/site-packages/django/middleware/common.py", line 48, in process_request
    host = request.get_host()
           ^^^^^^^^^^^^^^^^^^
  File "/usr/share/nginx/toornoi/.venv/lib/python3.12/site-packages/django/http/request.py", line 151, in get_host
    raise DisallowedHost(msg)
django.core.exceptions.DisallowedHost: Invalid HTTP_HOST header: '15.188.23.39'. You may need to add '15.188.23.39' to ALLOWED_HOSTS.
Bad Request: /
[12/Feb/2025 09:53:57] "GET / HTTP/1.1" 400 65375
[12/Feb/2025 09:55:44] "GET / HTTP/1.1" 200 5660
Invalid HTTP_HOST header: '15.188.23.39'. You may need to add '15.188.23.39' to ALLOWED_HOSTS.
Traceback (most recent call last):
  File "/usr/share/nginx/toornoi/.venv/lib/python3.12/site-packages/django/core/handlers/exception.py", line 55, in inner
    response = get_response(request)
               ^^^^^^^^^^^^^^^^^^^^^
  File "/usr/share/nginx/toornoi/.venv/lib/python3.12/site-packages/django/utils/deprecation.py", line 128, in __call__
    response = self.process_request(request)
               ^^^^^^^^^^^^^^^^^^^^^^^^^^^^^
  File "/usr/share/nginx/toornoi/.venv/lib/python3.12/site-packages/django/middleware/common.py", line 48, in process_request
    host = request.get_host()
           ^^^^^^^^^^^^^^^^^^
  File "/usr/share/nginx/toornoi/.venv/lib/python3.12/site-packages/django/http/request.py", line 151, in get_host
    raise DisallowedHost(msg)
django.core.exceptions.DisallowedHost: Invalid HTTP_HOST header: '15.188.23.39'. You may need to add '15.188.23.39' to ALLOWED_HOSTS.
Bad Request: /
[12/Feb/2025 10:08:48] "GET / HTTP/1.1" 400 65109
Invalid HTTP_HOST header: '15.188.23.39'. You may need to add '15.188.23.39' to ALLOWED_HOSTS.
Traceback (most recent call last):
  File "/usr/share/nginx/toornoi/.venv/lib/python3.12/site-packages/django/core/handlers/exception.py", line 55, in inner
    response = get_response(request)
               ^^^^^^^^^^^^^^^^^^^^^
  File "/usr/share/nginx/toornoi/.venv/lib/python3.12/site-packages/django/utils/deprecation.py", line 128, in __call__
    response = self.process_request(request)
               ^^^^^^^^^^^^^^^^^^^^^^^^^^^^^
  File "/usr/share/nginx/toornoi/.venv/lib/python3.12/site-packages/django/middleware/common.py", line 48, in process_request
    host = request.get_host()
           ^^^^^^^^^^^^^^^^^^
  File "/usr/share/nginx/toornoi/.venv/lib/python3.12/site-packages/django/http/request.py", line 151, in get_host
    raise DisallowedHost(msg)
django.core.exceptions.DisallowedHost: Invalid HTTP_HOST header: '15.188.23.39'. You may need to add '15.188.23.39' to ALLOWED_HOSTS.
Bad Request: /.env
[12/Feb/2025 10:14:54] "GET /.env HTTP/1.1" 400 65211
Invalid HTTP_HOST header: '15.188.23.39'. You may need to add '15.188.23.39' to ALLOWED_HOSTS.
Traceback (most recent call last):
  File "/usr/share/nginx/toornoi/.venv/lib/python3.12/site-packages/django/core/handlers/exception.py", line 55, in inner
    response = get_response(request)
               ^^^^^^^^^^^^^^^^^^^^^
  File "/usr/share/nginx/toornoi/.venv/lib/python3.12/site-packages/django/utils/deprecation.py", line 128, in __call__
    response = self.process_request(request)
               ^^^^^^^^^^^^^^^^^^^^^^^^^^^^^
  File "/usr/share/nginx/toornoi/.venv/lib/python3.12/site-packages/django/middleware/common.py", line 48, in process_request
    host = request.get_host()
           ^^^^^^^^^^^^^^^^^^
  File "/usr/share/nginx/toornoi/.venv/lib/python3.12/site-packages/django/http/request.py", line 151, in get_host
    raise DisallowedHost(msg)
django.core.exceptions.DisallowedHost: Invalid HTTP_HOST header: '15.188.23.39'. You may need to add '15.188.23.39' to ALLOWED_HOSTS.
Bad Request: /whturk/.env
[12/Feb/2025 10:15:01] "GET /whturk/.env HTTP/1.1" 400 65212
Invalid HTTP_HOST header: '15.188.23.39'. You may need to add '15.188.23.39' to ALLOWED_HOSTS.
Traceback (most recent call last):
  File "/usr/share/nginx/toornoi/.venv/lib/python3.12/site-packages/django/core/handlers/exception.py", line 55, in inner
    response = get_response(request)
               ^^^^^^^^^^^^^^^^^^^^^
  File "/usr/share/nginx/toornoi/.venv/lib/python3.12/site-packages/django/utils/deprecation.py", line 128, in __call__
    response = self.process_request(request)
               ^^^^^^^^^^^^^^^^^^^^^^^^^^^^^
  File "/usr/share/nginx/toornoi/.venv/lib/python3.12/site-packages/django/middleware/common.py", line 48, in process_request
    host = request.get_host()
           ^^^^^^^^^^^^^^^^^^
  File "/usr/share/nginx/toornoi/.venv/lib/python3.12/site-packages/django/http/request.py", line 151, in get_host
    raise DisallowedHost(msg)
django.core.exceptions.DisallowedHost: Invalid HTTP_HOST header: '15.188.23.39'. You may need to add '15.188.23.39' to ALLOWED_HOSTS.
Bad Request: /staging.env
[12/Feb/2025 10:15:07] "GET /staging.env HTTP/1.1" 400 65256
Invalid HTTP_HOST header: '15.188.23.39'. You may need to add '15.188.23.39' to ALLOWED_HOSTS.
Traceback (most recent call last):
  File "/usr/share/nginx/toornoi/.venv/lib/python3.12/site-packages/django/core/handlers/exception.py", line 55, in inner
    response = get_response(request)
               ^^^^^^^^^^^^^^^^^^^^^
  File "/usr/share/nginx/toornoi/.venv/lib/python3.12/site-packages/django/utils/deprecation.py", line 128, in __call__
    response = self.process_request(request)
               ^^^^^^^^^^^^^^^^^^^^^^^^^^^^^
  File "/usr/share/nginx/toornoi/.venv/lib/python3.12/site-packages/django/middleware/common.py", line 48, in process_request
    host = request.get_host()
           ^^^^^^^^^^^^^^^^^^
  File "/usr/share/nginx/toornoi/.venv/lib/python3.12/site-packages/django/http/request.py", line 151, in get_host
    raise DisallowedHost(msg)
django.core.exceptions.DisallowedHost: Invalid HTTP_HOST header: '15.188.23.39'. You may need to add '15.188.23.39' to ALLOWED_HOSTS.
Bad Request: /ubuntu/.env
[12/Feb/2025 10:15:15] "GET /ubuntu/.env HTTP/1.1" 400 65030
Invalid HTTP_HOST header: '15.188.23.39'. You may need to add '15.188.23.39' to ALLOWED_HOSTS.
Traceback (most recent call last):
  File "/usr/share/nginx/toornoi/.venv/lib/python3.12/site-packages/django/core/handlers/exception.py", line 55, in inner
    response = get_response(request)
               ^^^^^^^^^^^^^^^^^^^^^
  File "/usr/share/nginx/toornoi/.venv/lib/python3.12/site-packages/django/utils/deprecation.py", line 128, in __call__
    response = self.process_request(request)
               ^^^^^^^^^^^^^^^^^^^^^^^^^^^^^
  File "/usr/share/nginx/toornoi/.venv/lib/python3.12/site-packages/django/middleware/common.py", line 48, in process_request
    host = request.get_host()
           ^^^^^^^^^^^^^^^^^^
  File "/usr/share/nginx/toornoi/.venv/lib/python3.12/site-packages/django/http/request.py", line 151, in get_host
    raise DisallowedHost(msg)
django.core.exceptions.DisallowedHost: Invalid HTTP_HOST header: '15.188.23.39'. You may need to add '15.188.23.39' to ALLOWED_HOSTS.
Bad Request: /prisma/.env
[12/Feb/2025 10:15:18] "GET /prisma/.env HTTP/1.1" 400 65210
Invalid HTTP_HOST header: '15.188.23.39'. You may need to add '15.188.23.39' to ALLOWED_HOSTS.
Traceback (most recent call last):
  File "/usr/share/nginx/toornoi/.venv/lib/python3.12/site-packages/django/core/handlers/exception.py", line 55, in inner
    response = get_response(request)
               ^^^^^^^^^^^^^^^^^^^^^
  File "/usr/share/nginx/toornoi/.venv/lib/python3.12/site-packages/django/utils/deprecation.py", line 128, in __call__
    response = self.process_request(request)
               ^^^^^^^^^^^^^^^^^^^^^^^^^^^^^
  File "/usr/share/nginx/toornoi/.venv/lib/python3.12/site-packages/django/middleware/common.py", line 48, in process_request
    host = request.get_host()
           ^^^^^^^^^^^^^^^^^^
  File "/usr/share/nginx/toornoi/.venv/lib/python3.12/site-packages/django/http/request.py", line 151, in get_host
    raise DisallowedHost(msg)
django.core.exceptions.DisallowedHost: Invalid HTTP_HOST header: '15.188.23.39'. You may need to add '15.188.23.39' to ALLOWED_HOSTS.
Bad Request: /travis/.env
[12/Feb/2025 10:15:21] "GET /travis/.env HTTP/1.1" 400 65108
Invalid HTTP_HOST header: '15.188.23.39'. You may need to add '15.188.23.39' to ALLOWED_HOSTS.
Traceback (most recent call last):
  File "/usr/share/nginx/toornoi/.venv/lib/python3.12/site-packages/django/core/handlers/exception.py", line 55, in inner
    response = get_response(request)
               ^^^^^^^^^^^^^^^^^^^^^
  File "/usr/share/nginx/toornoi/.venv/lib/python3.12/site-packages/django/utils/deprecation.py", line 128, in __call__
    response = self.process_request(request)
               ^^^^^^^^^^^^^^^^^^^^^^^^^^^^^
  File "/usr/share/nginx/toornoi/.venv/lib/python3.12/site-packages/django/middleware/common.py", line 48, in process_request
    host = request.get_host()
           ^^^^^^^^^^^^^^^^^^
  File "/usr/share/nginx/toornoi/.venv/lib/python3.12/site-packages/django/http/request.py", line 151, in get_host
    raise DisallowedHost(msg)
django.core.exceptions.DisallowedHost: Invalid HTTP_HOST header: '15.188.23.39'. You may need to add '15.188.23.39' to ALLOWED_HOSTS.
Bad Request: /secret/.env
[12/Feb/2025 10:15:24] "GET /secret/.env HTTP/1.1" 400 65194
Invalid HTTP_HOST header: '15.188.23.39'. You may need to add '15.188.23.39' to ALLOWED_HOSTS.
Traceback (most recent call last):
  File "/usr/share/nginx/toornoi/.venv/lib/python3.12/site-packages/django/core/handlers/exception.py", line 55, in inner
    response = get_response(request)
               ^^^^^^^^^^^^^^^^^^^^^
  File "/usr/share/nginx/toornoi/.venv/lib/python3.12/site-packages/django/utils/deprecation.py", line 128, in __call__
    response = self.process_request(request)
               ^^^^^^^^^^^^^^^^^^^^^^^^^^^^^
  File "/usr/share/nginx/toornoi/.venv/lib/python3.12/site-packages/django/middleware/common.py", line 48, in process_request
    host = request.get_host()
           ^^^^^^^^^^^^^^^^^^
  File "/usr/share/nginx/toornoi/.venv/lib/python3.12/site-packages/django/http/request.py", line 151, in get_host
    raise DisallowedHost(msg)
django.core.exceptions.DisallowedHost: Invalid HTTP_HOST header: '15.188.23.39'. You may need to add '15.188.23.39' to ALLOWED_HOSTS.
Bad Request: /parity/.env
[12/Feb/2025 10:15:27] "GET /parity/.env HTTP/1.1" 400 65184
Invalid HTTP_HOST header: '15.188.23.39'. You may need to add '15.188.23.39' to ALLOWED_HOSTS.
Traceback (most recent call last):
  File "/usr/share/nginx/toornoi/.venv/lib/python3.12/site-packages/django/core/handlers/exception.py", line 55, in inner
    response = get_response(request)
               ^^^^^^^^^^^^^^^^^^^^^
  File "/usr/share/nginx/toornoi/.venv/lib/python3.12/site-packages/django/utils/deprecation.py", line 128, in __call__
    response = self.process_request(request)
               ^^^^^^^^^^^^^^^^^^^^^^^^^^^^^
  File "/usr/share/nginx/toornoi/.venv/lib/python3.12/site-packages/django/middleware/common.py", line 48, in process_request
    host = request.get_host()
           ^^^^^^^^^^^^^^^^^^
  File "/usr/share/nginx/toornoi/.venv/lib/python3.12/site-packages/django/http/request.py", line 151, in get_host
    raise DisallowedHost(msg)
django.core.exceptions.DisallowedHost: Invalid HTTP_HOST header: '15.188.23.39'. You may need to add '15.188.23.39' to ALLOWED_HOSTS.
Bad Request: /addons/.env
[12/Feb/2025 10:15:31] "GET /addons/.env HTTP/1.1" 400 65222
Invalid HTTP_HOST header: '15.188.23.39'. You may need to add '15.188.23.39' to ALLOWED_HOSTS.
Traceback (most recent call last):
  File "/usr/share/nginx/toornoi/.venv/lib/python3.12/site-packages/django/core/handlers/exception.py", line 55, in inner
    response = get_response(request)
               ^^^^^^^^^^^^^^^^^^^^^
  File "/usr/share/nginx/toornoi/.venv/lib/python3.12/site-packages/django/utils/deprecation.py", line 128, in __call__
    response = self.process_request(request)
               ^^^^^^^^^^^^^^^^^^^^^^^^^^^^^
  File "/usr/share/nginx/toornoi/.venv/lib/python3.12/site-packages/django/middleware/common.py", line 48, in process_request
    host = request.get_host()
           ^^^^^^^^^^^^^^^^^^
  File "/usr/share/nginx/toornoi/.venv/lib/python3.12/site-packages/django/http/request.py", line 151, in get_host
    raise DisallowedHost(msg)
django.core.exceptions.DisallowedHost: Invalid HTTP_HOST header: '15.188.23.39'. You may need to add '15.188.23.39' to ALLOWED_HOSTS.
Bad Request: /secure/.env
[12/Feb/2025 10:15:33] "GET /secure/.env HTTP/1.1" 400 65260
Invalid HTTP_HOST header: '15.188.23.39'. You may need to add '15.188.23.39' to ALLOWED_HOSTS.
Traceback (most recent call last):
  File "/usr/share/nginx/toornoi/.venv/lib/python3.12/site-packages/django/core/handlers/exception.py", line 55, in inner
    response = get_response(request)
               ^^^^^^^^^^^^^^^^^^^^^
  File "/usr/share/nginx/toornoi/.venv/lib/python3.12/site-packages/django/utils/deprecation.py", line 128, in __call__
    response = self.process_request(request)
               ^^^^^^^^^^^^^^^^^^^^^^^^^^^^^
  File "/usr/share/nginx/toornoi/.venv/lib/python3.12/site-packages/django/middleware/common.py", line 48, in process_request
    host = request.get_host()
           ^^^^^^^^^^^^^^^^^^
  File "/usr/share/nginx/toornoi/.venv/lib/python3.12/site-packages/django/http/request.py", line 151, in get_host
    raise DisallowedHost(msg)
django.core.exceptions.DisallowedHost: Invalid HTTP_HOST header: '15.188.23.39'. You may need to add '15.188.23.39' to ALLOWED_HOSTS.
Bad Request: /module/.env
[12/Feb/2025 10:15:36] "GET /module/.env HTTP/1.1" 400 65268
Invalid HTTP_HOST header: '15.188.23.39'. You may need to add '15.188.23.39' to ALLOWED_HOSTS.
Traceback (most recent call last):
  File "/usr/share/nginx/toornoi/.venv/lib/python3.12/site-packages/django/core/handlers/exception.py", line 55, in inner
    response = get_response(request)
               ^^^^^^^^^^^^^^^^^^^^^
  File "/usr/share/nginx/toornoi/.venv/lib/python3.12/site-packages/django/utils/deprecation.py", line 128, in __call__
    response = self.process_request(request)
               ^^^^^^^^^^^^^^^^^^^^^^^^^^^^^
  File "/usr/share/nginx/toornoi/.venv/lib/python3.12/site-packages/django/middleware/common.py", line 48, in process_request
    host = request.get_host()
           ^^^^^^^^^^^^^^^^^^
  File "/usr/share/nginx/toornoi/.venv/lib/python3.12/site-packages/django/http/request.py", line 151, in get_host
    raise DisallowedHost(msg)
django.core.exceptions.DisallowedHost: Invalid HTTP_HOST header: '15.188.23.39'. You may need to add '15.188.23.39' to ALLOWED_HOSTS.
Bad Request: /widget/.env
[12/Feb/2025 10:15:37] "GET /widget/.env HTTP/1.1" 400 65092
Invalid HTTP_HOST header: '15.188.23.39'. You may need to add '15.188.23.39' to ALLOWED_HOSTS.
Traceback (most recent call last):
  File "/usr/share/nginx/toornoi/.venv/lib/python3.12/site-packages/django/core/handlers/exception.py", line 55, in inner
    response = get_response(request)
               ^^^^^^^^^^^^^^^^^^^^^
  File "/usr/share/nginx/toornoi/.venv/lib/python3.12/site-packages/django/utils/deprecation.py", line 128, in __call__
    response = self.process_request(request)
               ^^^^^^^^^^^^^^^^^^^^^^^^^^^^^
  File "/usr/share/nginx/toornoi/.venv/lib/python3.12/site-packages/django/middleware/common.py", line 48, in process_request
    host = request.get_host()
           ^^^^^^^^^^^^^^^^^^
  File "/usr/share/nginx/toornoi/.venv/lib/python3.12/site-packages/django/http/request.py", line 151, in get_host
    raise DisallowedHost(msg)
django.core.exceptions.DisallowedHost: Invalid HTTP_HOST header: '15.188.23.39'. You may need to add '15.188.23.39' to ALLOWED_HOSTS.
Bad Request: /drupal/.env
[12/Feb/2025 10:15:38] "GET /drupal/.env HTTP/1.1" 400 65106
Invalid HTTP_HOST header: '15.188.23.39'. You may need to add '15.188.23.39' to ALLOWED_HOSTS.
Traceback (most recent call last):
  File "/usr/share/nginx/toornoi/.venv/lib/python3.12/site-packages/django/core/handlers/exception.py", line 55, in inner
    response = get_response(request)
               ^^^^^^^^^^^^^^^^^^^^^
  File "/usr/share/nginx/toornoi/.venv/lib/python3.12/site-packages/django/utils/deprecation.py", line 128, in __call__
    response = self.process_request(request)
               ^^^^^^^^^^^^^^^^^^^^^^^^^^^^^
  File "/usr/share/nginx/toornoi/.venv/lib/python3.12/site-packages/django/middleware/common.py", line 48, in process_request
    host = request.get_host()
           ^^^^^^^^^^^^^^^^^^
  File "/usr/share/nginx/toornoi/.venv/lib/python3.12/site-packages/django/http/request.py", line 151, in get_host
    raise DisallowedHost(msg)
django.core.exceptions.DisallowedHost: Invalid HTTP_HOST header: '15.188.23.39'. You may need to add '15.188.23.39' to ALLOWED_HOSTS.
Bad Request: /kibana/.env
[12/Feb/2025 10:15:40] "GET /kibana/.env HTTP/1.1" 400 65264
Invalid HTTP_HOST header: '15.188.23.39'. You may need to add '15.188.23.39' to ALLOWED_HOSTS.
Traceback (most recent call last):
  File "/usr/share/nginx/toornoi/.venv/lib/python3.12/site-packages/django/core/handlers/exception.py", line 55, in inner
    response = get_response(request)
               ^^^^^^^^^^^^^^^^^^^^^
  File "/usr/share/nginx/toornoi/.venv/lib/python3.12/site-packages/django/utils/deprecation.py", line 128, in __call__
    response = self.process_request(request)
               ^^^^^^^^^^^^^^^^^^^^^^^^^^^^^
  File "/usr/share/nginx/toornoi/.venv/lib/python3.12/site-packages/django/middleware/common.py", line 48, in process_request
    host = request.get_host()
           ^^^^^^^^^^^^^^^^^^
  File "/usr/share/nginx/toornoi/.venv/lib/python3.12/site-packages/django/http/request.py", line 151, in get_host
    raise DisallowedHost(msg)
django.core.exceptions.DisallowedHost: Invalid HTTP_HOST header: '15.188.23.39'. You may need to add '15.188.23.39' to ALLOWED_HOSTS.
Bad Request: /jsrelay/.env
[12/Feb/2025 10:15:41] "GET /jsrelay/.env HTTP/1.1" 400 65205
Invalid HTTP_HOST header: '15.188.23.39'. You may need to add '15.188.23.39' to ALLOWED_HOSTS.
Traceback (most recent call last):
  File "/usr/share/nginx/toornoi/.venv/lib/python3.12/site-packages/django/core/handlers/exception.py", line 55, in inner
    response = get_response(request)
               ^^^^^^^^^^^^^^^^^^^^^
  File "/usr/share/nginx/toornoi/.venv/lib/python3.12/site-packages/django/utils/deprecation.py", line 128, in __call__
    response = self.process_request(request)
               ^^^^^^^^^^^^^^^^^^^^^^^^^^^^^
  File "/usr/share/nginx/toornoi/.venv/lib/python3.12/site-packages/django/middleware/common.py", line 48, in process_request
    host = request.get_host()
           ^^^^^^^^^^^^^^^^^^
  File "/usr/share/nginx/toornoi/.venv/lib/python3.12/site-packages/django/http/request.py", line 151, in get_host
    raise DisallowedHost(msg)
django.core.exceptions.DisallowedHost: Invalid HTTP_HOST header: '15.188.23.39'. You may need to add '15.188.23.39' to ALLOWED_HOSTS.
Bad Request: /layouts/.env
[12/Feb/2025 10:15:42] "GET /layouts/.env HTTP/1.1" 400 65041
Invalid HTTP_HOST header: '15.188.23.39'. You may need to add '15.188.23.39' to ALLOWED_HOSTS.
Traceback (most recent call last):
  File "/usr/share/nginx/toornoi/.venv/lib/python3.12/site-packages/django/core/handlers/exception.py", line 55, in inner
    response = get_response(request)
               ^^^^^^^^^^^^^^^^^^^^^
  File "/usr/share/nginx/toornoi/.venv/lib/python3.12/site-packages/django/utils/deprecation.py", line 128, in __call__
    response = self.process_request(request)
               ^^^^^^^^^^^^^^^^^^^^^^^^^^^^^
  File "/usr/share/nginx/toornoi/.venv/lib/python3.12/site-packages/django/middleware/common.py", line 48, in process_request
    host = request.get_host()
           ^^^^^^^^^^^^^^^^^^
  File "/usr/share/nginx/toornoi/.venv/lib/python3.12/site-packages/django/http/request.py", line 151, in get_host
    raise DisallowedHost(msg)
django.core.exceptions.DisallowedHost: Invalid HTTP_HOST header: '15.188.23.39'. You may need to add '15.188.23.39' to ALLOWED_HOSTS.
Bad Request: /website/.env
[12/Feb/2025 10:15:43] "GET /website/.env HTTP/1.1" 400 65287
Invalid HTTP_HOST header: '15.188.23.39'. You may need to add '15.188.23.39' to ALLOWED_HOSTS.
Traceback (most recent call last):
  File "/usr/share/nginx/toornoi/.venv/lib/python3.12/site-packages/django/core/handlers/exception.py", line 55, in inner
    response = get_response(request)
               ^^^^^^^^^^^^^^^^^^^^^
  File "/usr/share/nginx/toornoi/.venv/lib/python3.12/site-packages/django/utils/deprecation.py", line 128, in __call__
    response = self.process_request(request)
               ^^^^^^^^^^^^^^^^^^^^^^^^^^^^^
  File "/usr/share/nginx/toornoi/.venv/lib/python3.12/site-packages/django/middleware/common.py", line 48, in process_request
    host = request.get_host()
           ^^^^^^^^^^^^^^^^^^
  File "/usr/share/nginx/toornoi/.venv/lib/python3.12/site-packages/django/http/request.py", line 151, in get_host
    raise DisallowedHost(msg)
django.core.exceptions.DisallowedHost: Invalid HTTP_HOST header: '15.188.23.39'. You may need to add '15.188.23.39' to ALLOWED_HOSTS.
Bad Request: /plugins/.env
[12/Feb/2025 10:15:45] "GET /plugins/.env HTTP/1.1" 400 65127
Invalid HTTP_HOST header: '15.188.23.39'. You may need to add '15.188.23.39' to ALLOWED_HOSTS.
Traceback (most recent call last):
  File "/usr/share/nginx/toornoi/.venv/lib/python3.12/site-packages/django/core/handlers/exception.py", line 55, in inner
    response = get_response(request)
               ^^^^^^^^^^^^^^^^^^^^^
  File "/usr/share/nginx/toornoi/.venv/lib/python3.12/site-packages/django/utils/deprecation.py", line 128, in __call__
    response = self.process_request(request)
               ^^^^^^^^^^^^^^^^^^^^^^^^^^^^^
  File "/usr/share/nginx/toornoi/.venv/lib/python3.12/site-packages/django/middleware/common.py", line 48, in process_request
    host = request.get_host()
           ^^^^^^^^^^^^^^^^^^
  File "/usr/share/nginx/toornoi/.venv/lib/python3.12/site-packages/django/http/request.py", line 151, in get_host
    raise DisallowedHost(msg)
django.core.exceptions.DisallowedHost: Invalid HTTP_HOST header: '15.188.23.39'. You may need to add '15.188.23.39' to ALLOWED_HOSTS.
Bad Request: /profile/.env
[12/Feb/2025 10:15:47] "GET /profile/.env HTTP/1.1" 400 65279
Invalid HTTP_HOST header: '15.188.23.39'. You may need to add '15.188.23.39' to ALLOWED_HOSTS.
Traceback (most recent call last):
  File "/usr/share/nginx/toornoi/.venv/lib/python3.12/site-packages/django/core/handlers/exception.py", line 55, in inner
    response = get_response(request)
               ^^^^^^^^^^^^^^^^^^^^^
  File "/usr/share/nginx/toornoi/.venv/lib/python3.12/site-packages/django/utils/deprecation.py", line 128, in __call__
    response = self.process_request(request)
               ^^^^^^^^^^^^^^^^^^^^^^^^^^^^^
  File "/usr/share/nginx/toornoi/.venv/lib/python3.12/site-packages/django/middleware/common.py", line 48, in process_request
    host = request.get_host()
           ^^^^^^^^^^^^^^^^^^
  File "/usr/share/nginx/toornoi/.venv/lib/python3.12/site-packages/django/http/request.py", line 151, in get_host
    raise DisallowedHost(msg)
django.core.exceptions.DisallowedHost: Invalid HTTP_HOST header: '15.188.23.39'. You may need to add '15.188.23.39' to ALLOWED_HOSTS.
Bad Request: /oldsite/.env
[12/Feb/2025 10:15:48] "GET /oldsite/.env HTTP/1.1" 400 65241
Invalid HTTP_HOST header: '15.188.23.39'. You may need to add '15.188.23.39' to ALLOWED_HOSTS.
Traceback (most recent call last):
  File "/usr/share/nginx/toornoi/.venv/lib/python3.12/site-packages/django/core/handlers/exception.py", line 55, in inner
    response = get_response(request)
               ^^^^^^^^^^^^^^^^^^^^^
  File "/usr/share/nginx/toornoi/.venv/lib/python3.12/site-packages/django/utils/deprecation.py", line 128, in __call__
    response = self.process_request(request)
               ^^^^^^^^^^^^^^^^^^^^^^^^^^^^^
  File "/usr/share/nginx/toornoi/.venv/lib/python3.12/site-packages/django/middleware/common.py", line 48, in process_request
    host = request.get_host()
           ^^^^^^^^^^^^^^^^^^
  File "/usr/share/nginx/toornoi/.venv/lib/python3.12/site-packages/django/http/request.py", line 151, in get_host
    raise DisallowedHost(msg)
django.core.exceptions.DisallowedHost: Invalid HTTP_HOST header: '15.188.23.39'. You may need to add '15.188.23.39' to ALLOWED_HOSTS.
Bad Request: /webroot/.env
[12/Feb/2025 10:15:50] "GET /webroot/.env HTTP/1.1" 400 65261
Invalid HTTP_HOST header: '15.188.23.39'. You may need to add '15.188.23.39' to ALLOWED_HOSTS.
Traceback (most recent call last):
  File "/usr/share/nginx/toornoi/.venv/lib/python3.12/site-packages/django/core/handlers/exception.py", line 55, in inner
    response = get_response(request)
               ^^^^^^^^^^^^^^^^^^^^^
  File "/usr/share/nginx/toornoi/.venv/lib/python3.12/site-packages/django/utils/deprecation.py", line 128, in __call__
    response = self.process_request(request)
               ^^^^^^^^^^^^^^^^^^^^^^^^^^^^^
  File "/usr/share/nginx/toornoi/.venv/lib/python3.12/site-packages/django/middleware/common.py", line 48, in process_request
    host = request.get_host()
           ^^^^^^^^^^^^^^^^^^
  File "/usr/share/nginx/toornoi/.venv/lib/python3.12/site-packages/django/http/request.py", line 151, in get_host
    raise DisallowedHost(msg)
django.core.exceptions.DisallowedHost: Invalid HTTP_HOST header: '15.188.23.39'. You may need to add '15.188.23.39' to ALLOWED_HOSTS.
Bad Request: /sistema/.env
[12/Feb/2025 10:15:51] "GET /sistema/.env HTTP/1.1" 400 65235
Invalid HTTP_HOST header: '15.188.23.39'. You may need to add '15.188.23.39' to ALLOWED_HOSTS.
Traceback (most recent call last):
  File "/usr/share/nginx/toornoi/.venv/lib/python3.12/site-packages/django/core/handlers/exception.py", line 55, in inner
    response = get_response(request)
               ^^^^^^^^^^^^^^^^^^^^^
  File "/usr/share/nginx/toornoi/.venv/lib/python3.12/site-packages/django/utils/deprecation.py", line 128, in __call__
    response = self.process_request(request)
               ^^^^^^^^^^^^^^^^^^^^^^^^^^^^^
  File "/usr/share/nginx/toornoi/.venv/lib/python3.12/site-packages/django/middleware/common.py", line 48, in process_request
    host = request.get_host()
           ^^^^^^^^^^^^^^^^^^
  File "/usr/share/nginx/toornoi/.venv/lib/python3.12/site-packages/django/http/request.py", line 151, in get_host
    raise DisallowedHost(msg)
django.core.exceptions.DisallowedHost: Invalid HTTP_HOST header: '15.188.23.39'. You may need to add '15.188.23.39' to ALLOWED_HOSTS.
Bad Request: /ikiwiki/.env
[12/Feb/2025 10:15:54] "GET /ikiwiki/.env HTTP/1.1" 400 65245
Invalid HTTP_HOST header: '15.188.23.39'. You may need to add '15.188.23.39' to ALLOWED_HOSTS.
Traceback (most recent call last):
  File "/usr/share/nginx/toornoi/.venv/lib/python3.12/site-packages/django/core/handlers/exception.py", line 55, in inner
    response = get_response(request)
               ^^^^^^^^^^^^^^^^^^^^^
  File "/usr/share/nginx/toornoi/.venv/lib/python3.12/site-packages/django/utils/deprecation.py", line 128, in __call__
    response = self.process_request(request)
               ^^^^^^^^^^^^^^^^^^^^^^^^^^^^^
  File "/usr/share/nginx/toornoi/.venv/lib/python3.12/site-packages/django/middleware/common.py", line 48, in process_request
    host = request.get_host()
           ^^^^^^^^^^^^^^^^^^
  File "/usr/share/nginx/toornoi/.venv/lib/python3.12/site-packages/django/http/request.py", line 151, in get_host
    raise DisallowedHost(msg)
django.core.exceptions.DisallowedHost: Invalid HTTP_HOST header: '15.188.23.39'. You may need to add '15.188.23.39' to ALLOWED_HOSTS.
Bad Request: /
[12/Feb/2025 10:43:17] "GET / HTTP/1.1" 400 65289
Invalid HTTP_HOST header: '15.188.23.39'. You may need to add '15.188.23.39' to ALLOWED_HOSTS.
Traceback (most recent call last):
  File "/usr/share/nginx/toornoi/.venv/lib/python3.12/site-packages/django/core/handlers/exception.py", line 55, in inner
    response = get_response(request)
               ^^^^^^^^^^^^^^^^^^^^^
  File "/usr/share/nginx/toornoi/.venv/lib/python3.12/site-packages/django/utils/deprecation.py", line 128, in __call__
    response = self.process_request(request)
               ^^^^^^^^^^^^^^^^^^^^^^^^^^^^^
  File "/usr/share/nginx/toornoi/.venv/lib/python3.12/site-packages/django/middleware/common.py", line 48, in process_request
    host = request.get_host()
           ^^^^^^^^^^^^^^^^^^
  File "/usr/share/nginx/toornoi/.venv/lib/python3.12/site-packages/django/http/request.py", line 151, in get_host
    raise DisallowedHost(msg)
django.core.exceptions.DisallowedHost: Invalid HTTP_HOST header: '15.188.23.39'. You may need to add '15.188.23.39' to ALLOWED_HOSTS.
Bad Request: /.env
[12/Feb/2025 10:56:03] "GET /.env HTTP/1.1" 400 65265
Invalid HTTP_HOST header: '15.188.23.39'. You may need to add '15.188.23.39' to ALLOWED_HOSTS.
Traceback (most recent call last):
  File "/usr/share/nginx/toornoi/.venv/lib/python3.12/site-packages/django/core/handlers/exception.py", line 55, in inner
    response = get_response(request)
               ^^^^^^^^^^^^^^^^^^^^^
  File "/usr/share/nginx/toornoi/.venv/lib/python3.12/site-packages/django/utils/deprecation.py", line 128, in __call__
    response = self.process_request(request)
               ^^^^^^^^^^^^^^^^^^^^^^^^^^^^^
  File "/usr/share/nginx/toornoi/.venv/lib/python3.12/site-packages/django/middleware/common.py", line 48, in process_request
    host = request.get_host()
           ^^^^^^^^^^^^^^^^^^
  File "/usr/share/nginx/toornoi/.venv/lib/python3.12/site-packages/django/http/request.py", line 151, in get_host
    raise DisallowedHost(msg)
django.core.exceptions.DisallowedHost: Invalid HTTP_HOST header: '15.188.23.39'. You may need to add '15.188.23.39' to ALLOWED_HOSTS.
Bad Request: /name/.env
[12/Feb/2025 10:56:06] "GET /name/.env HTTP/1.1" 400 65298
Invalid HTTP_HOST header: '15.188.23.39'. You may need to add '15.188.23.39' to ALLOWED_HOSTS.
Traceback (most recent call last):
  File "/usr/share/nginx/toornoi/.venv/lib/python3.12/site-packages/django/core/handlers/exception.py", line 55, in inner
    response = get_response(request)
               ^^^^^^^^^^^^^^^^^^^^^
  File "/usr/share/nginx/toornoi/.venv/lib/python3.12/site-packages/django/utils/deprecation.py", line 128, in __call__
    response = self.process_request(request)
               ^^^^^^^^^^^^^^^^^^^^^^^^^^^^^
  File "/usr/share/nginx/toornoi/.venv/lib/python3.12/site-packages/django/middleware/common.py", line 48, in process_request
    host = request.get_host()
           ^^^^^^^^^^^^^^^^^^
  File "/usr/share/nginx/toornoi/.venv/lib/python3.12/site-packages/django/http/request.py", line 151, in get_host
    raise DisallowedHost(msg)
django.core.exceptions.DisallowedHost: Invalid HTTP_HOST header: '15.188.23.39'. You may need to add '15.188.23.39' to ALLOWED_HOSTS.
Bad Request: /favs/.env
[12/Feb/2025 10:56:07] "GET /favs/.env HTTP/1.1" 400 65234
Invalid HTTP_HOST header: '15.188.23.39'. You may need to add '15.188.23.39' to ALLOWED_HOSTS.
Traceback (most recent call last):
  File "/usr/share/nginx/toornoi/.venv/lib/python3.12/site-packages/django/core/handlers/exception.py", line 55, in inner
    response = get_response(request)
               ^^^^^^^^^^^^^^^^^^^^^
  File "/usr/share/nginx/toornoi/.venv/lib/python3.12/site-packages/django/utils/deprecation.py", line 128, in __call__
    response = self.process_request(request)
               ^^^^^^^^^^^^^^^^^^^^^^^^^^^^^
  File "/usr/share/nginx/toornoi/.venv/lib/python3.12/site-packages/django/middleware/common.py", line 48, in process_request
    host = request.get_host()
           ^^^^^^^^^^^^^^^^^^
  File "/usr/share/nginx/toornoi/.venv/lib/python3.12/site-packages/django/http/request.py", line 151, in get_host
    raise DisallowedHost(msg)
django.core.exceptions.DisallowedHost: Invalid HTTP_HOST header: '15.188.23.39'. You may need to add '15.188.23.39' to ALLOWED_HOSTS.
Bad Request: /club/.env
[12/Feb/2025 10:56:08] "GET /club/.env HTTP/1.1" 400 65136
Invalid HTTP_HOST header: '15.188.23.39'. You may need to add '15.188.23.39' to ALLOWED_HOSTS.
Traceback (most recent call last):
  File "/usr/share/nginx/toornoi/.venv/lib/python3.12/site-packages/django/core/handlers/exception.py", line 55, in inner
    response = get_response(request)
               ^^^^^^^^^^^^^^^^^^^^^
  File "/usr/share/nginx/toornoi/.venv/lib/python3.12/site-packages/django/utils/deprecation.py", line 128, in __call__
    response = self.process_request(request)
               ^^^^^^^^^^^^^^^^^^^^^^^^^^^^^
  File "/usr/share/nginx/toornoi/.venv/lib/python3.12/site-packages/django/middleware/common.py", line 48, in process_request
    host = request.get_host()
           ^^^^^^^^^^^^^^^^^^
  File "/usr/share/nginx/toornoi/.venv/lib/python3.12/site-packages/django/http/request.py", line 151, in get_host
    raise DisallowedHost(msg)
django.core.exceptions.DisallowedHost: Invalid HTTP_HOST header: '15.188.23.39'. You may need to add '15.188.23.39' to ALLOWED_HOSTS.
Bad Request: /path/.env
[12/Feb/2025 10:56:10] "GET /path/.env HTTP/1.1" 400 65036
Invalid HTTP_HOST header: '15.188.23.39'. You may need to add '15.188.23.39' to ALLOWED_HOSTS.
Traceback (most recent call last):
  File "/usr/share/nginx/toornoi/.venv/lib/python3.12/site-packages/django/core/handlers/exception.py", line 55, in inner
    response = get_response(request)
               ^^^^^^^^^^^^^^^^^^^^^
  File "/usr/share/nginx/toornoi/.venv/lib/python3.12/site-packages/django/utils/deprecation.py", line 128, in __call__
    response = self.process_request(request)
               ^^^^^^^^^^^^^^^^^^^^^^^^^^^^^
  File "/usr/share/nginx/toornoi/.venv/lib/python3.12/site-packages/django/middleware/common.py", line 48, in process_request
    host = request.get_host()
           ^^^^^^^^^^^^^^^^^^
  File "/usr/share/nginx/toornoi/.venv/lib/python3.12/site-packages/django/http/request.py", line 151, in get_host
    raise DisallowedHost(msg)
django.core.exceptions.DisallowedHost: Invalid HTTP_HOST header: '15.188.23.39'. You may need to add '15.188.23.39' to ALLOWED_HOSTS.
Bad Request: /msks/.env
[12/Feb/2025 10:56:11] "GET /msks/.env HTTP/1.1" 400 65052
Invalid HTTP_HOST header: '15.188.23.39'. You may need to add '15.188.23.39' to ALLOWED_HOSTS.
Traceback (most recent call last):
  File "/usr/share/nginx/toornoi/.venv/lib/python3.12/site-packages/django/core/handlers/exception.py", line 55, in inner
    response = get_response(request)
               ^^^^^^^^^^^^^^^^^^^^^
  File "/usr/share/nginx/toornoi/.venv/lib/python3.12/site-packages/django/utils/deprecation.py", line 128, in __call__
    response = self.process_request(request)
               ^^^^^^^^^^^^^^^^^^^^^^^^^^^^^
  File "/usr/share/nginx/toornoi/.venv/lib/python3.12/site-packages/django/middleware/common.py", line 48, in process_request
    host = request.get_host()
           ^^^^^^^^^^^^^^^^^^
  File "/usr/share/nginx/toornoi/.venv/lib/python3.12/site-packages/django/http/request.py", line 151, in get_host
    raise DisallowedHost(msg)
django.core.exceptions.DisallowedHost: Invalid HTTP_HOST header: '15.188.23.39'. You may need to add '15.188.23.39' to ALLOWED_HOSTS.
Bad Request: /.env
[12/Feb/2025 11:09:23] "GET /.env HTTP/1.1" 400 65404
Invalid HTTP_HOST header: '15.188.23.39'. You may need to add '15.188.23.39' to ALLOWED_HOSTS.
Traceback (most recent call last):
  File "/usr/share/nginx/toornoi/.venv/lib/python3.12/site-packages/django/core/handlers/exception.py", line 55, in inner
    response = get_response(request)
               ^^^^^^^^^^^^^^^^^^^^^
  File "/usr/share/nginx/toornoi/.venv/lib/python3.12/site-packages/django/utils/deprecation.py", line 128, in __call__
    response = self.process_request(request)
               ^^^^^^^^^^^^^^^^^^^^^^^^^^^^^
  File "/usr/share/nginx/toornoi/.venv/lib/python3.12/site-packages/django/middleware/common.py", line 48, in process_request
    host = request.get_host()
           ^^^^^^^^^^^^^^^^^^
  File "/usr/share/nginx/toornoi/.venv/lib/python3.12/site-packages/django/http/request.py", line 151, in get_host
    raise DisallowedHost(msg)
django.core.exceptions.DisallowedHost: Invalid HTTP_HOST header: '15.188.23.39'. You may need to add '15.188.23.39' to ALLOWED_HOSTS.
Bad Request: /actuator/gateway/routes
[12/Feb/2025 11:19:27] "GET /actuator/gateway/routes HTTP/1.1" 400 65366
Invalid HTTP_HOST header: '15.188.23.39'. You may need to add '15.188.23.39' to ALLOWED_HOSTS.
Traceback (most recent call last):
  File "/usr/share/nginx/toornoi/.venv/lib/python3.12/site-packages/django/core/handlers/exception.py", line 55, in inner
    response = get_response(request)
               ^^^^^^^^^^^^^^^^^^^^^
  File "/usr/share/nginx/toornoi/.venv/lib/python3.12/site-packages/django/utils/deprecation.py", line 128, in __call__
    response = self.process_request(request)
               ^^^^^^^^^^^^^^^^^^^^^^^^^^^^^
  File "/usr/share/nginx/toornoi/.venv/lib/python3.12/site-packages/django/middleware/common.py", line 48, in process_request
    host = request.get_host()
           ^^^^^^^^^^^^^^^^^^
  File "/usr/share/nginx/toornoi/.venv/lib/python3.12/site-packages/django/http/request.py", line 151, in get_host
    raise DisallowedHost(msg)
django.core.exceptions.DisallowedHost: Invalid HTTP_HOST header: '15.188.23.39'. You may need to add '15.188.23.39' to ALLOWED_HOSTS.
Bad Request: /RDWeb/Pages/en-US/default.aspx
[12/Feb/2025 11:41:57] "GET /RDWeb/Pages/en-US/default.aspx HTTP/1.1" 400 65486
Invalid HTTP_HOST header: '15.188.23.39'. You may need to add '15.188.23.39' to ALLOWED_HOSTS.
Traceback (most recent call last):
  File "/usr/share/nginx/toornoi/.venv/lib/python3.12/site-packages/django/core/handlers/exception.py", line 55, in inner
    response = get_response(request)
               ^^^^^^^^^^^^^^^^^^^^^
  File "/usr/share/nginx/toornoi/.venv/lib/python3.12/site-packages/django/utils/deprecation.py", line 128, in __call__
    response = self.process_request(request)
               ^^^^^^^^^^^^^^^^^^^^^^^^^^^^^
  File "/usr/share/nginx/toornoi/.venv/lib/python3.12/site-packages/django/middleware/common.py", line 48, in process_request
    host = request.get_host()
           ^^^^^^^^^^^^^^^^^^
  File "/usr/share/nginx/toornoi/.venv/lib/python3.12/site-packages/django/http/request.py", line 151, in get_host
    raise DisallowedHost(msg)
django.core.exceptions.DisallowedHost: Invalid HTTP_HOST header: '15.188.23.39'. You may need to add '15.188.23.39' to ALLOWED_HOSTS.
Bad Request: /.env
[12/Feb/2025 11:53:39] "GET /.env HTTP/1.1" 400 65603
Invalid HTTP_HOST header: '15.188.23.39'. You may need to add '15.188.23.39' to ALLOWED_HOSTS.
Traceback (most recent call last):
  File "/usr/share/nginx/toornoi/.venv/lib/python3.12/site-packages/django/core/handlers/exception.py", line 55, in inner
    response = get_response(request)
               ^^^^^^^^^^^^^^^^^^^^^
  File "/usr/share/nginx/toornoi/.venv/lib/python3.12/site-packages/django/utils/deprecation.py", line 128, in __call__
    response = self.process_request(request)
               ^^^^^^^^^^^^^^^^^^^^^^^^^^^^^
  File "/usr/share/nginx/toornoi/.venv/lib/python3.12/site-packages/django/middleware/common.py", line 48, in process_request
    host = request.get_host()
           ^^^^^^^^^^^^^^^^^^
  File "/usr/share/nginx/toornoi/.venv/lib/python3.12/site-packages/django/http/request.py", line 151, in get_host
    raise DisallowedHost(msg)
django.core.exceptions.DisallowedHost: Invalid HTTP_HOST header: '15.188.23.39'. You may need to add '15.188.23.39' to ALLOWED_HOSTS.
Bad Request: /
[12/Feb/2025 12:02:11] "GET / HTTP/1.1" 400 65268
Invalid HTTP_HOST header: '15.188.23.39'. You may need to add '15.188.23.39' to ALLOWED_HOSTS.
Traceback (most recent call last):
  File "/usr/share/nginx/toornoi/.venv/lib/python3.12/site-packages/django/core/handlers/exception.py", line 55, in inner
    response = get_response(request)
               ^^^^^^^^^^^^^^^^^^^^^
  File "/usr/share/nginx/toornoi/.venv/lib/python3.12/site-packages/django/utils/deprecation.py", line 128, in __call__
    response = self.process_request(request)
               ^^^^^^^^^^^^^^^^^^^^^^^^^^^^^
  File "/usr/share/nginx/toornoi/.venv/lib/python3.12/site-packages/django/middleware/common.py", line 48, in process_request
    host = request.get_host()
           ^^^^^^^^^^^^^^^^^^
  File "/usr/share/nginx/toornoi/.venv/lib/python3.12/site-packages/django/http/request.py", line 151, in get_host
    raise DisallowedHost(msg)
django.core.exceptions.DisallowedHost: Invalid HTTP_HOST header: '15.188.23.39'. You may need to add '15.188.23.39' to ALLOWED_HOSTS.
Bad Request: /
[12/Feb/2025 12:10:57] "GET / HTTP/1.1" 400 65353
Invalid HTTP_HOST header: '15.188.23.39'. You may need to add '15.188.23.39' to ALLOWED_HOSTS.
Traceback (most recent call last):
  File "/usr/share/nginx/toornoi/.venv/lib/python3.12/site-packages/django/core/handlers/exception.py", line 55, in inner
    response = get_response(request)
               ^^^^^^^^^^^^^^^^^^^^^
  File "/usr/share/nginx/toornoi/.venv/lib/python3.12/site-packages/django/utils/deprecation.py", line 128, in __call__
    response = self.process_request(request)
               ^^^^^^^^^^^^^^^^^^^^^^^^^^^^^
  File "/usr/share/nginx/toornoi/.venv/lib/python3.12/site-packages/django/middleware/common.py", line 48, in process_request
    host = request.get_host()
           ^^^^^^^^^^^^^^^^^^
  File "/usr/share/nginx/toornoi/.venv/lib/python3.12/site-packages/django/http/request.py", line 151, in get_host
    raise DisallowedHost(msg)
django.core.exceptions.DisallowedHost: Invalid HTTP_HOST header: '15.188.23.39'. You may need to add '15.188.23.39' to ALLOWED_HOSTS.
Bad Request: /webui/
[12/Feb/2025 12:15:02] "GET /webui/ HTTP/1.1" 400 65311
Invalid HTTP_HOST header: '15.188.23.39'. You may need to add '15.188.23.39' to ALLOWED_HOSTS.
Traceback (most recent call last):
  File "/usr/share/nginx/toornoi/.venv/lib/python3.12/site-packages/django/core/handlers/exception.py", line 55, in inner
    response = get_response(request)
               ^^^^^^^^^^^^^^^^^^^^^
  File "/usr/share/nginx/toornoi/.venv/lib/python3.12/site-packages/django/utils/deprecation.py", line 128, in __call__
    response = self.process_request(request)
               ^^^^^^^^^^^^^^^^^^^^^^^^^^^^^
  File "/usr/share/nginx/toornoi/.venv/lib/python3.12/site-packages/django/middleware/common.py", line 48, in process_request
    host = request.get_host()
           ^^^^^^^^^^^^^^^^^^
  File "/usr/share/nginx/toornoi/.venv/lib/python3.12/site-packages/django/http/request.py", line 151, in get_host
    raise DisallowedHost(msg)
django.core.exceptions.DisallowedHost: Invalid HTTP_HOST header: '15.188.23.39'. You may need to add '15.188.23.39' to ALLOWED_HOSTS.
Bad Request: /
[12/Feb/2025 12:16:28] "GET / HTTP/1.1" 400 64857
Invalid HTTP_HOST header: '15.188.23.39'. You may need to add '15.188.23.39' to ALLOWED_HOSTS.
Traceback (most recent call last):
  File "/usr/share/nginx/toornoi/.venv/lib/python3.12/site-packages/django/core/handlers/exception.py", line 55, in inner
    response = get_response(request)
               ^^^^^^^^^^^^^^^^^^^^^
  File "/usr/share/nginx/toornoi/.venv/lib/python3.12/site-packages/django/utils/deprecation.py", line 128, in __call__
    response = self.process_request(request)
               ^^^^^^^^^^^^^^^^^^^^^^^^^^^^^
  File "/usr/share/nginx/toornoi/.venv/lib/python3.12/site-packages/django/middleware/common.py", line 48, in process_request
    host = request.get_host()
           ^^^^^^^^^^^^^^^^^^
  File "/usr/share/nginx/toornoi/.venv/lib/python3.12/site-packages/django/http/request.py", line 151, in get_host
    raise DisallowedHost(msg)
django.core.exceptions.DisallowedHost: Invalid HTTP_HOST header: '15.188.23.39'. You may need to add '15.188.23.39' to ALLOWED_HOSTS.
Bad Request: /repo/.git/config
[12/Feb/2025 12:16:38] "GET /repo/.git/config HTTP/1.1" 400 65057
Invalid HTTP_HOST header: '15.188.23.39'. You may need to add '15.188.23.39' to ALLOWED_HOSTS.
Traceback (most recent call last):
  File "/usr/share/nginx/toornoi/.venv/lib/python3.12/site-packages/django/core/handlers/exception.py", line 55, in inner
    response = get_response(request)
               ^^^^^^^^^^^^^^^^^^^^^
  File "/usr/share/nginx/toornoi/.venv/lib/python3.12/site-packages/django/utils/deprecation.py", line 128, in __call__
    response = self.process_request(request)
               ^^^^^^^^^^^^^^^^^^^^^^^^^^^^^
  File "/usr/share/nginx/toornoi/.venv/lib/python3.12/site-packages/django/middleware/common.py", line 48, in process_request
    host = request.get_host()
           ^^^^^^^^^^^^^^^^^^
  File "/usr/share/nginx/toornoi/.venv/lib/python3.12/site-packages/django/http/request.py", line 151, in get_host
    raise DisallowedHost(msg)
django.core.exceptions.DisallowedHost: Invalid HTTP_HOST header: '15.188.23.39'. You may need to add '15.188.23.39' to ALLOWED_HOSTS.
Bad Request: /core/.git/config
[12/Feb/2025 12:16:39] "GET /core/.git/config HTTP/1.1" 400 65057
Invalid HTTP_HOST header: '15.188.23.39'. You may need to add '15.188.23.39' to ALLOWED_HOSTS.
Traceback (most recent call last):
  File "/usr/share/nginx/toornoi/.venv/lib/python3.12/site-packages/django/core/handlers/exception.py", line 55, in inner
    response = get_response(request)
               ^^^^^^^^^^^^^^^^^^^^^
  File "/usr/share/nginx/toornoi/.venv/lib/python3.12/site-packages/django/utils/deprecation.py", line 128, in __call__
    response = self.process_request(request)
               ^^^^^^^^^^^^^^^^^^^^^^^^^^^^^
  File "/usr/share/nginx/toornoi/.venv/lib/python3.12/site-packages/django/middleware/common.py", line 48, in process_request
    host = request.get_host()
           ^^^^^^^^^^^^^^^^^^
  File "/usr/share/nginx/toornoi/.venv/lib/python3.12/site-packages/django/http/request.py", line 151, in get_host
    raise DisallowedHost(msg)
django.core.exceptions.DisallowedHost: Invalid HTTP_HOST header: '15.188.23.39'. You may need to add '15.188.23.39' to ALLOWED_HOSTS.
Bad Request: /app/config/.git/config
[12/Feb/2025 12:16:39] "GET /app/config/.git/config HTTP/1.1" 400 65123
Invalid HTTP_HOST header: '15.188.23.39'. You may need to add '15.188.23.39' to ALLOWED_HOSTS.
Traceback (most recent call last):
  File "/usr/share/nginx/toornoi/.venv/lib/python3.12/site-packages/django/core/handlers/exception.py", line 55, in inner
    response = get_response(request)
               ^^^^^^^^^^^^^^^^^^^^^
  File "/usr/share/nginx/toornoi/.venv/lib/python3.12/site-packages/django/utils/deprecation.py", line 128, in __call__
    response = self.process_request(request)
               ^^^^^^^^^^^^^^^^^^^^^^^^^^^^^
  File "/usr/share/nginx/toornoi/.venv/lib/python3.12/site-packages/django/middleware/common.py", line 48, in process_request
    host = request.get_host()
           ^^^^^^^^^^^^^^^^^^
  File "/usr/share/nginx/toornoi/.venv/lib/python3.12/site-packages/django/http/request.py", line 151, in get_host
    raise DisallowedHost(msg)
django.core.exceptions.DisallowedHost: Invalid HTTP_HOST header: '15.188.23.39'. You may need to add '15.188.23.39' to ALLOWED_HOSTS.
Bad Request: /devops/.git/config
[12/Feb/2025 12:16:40] "GET /devops/.git/config HTTP/1.1" 400 65079
Invalid HTTP_HOST header: '15.188.23.39'. You may need to add '15.188.23.39' to ALLOWED_HOSTS.
Traceback (most recent call last):
  File "/usr/share/nginx/toornoi/.venv/lib/python3.12/site-packages/django/core/handlers/exception.py", line 55, in inner
    response = get_response(request)
               ^^^^^^^^^^^^^^^^^^^^^
  File "/usr/share/nginx/toornoi/.venv/lib/python3.12/site-packages/django/utils/deprecation.py", line 128, in __call__
    response = self.process_request(request)
               ^^^^^^^^^^^^^^^^^^^^^^^^^^^^^
  File "/usr/share/nginx/toornoi/.venv/lib/python3.12/site-packages/django/middleware/common.py", line 48, in process_request
    host = request.get_host()
           ^^^^^^^^^^^^^^^^^^
  File "/usr/share/nginx/toornoi/.venv/lib/python3.12/site-packages/django/http/request.py", line 151, in get_host
    raise DisallowedHost(msg)
django.core.exceptions.DisallowedHost: Invalid HTTP_HOST header: '15.188.23.39'. You may need to add '15.188.23.39' to ALLOWED_HOSTS.
Bad Request: /
[12/Feb/2025 12:19:34] "GET / HTTP/1.1" 400 65353
Invalid HTTP_HOST header: '15.188.23.39'. You may need to add '15.188.23.39' to ALLOWED_HOSTS.
Traceback (most recent call last):
  File "/usr/share/nginx/toornoi/.venv/lib/python3.12/site-packages/django/core/handlers/exception.py", line 55, in inner
    response = get_response(request)
               ^^^^^^^^^^^^^^^^^^^^^
  File "/usr/share/nginx/toornoi/.venv/lib/python3.12/site-packages/django/utils/deprecation.py", line 128, in __call__
    response = self.process_request(request)
               ^^^^^^^^^^^^^^^^^^^^^^^^^^^^^
  File "/usr/share/nginx/toornoi/.venv/lib/python3.12/site-packages/django/middleware/common.py", line 48, in process_request
    host = request.get_host()
           ^^^^^^^^^^^^^^^^^^
  File "/usr/share/nginx/toornoi/.venv/lib/python3.12/site-packages/django/http/request.py", line 151, in get_host
    raise DisallowedHost(msg)
django.core.exceptions.DisallowedHost: Invalid HTTP_HOST header: '15.188.23.39'. You may need to add '15.188.23.39' to ALLOWED_HOSTS.
Bad Request: /geoserver/web/
[12/Feb/2025 12:23:18] "GET /geoserver/web/ HTTP/1.1" 400 65399
Invalid HTTP_HOST header: '15.188.23.39'. You may need to add '15.188.23.39' to ALLOWED_HOSTS.
Traceback (most recent call last):
  File "/usr/share/nginx/toornoi/.venv/lib/python3.12/site-packages/django/core/handlers/exception.py", line 55, in inner
    response = get_response(request)
               ^^^^^^^^^^^^^^^^^^^^^
  File "/usr/share/nginx/toornoi/.venv/lib/python3.12/site-packages/django/utils/deprecation.py", line 128, in __call__
    response = self.process_request(request)
               ^^^^^^^^^^^^^^^^^^^^^^^^^^^^^
  File "/usr/share/nginx/toornoi/.venv/lib/python3.12/site-packages/django/middleware/common.py", line 48, in process_request
    host = request.get_host()
           ^^^^^^^^^^^^^^^^^^
  File "/usr/share/nginx/toornoi/.venv/lib/python3.12/site-packages/django/http/request.py", line 151, in get_host
    raise DisallowedHost(msg)
django.core.exceptions.DisallowedHost: Invalid HTTP_HOST header: '15.188.23.39'. You may need to add '15.188.23.39' to ALLOWED_HOSTS.
Bad Request: /.git/config
[12/Feb/2025 12:25:31] "GET /.git/config HTTP/1.1" 400 65236
Invalid HTTP_HOST header: '15.188.23.39'. You may need to add '15.188.23.39' to ALLOWED_HOSTS.
Traceback (most recent call last):
  File "/usr/share/nginx/toornoi/.venv/lib/python3.12/site-packages/django/core/handlers/exception.py", line 55, in inner
    response = get_response(request)
               ^^^^^^^^^^^^^^^^^^^^^
  File "/usr/share/nginx/toornoi/.venv/lib/python3.12/site-packages/django/utils/deprecation.py", line 128, in __call__
    response = self.process_request(request)
               ^^^^^^^^^^^^^^^^^^^^^^^^^^^^^
  File "/usr/share/nginx/toornoi/.venv/lib/python3.12/site-packages/django/middleware/common.py", line 48, in process_request
    host = request.get_host()
           ^^^^^^^^^^^^^^^^^^
  File "/usr/share/nginx/toornoi/.venv/lib/python3.12/site-packages/django/http/request.py", line 151, in get_host
    raise DisallowedHost(msg)
django.core.exceptions.DisallowedHost: Invalid HTTP_HOST header: '15.188.23.39'. You may need to add '15.188.23.39' to ALLOWED_HOSTS.
Bad Request: /
[12/Feb/2025 12:29:57] "GET / HTTP/1.1" 400 65349
Invalid HTTP_HOST header: '15.188.23.39'. You may need to add '15.188.23.39' to ALLOWED_HOSTS.
Traceback (most recent call last):
  File "/usr/share/nginx/toornoi/.venv/lib/python3.12/site-packages/django/core/handlers/exception.py", line 55, in inner
    response = get_response(request)
               ^^^^^^^^^^^^^^^^^^^^^
  File "/usr/share/nginx/toornoi/.venv/lib/python3.12/site-packages/django/utils/deprecation.py", line 128, in __call__
    response = self.process_request(request)
               ^^^^^^^^^^^^^^^^^^^^^^^^^^^^^
  File "/usr/share/nginx/toornoi/.venv/lib/python3.12/site-packages/django/middleware/common.py", line 48, in process_request
    host = request.get_host()
           ^^^^^^^^^^^^^^^^^^
  File "/usr/share/nginx/toornoi/.venv/lib/python3.12/site-packages/django/http/request.py", line 151, in get_host
    raise DisallowedHost(msg)
django.core.exceptions.DisallowedHost: Invalid HTTP_HOST header: '15.188.23.39'. You may need to add '15.188.23.39' to ALLOWED_HOSTS.
Bad Request: /ab2g
[12/Feb/2025 12:54:04] "GET /ab2g HTTP/1.1" 400 65061
Invalid HTTP_HOST header: '15.188.23.39'. You may need to add '15.188.23.39' to ALLOWED_HOSTS.
Traceback (most recent call last):
  File "/usr/share/nginx/toornoi/.venv/lib/python3.12/site-packages/django/core/handlers/exception.py", line 55, in inner
    response = get_response(request)
               ^^^^^^^^^^^^^^^^^^^^^
  File "/usr/share/nginx/toornoi/.venv/lib/python3.12/site-packages/django/utils/deprecation.py", line 128, in __call__
    response = self.process_request(request)
               ^^^^^^^^^^^^^^^^^^^^^^^^^^^^^
  File "/usr/share/nginx/toornoi/.venv/lib/python3.12/site-packages/django/middleware/common.py", line 48, in process_request
    host = request.get_host()
           ^^^^^^^^^^^^^^^^^^
  File "/usr/share/nginx/toornoi/.venv/lib/python3.12/site-packages/django/http/request.py", line 151, in get_host
    raise DisallowedHost(msg)
django.core.exceptions.DisallowedHost: Invalid HTTP_HOST header: '15.188.23.39'. You may need to add '15.188.23.39' to ALLOWED_HOSTS.
Bad Request: /ab2h
[12/Feb/2025 12:54:04] "GET /ab2h HTTP/1.1" 400 65061
Invalid HTTP_HOST header: '15.188.23.39'. You may need to add '15.188.23.39' to ALLOWED_HOSTS.
Traceback (most recent call last):
  File "/usr/share/nginx/toornoi/.venv/lib/python3.12/site-packages/django/core/handlers/exception.py", line 55, in inner
    response = get_response(request)
               ^^^^^^^^^^^^^^^^^^^^^
  File "/usr/share/nginx/toornoi/.venv/lib/python3.12/site-packages/django/utils/deprecation.py", line 128, in __call__
    response = self.process_request(request)
               ^^^^^^^^^^^^^^^^^^^^^^^^^^^^^
  File "/usr/share/nginx/toornoi/.venv/lib/python3.12/site-packages/django/middleware/common.py", line 48, in process_request
    host = request.get_host()
           ^^^^^^^^^^^^^^^^^^
  File "/usr/share/nginx/toornoi/.venv/lib/python3.12/site-packages/django/http/request.py", line 151, in get_host
    raise DisallowedHost(msg)
django.core.exceptions.DisallowedHost: Invalid HTTP_HOST header: '15.188.23.39'. You may need to add '15.188.23.39' to ALLOWED_HOSTS.
Bad Request: /alive.php
[12/Feb/2025 12:54:05] "GET /alive.php HTTP/1.1" 400 65328
Invalid HTTP_HOST header: '15.188.23.39'. You may need to add '15.188.23.39' to ALLOWED_HOSTS.
Traceback (most recent call last):
  File "/usr/share/nginx/toornoi/.venv/lib/python3.12/site-packages/django/core/handlers/exception.py", line 55, in inner
    response = get_response(request)
               ^^^^^^^^^^^^^^^^^^^^^
  File "/usr/share/nginx/toornoi/.venv/lib/python3.12/site-packages/django/utils/deprecation.py", line 128, in __call__
    response = self.process_request(request)
               ^^^^^^^^^^^^^^^^^^^^^^^^^^^^^
  File "/usr/share/nginx/toornoi/.venv/lib/python3.12/site-packages/django/middleware/common.py", line 48, in process_request
    host = request.get_host()
           ^^^^^^^^^^^^^^^^^^
  File "/usr/share/nginx/toornoi/.venv/lib/python3.12/site-packages/django/http/request.py", line 151, in get_host
    raise DisallowedHost(msg)
django.core.exceptions.DisallowedHost: Invalid HTTP_HOST header: '15.188.23.39'. You may need to add '15.188.23.39' to ALLOWED_HOSTS.
Bad Request: /
[12/Feb/2025 12:54:08] "GET / HTTP/1.1" 400 65341
Invalid HTTP_HOST header: '15.188.23.39'. You may need to add '15.188.23.39' to ALLOWED_HOSTS.
Traceback (most recent call last):
  File "/usr/share/nginx/toornoi/.venv/lib/python3.12/site-packages/django/core/handlers/exception.py", line 55, in inner
    response = get_response(request)
               ^^^^^^^^^^^^^^^^^^^^^
  File "/usr/share/nginx/toornoi/.venv/lib/python3.12/site-packages/django/utils/deprecation.py", line 128, in __call__
    response = self.process_request(request)
               ^^^^^^^^^^^^^^^^^^^^^^^^^^^^^
  File "/usr/share/nginx/toornoi/.venv/lib/python3.12/site-packages/django/middleware/common.py", line 48, in process_request
    host = request.get_host()
           ^^^^^^^^^^^^^^^^^^
  File "/usr/share/nginx/toornoi/.venv/lib/python3.12/site-packages/django/http/request.py", line 151, in get_host
    raise DisallowedHost(msg)
django.core.exceptions.DisallowedHost: Invalid HTTP_HOST header: '15.188.23.39'. You may need to add '15.188.23.39' to ALLOWED_HOSTS.
Bad Request: /t4
[12/Feb/2025 12:54:08] "GET /t4 HTTP/1.1" 400 65019
Invalid HTTP_HOST header: '15.188.23.39'. You may need to add '15.188.23.39' to ALLOWED_HOSTS.
Traceback (most recent call last):
  File "/usr/share/nginx/toornoi/.venv/lib/python3.12/site-packages/django/core/handlers/exception.py", line 55, in inner
    response = get_response(request)
               ^^^^^^^^^^^^^^^^^^^^^
  File "/usr/share/nginx/toornoi/.venv/lib/python3.12/site-packages/django/utils/deprecation.py", line 128, in __call__
    response = self.process_request(request)
               ^^^^^^^^^^^^^^^^^^^^^^^^^^^^^
  File "/usr/share/nginx/toornoi/.venv/lib/python3.12/site-packages/django/middleware/common.py", line 48, in process_request
    host = request.get_host()
           ^^^^^^^^^^^^^^^^^^
  File "/usr/share/nginx/toornoi/.venv/lib/python3.12/site-packages/django/http/request.py", line 151, in get_host
    raise DisallowedHost(msg)
django.core.exceptions.DisallowedHost: Invalid HTTP_HOST header: '15.188.23.39'. You may need to add '15.188.23.39' to ALLOWED_HOSTS.
Bad Request: /favicon.ico
[12/Feb/2025 12:54:09] "GET /favicon.ico HTTP/1.1" 400 65350
Invalid HTTP_HOST header: '15.188.23.39'. You may need to add '15.188.23.39' to ALLOWED_HOSTS.
Traceback (most recent call last):
  File "/usr/share/nginx/toornoi/.venv/lib/python3.12/site-packages/django/core/handlers/exception.py", line 55, in inner
    response = get_response(request)
               ^^^^^^^^^^^^^^^^^^^^^
  File "/usr/share/nginx/toornoi/.venv/lib/python3.12/site-packages/django/utils/deprecation.py", line 128, in __call__
    response = self.process_request(request)
               ^^^^^^^^^^^^^^^^^^^^^^^^^^^^^
  File "/usr/share/nginx/toornoi/.venv/lib/python3.12/site-packages/django/middleware/common.py", line 48, in process_request
    host = request.get_host()
           ^^^^^^^^^^^^^^^^^^
  File "/usr/share/nginx/toornoi/.venv/lib/python3.12/site-packages/django/http/request.py", line 151, in get_host
    raise DisallowedHost(msg)
django.core.exceptions.DisallowedHost: Invalid HTTP_HOST header: '15.188.23.39'. You may need to add '15.188.23.39' to ALLOWED_HOSTS.
Bad Request: /
[12/Feb/2025 12:54:10] "GET / HTTP/1.1" 400 65655
Invalid HTTP_HOST header: '15.188.23.39'. You may need to add '15.188.23.39' to ALLOWED_HOSTS.
Traceback (most recent call last):
  File "/usr/share/nginx/toornoi/.venv/lib/python3.12/site-packages/django/core/handlers/exception.py", line 55, in inner
    response = get_response(request)
               ^^^^^^^^^^^^^^^^^^^^^
  File "/usr/share/nginx/toornoi/.venv/lib/python3.12/site-packages/django/utils/deprecation.py", line 128, in __call__
    response = self.process_request(request)
               ^^^^^^^^^^^^^^^^^^^^^^^^^^^^^
  File "/usr/share/nginx/toornoi/.venv/lib/python3.12/site-packages/django/middleware/common.py", line 48, in process_request
    host = request.get_host()
           ^^^^^^^^^^^^^^^^^^
  File "/usr/share/nginx/toornoi/.venv/lib/python3.12/site-packages/django/http/request.py", line 151, in get_host
    raise DisallowedHost(msg)
django.core.exceptions.DisallowedHost: Invalid HTTP_HOST header: '15.188.23.39'. You may need to add '15.188.23.39' to ALLOWED_HOSTS.
Bad Request: /teorema505
[12/Feb/2025 12:54:10] "GET /teorema505?t=1 HTTP/1.1" 400 65673
Invalid HTTP_HOST header: '15.188.23.39'. You may need to add '15.188.23.39' to ALLOWED_HOSTS.
Traceback (most recent call last):
  File "/usr/share/nginx/toornoi/.venv/lib/python3.12/site-packages/django/core/handlers/exception.py", line 55, in inner
    response = get_response(request)
               ^^^^^^^^^^^^^^^^^^^^^
  File "/usr/share/nginx/toornoi/.venv/lib/python3.12/site-packages/django/utils/deprecation.py", line 128, in __call__
    response = self.process_request(request)
               ^^^^^^^^^^^^^^^^^^^^^^^^^^^^^
  File "/usr/share/nginx/toornoi/.venv/lib/python3.12/site-packages/django/middleware/common.py", line 48, in process_request
    host = request.get_host()
           ^^^^^^^^^^^^^^^^^^
  File "/usr/share/nginx/toornoi/.venv/lib/python3.12/site-packages/django/http/request.py", line 151, in get_host
    raise DisallowedHost(msg)
django.core.exceptions.DisallowedHost: Invalid HTTP_HOST header: '15.188.23.39'. You may need to add '15.188.23.39' to ALLOWED_HOSTS.
Bad Request: /.env
[12/Feb/2025 13:05:20] "GET /.env HTTP/1.1" 400 65169
Invalid HTTP_HOST header: 'api.scrmchampion.com'. You may need to add 'api.scrmchampion.com' to ALLOWED_HOSTS.
Traceback (most recent call last):
  File "/usr/share/nginx/toornoi/.venv/lib/python3.12/site-packages/django/core/handlers/exception.py", line 55, in inner
    response = get_response(request)
               ^^^^^^^^^^^^^^^^^^^^^
  File "/usr/share/nginx/toornoi/.venv/lib/python3.12/site-packages/django/utils/deprecation.py", line 128, in __call__
    response = self.process_request(request)
               ^^^^^^^^^^^^^^^^^^^^^^^^^^^^^
  File "/usr/share/nginx/toornoi/.venv/lib/python3.12/site-packages/django/middleware/common.py", line 48, in process_request
    host = request.get_host()
           ^^^^^^^^^^^^^^^^^^
  File "/usr/share/nginx/toornoi/.venv/lib/python3.12/site-packages/django/http/request.py", line 151, in get_host
    raise DisallowedHost(msg)
django.core.exceptions.DisallowedHost: Invalid HTTP_HOST header: 'api.scrmchampion.com'. You may need to add 'api.scrmchampion.com' to ALLOWED_HOSTS.
Bad Request: /helper/notification
[12/Feb/2025 13:11:19] "GET /helper/notification HTTP/1.1" 400 65434
Invalid HTTP_HOST header: '15.188.23.39'. You may need to add '15.188.23.39' to ALLOWED_HOSTS.
Traceback (most recent call last):
  File "/usr/share/nginx/toornoi/.venv/lib/python3.12/site-packages/django/core/handlers/exception.py", line 55, in inner
    response = get_response(request)
               ^^^^^^^^^^^^^^^^^^^^^
  File "/usr/share/nginx/toornoi/.venv/lib/python3.12/site-packages/django/utils/deprecation.py", line 128, in __call__
    response = self.process_request(request)
               ^^^^^^^^^^^^^^^^^^^^^^^^^^^^^
  File "/usr/share/nginx/toornoi/.venv/lib/python3.12/site-packages/django/middleware/common.py", line 48, in process_request
    host = request.get_host()
           ^^^^^^^^^^^^^^^^^^
  File "/usr/share/nginx/toornoi/.venv/lib/python3.12/site-packages/django/http/request.py", line 151, in get_host
    raise DisallowedHost(msg)
django.core.exceptions.DisallowedHost: Invalid HTTP_HOST header: '15.188.23.39'. You may need to add '15.188.23.39' to ALLOWED_HOSTS.
Bad Request: /autodiscover/autodiscover.json
[12/Feb/2025 13:48:44] "GET /autodiscover/autodiscover.json?@zdi/Powershell HTTP/1.1" 400 65778
Invalid HTTP_HOST header: '15.188.23.39'. You may need to add '15.188.23.39' to ALLOWED_HOSTS.
Traceback (most recent call last):
  File "/usr/share/nginx/toornoi/.venv/lib/python3.12/site-packages/django/core/handlers/exception.py", line 55, in inner
    response = get_response(request)
               ^^^^^^^^^^^^^^^^^^^^^
  File "/usr/share/nginx/toornoi/.venv/lib/python3.12/site-packages/django/utils/deprecation.py", line 128, in __call__
    response = self.process_request(request)
               ^^^^^^^^^^^^^^^^^^^^^^^^^^^^^
  File "/usr/share/nginx/toornoi/.venv/lib/python3.12/site-packages/django/middleware/common.py", line 48, in process_request
    host = request.get_host()
           ^^^^^^^^^^^^^^^^^^
  File "/usr/share/nginx/toornoi/.venv/lib/python3.12/site-packages/django/http/request.py", line 151, in get_host
    raise DisallowedHost(msg)
django.core.exceptions.DisallowedHost: Invalid HTTP_HOST header: '15.188.23.39'. You may need to add '15.188.23.39' to ALLOWED_HOSTS.
Bad Request: /
[12/Feb/2025 14:14:31] "GET / HTTP/1.1" 400 65361
Invalid HTTP_HOST header: 'scorpioncc.store'. You may need to add 'scorpioncc.store' to ALLOWED_HOSTS.
Traceback (most recent call last):
  File "/usr/share/nginx/toornoi/.venv/lib/python3.12/site-packages/django/core/handlers/exception.py", line 55, in inner
    response = get_response(request)
               ^^^^^^^^^^^^^^^^^^^^^
  File "/usr/share/nginx/toornoi/.venv/lib/python3.12/site-packages/django/utils/deprecation.py", line 128, in __call__
    response = self.process_request(request)
               ^^^^^^^^^^^^^^^^^^^^^^^^^^^^^
  File "/usr/share/nginx/toornoi/.venv/lib/python3.12/site-packages/django/middleware/common.py", line 48, in process_request
    host = request.get_host()
           ^^^^^^^^^^^^^^^^^^
  File "/usr/share/nginx/toornoi/.venv/lib/python3.12/site-packages/django/http/request.py", line 151, in get_host
    raise DisallowedHost(msg)
django.core.exceptions.DisallowedHost: Invalid HTTP_HOST header: 'scorpioncc.store'. You may need to add 'scorpioncc.store' to ALLOWED_HOSTS.
Bad Request: /login
[12/Feb/2025 14:15:06] "GET /login?redirect=/index HTTP/1.1" 400 65650
Invalid HTTP_HOST header: '15.188.23.39'. You may need to add '15.188.23.39' to ALLOWED_HOSTS.
Traceback (most recent call last):
  File "/usr/share/nginx/toornoi/.venv/lib/python3.12/site-packages/django/core/handlers/exception.py", line 55, in inner
    response = get_response(request)
               ^^^^^^^^^^^^^^^^^^^^^
  File "/usr/share/nginx/toornoi/.venv/lib/python3.12/site-packages/django/utils/deprecation.py", line 128, in __call__
    response = self.process_request(request)
               ^^^^^^^^^^^^^^^^^^^^^^^^^^^^^
  File "/usr/share/nginx/toornoi/.venv/lib/python3.12/site-packages/django/middleware/common.py", line 48, in process_request
    host = request.get_host()
           ^^^^^^^^^^^^^^^^^^
  File "/usr/share/nginx/toornoi/.venv/lib/python3.12/site-packages/django/http/request.py", line 151, in get_host
    raise DisallowedHost(msg)
django.core.exceptions.DisallowedHost: Invalid HTTP_HOST header: '15.188.23.39'. You may need to add '15.188.23.39' to ALLOWED_HOSTS.
Bad Request: /
[12/Feb/2025 16:08:46] "GET / HTTP/1.1" 400 65369
Invalid HTTP_HOST header: '15.188.23.39'. You may need to add '15.188.23.39' to ALLOWED_HOSTS.
Traceback (most recent call last):
  File "/usr/share/nginx/toornoi/.venv/lib/python3.12/site-packages/django/core/handlers/exception.py", line 55, in inner
    response = get_response(request)
               ^^^^^^^^^^^^^^^^^^^^^
  File "/usr/share/nginx/toornoi/.venv/lib/python3.12/site-packages/django/utils/deprecation.py", line 128, in __call__
    response = self.process_request(request)
               ^^^^^^^^^^^^^^^^^^^^^^^^^^^^^
  File "/usr/share/nginx/toornoi/.venv/lib/python3.12/site-packages/django/middleware/common.py", line 48, in process_request
    host = request.get_host()
           ^^^^^^^^^^^^^^^^^^
  File "/usr/share/nginx/toornoi/.venv/lib/python3.12/site-packages/django/http/request.py", line 151, in get_host
    raise DisallowedHost(msg)
django.core.exceptions.DisallowedHost: Invalid HTTP_HOST header: '15.188.23.39'. You may need to add '15.188.23.39' to ALLOWED_HOSTS.
Bad Request: /
[12/Feb/2025 16:42:00] "GET / HTTP/1.1" 400 64696
Invalid HTTP_HOST header: '15.188.23.39'. You may need to add '15.188.23.39' to ALLOWED_HOSTS.
Traceback (most recent call last):
  File "/usr/share/nginx/toornoi/.venv/lib/python3.12/site-packages/django/core/handlers/exception.py", line 55, in inner
    response = get_response(request)
               ^^^^^^^^^^^^^^^^^^^^^
  File "/usr/share/nginx/toornoi/.venv/lib/python3.12/site-packages/django/utils/deprecation.py", line 128, in __call__
    response = self.process_request(request)
               ^^^^^^^^^^^^^^^^^^^^^^^^^^^^^
  File "/usr/share/nginx/toornoi/.venv/lib/python3.12/site-packages/django/middleware/common.py", line 48, in process_request
    host = request.get_host()
           ^^^^^^^^^^^^^^^^^^
  File "/usr/share/nginx/toornoi/.venv/lib/python3.12/site-packages/django/http/request.py", line 151, in get_host
    raise DisallowedHost(msg)
django.core.exceptions.DisallowedHost: Invalid HTTP_HOST header: '15.188.23.39'. You may need to add '15.188.23.39' to ALLOWED_HOSTS.
Bad Request: /
[12/Feb/2025 16:42:05] "GET / HTTP/1.1" 400 65227
